start_date,year,cause,econ_loss,database
3/25/1990,1990,Climatological,0.024025599999999998,DesInventar
5/26/1990,1990,Climatological,0.012741,DesInventar
7/18/1990,1990,Climatological,0.0077933333329999995,DesInventar
12/6/1990,1990,Climatological,0.004247,DesInventar
5/29/1990,1990,Geophysical,1.217586333,DesInventar
6/9/1990,1990,Geophysical,0.008494,DesInventar
2/19/1990,1990,Hydrological,1277.816517,DesInventar
11/11/1990,1990,Hydrological,0.01977676667,DesInventar
12/24/1990,1990,Hydrological,0.001213333333,DesInventar
2/18/1990,1990,Meteorological,0.2457133333,DesInventar
3/19/1990,1990,Meteorological,0.003033333333,DesInventar
4/17/1990,1990,Meteorological,0.04388566667,DesInventar
10/16/1990,1990,Meteorological,0.01668333333,DesInventar
1/31/1991,1991,Climatological,0.50964,DesInventar
4/20/1991,1991,Climatological,0.203856,DesInventar
8/15/1991,1991,Climatological,0.941045,DesInventar
9/24/1991,1991,Climatological,0.14028,DesInventar
11/15/1991,1991,Climatological,1.01928,DesInventar
12/4/1991,1991,Climatological,44.724067590000004,DesInventar
4/4/1991,1991,Geophysical,261.189416,DesInventar
4/29/1991,1991,Geophysical,1.827322,DesInventar
1/30/1991,1991,Hydrological,28.2282,DesInventar
2/28/1991,1991,Hydrological,0.5682,DesInventar
3/9/1991,1991,Hydrological,0.75,DesInventar
3/12/1991,1991,Hydrological,1.22845,DesInventar
3/15/1991,1991,Hydrological,0.7014,DesInventar
3/23/1991,1991,Hydrological,1.11028,DesInventar
4/11/1991,1991,Hydrological,0.05845,DesInventar
5/24/1991,1991,Hydrological,0.062654,DesInventar
11/7/1991,1991,Hydrological,4.5,DesInventar
11/30/1991,1991,Hydrological,0.16123026370000001,DesInventar
12/4/1991,1991,Hydrological,4.5,DesInventar
1/31/1991,1991,Meteorological,0.369484,DesInventar
8/15/1991,1991,Meteorological,0.26997,DesInventar
10/1/1991,1991,Meteorological,1.622354,DesInventar
1992-07-01,1992,Climatological,1676.685,EM-DAT
7/3/1992,1992,Climatological,0.40845,DesInventar
9/12/1992,1992,Climatological,3.30473,DesInventar
9/30/1992,1992,Climatological,12.0407,DesInventar
2/12/1992,1992,Hydrological,3.8223,DesInventar
2/15/1992,1992,Hydrological,15.98585,DesInventar
2/20/1992,1992,Hydrological,0.121946,DesInventar
3/15/1992,1992,Hydrological,10.8942,DesInventar
3/20/1992,1992,Hydrological,1.554402,DesInventar
3/29/1992,1992,Hydrological,2.639,DesInventar
4/20/1992,1992,Hydrological,1.01928,DesInventar
12/31/1992,1992,Hydrological,0.02338,DesInventar
4/13/1992,1992,Meteorological,0.04247,DesInventar
1/2/1993,1993,Climatological,217.25688680000002,DesInventar
2/21/1993,1993,Climatological,5.507067,DesInventar
3/10/1993,1993,Climatological,0.00455,DesInventar
8/3/1993,1993,Climatological,1.8704,DesInventar
8/31/1993,1993,Climatological,0.778488,DesInventar
10/4/1993,1993,Climatological,0.3507,DesInventar
4/18/1993,1993,Geophysical,0.407891,DesInventar
10/28/1993,1993,Geophysical,0.050964,DesInventar
12/14/1993,1993,Geophysical,0.0455,DesInventar
1/5/1993,1993,Hydrological,1.8655,DesInventar
1/8/1993,1993,Hydrological,0.86034,DesInventar
1/21/1993,1993,Hydrological,2.25,DesInventar
1/28/1993,1993,Hydrological,4.630578,DesInventar
2/1/1993,1993,Hydrological,1.36998,DesInventar
2/5/1993,1993,Hydrological,0.427951,DesInventar
2/8/1993,1993,Hydrological,1.975464,DesInventar
2/11/1993,1993,Hydrological,23.479894,DesInventar
2/15/1993,1993,Hydrological,0.17157,DesInventar
2/28/1993,1993,Hydrological,47.4913,DesInventar
3/4/1993,1993,Hydrological,2.794316,DesInventar
3/8/1993,1993,Hydrological,0.015,DesInventar
3/11/1993,1993,Hydrological,1.7417,DesInventar
3/15/1993,1993,Hydrological,0.6552720819,DesInventar
3/18/1993,1993,Hydrological,83.50461,DesInventar
3/21/1993,1993,Hydrological,1.82,DesInventar
3/24/1993,1993,Hydrological,3.10077,DesInventar
3/27/1993,1993,Hydrological,2.05143,DesInventar
3/31/1993,1993,Hydrological,14.780211,DesInventar
4/5/1993,1993,Hydrological,0.04676,DesInventar
4/13/1993,1993,Hydrological,0.9352,DesInventar
4/20/1993,1993,Hydrological,1.369832,DesInventar
5/20/1993,1993,Hydrological,0.091,DesInventar
6/29/1993,1993,Hydrological,0.091,DesInventar
11/1/1993,1993,Hydrological,1.987337,DesInventar
11/12/1993,1993,Hydrological,0.455,DesInventar
11/16/1993,1993,Hydrological,0.2338,DesInventar
11/22/1993,1993,Hydrological,0.50964,DesInventar
12/1/1993,1993,Hydrological,0.0375,DesInventar
12/8/1993,1993,Hydrological,0.35491,DesInventar
12/11/1993,1993,Hydrological,0.840906,DesInventar
12/16/1993,1993,Hydrological,0.01125,DesInventar
12/24/1993,1993,Hydrological,0.91,DesInventar
12/30/1993,1993,Hydrological,270.98035,DesInventar
1/8/1993,1993,Meteorological,0.25482,DesInventar
1/15/1993,1993,Meteorological,0.25482,DesInventar
2/1/1993,1993,Meteorological,5.493184,DesInventar
9/2/1993,1993,Meteorological,2.406901,DesInventar
9/25/1993,1993,Meteorological,1.2741,DesInventar
10/26/1993,1993,Meteorological,0.02275,DesInventar
1/4/1994,1994,Climatological,0.025482,DesInventar
3/6/1994,1994,Climatological,0.04676,DesInventar
3/23/1994,1994,Climatological,0.815424,DesInventar
4/19/1994,1994,Climatological,0.1001,DesInventar
6/24/1994,1994,Climatological,8.05375,DesInventar
7/14/1994,1994,Climatological,0.443732,DesInventar
8/15/1994,1994,Climatological,2.036974,DesInventar
9/8/1994,1994,Climatological,0.56623,DesInventar
9/27/1994,1994,Climatological,1.070848707,DesInventar
10/21/1994,1994,Climatological,0.017535,DesInventar
11/20/1994,1994,Climatological,0.356748,DesInventar
12/15/1994,1994,Climatological,23.664852,DesInventar
1/26/1994,1994,Geophysical,0.04247,DesInventar
6/16/1994,1994,Geophysical,0.17291,DesInventar
11/26/1994,1994,Geophysical,0.42316,DesInventar
12/4/1994,1994,Geophysical,0.25025,DesInventar
1/4/1994,1994,Hydrological,2.51714,DesInventar
1/7/1994,1994,Hydrological,13.6935,DesInventar
1/11/1994,1994,Hydrological,3.820095,DesInventar
1/14/1994,1994,Hydrological,0.201207,DesInventar
1/18/1994,1994,Hydrological,1.648423,DesInventar
1/24/1994,1994,Hydrological,0.50127,DesInventar
1/29/1994,1994,Hydrological,3.067616,DesInventar
2/1/1994,1994,Hydrological,127.214559,DesInventar
2/4/1994,1994,Hydrological,1.113012,DesInventar
2/7/1994,1994,Hydrological,20.860072,DesInventar
2/10/1994,1994,Hydrological,15.76767158,DesInventar
2/13/1994,1994,Hydrological,3.830033,DesInventar
2/16/1994,1994,Hydrological,2.96588,DesInventar
2/19/1994,1994,Hydrological,76.007711,DesInventar
2/22/1994,1994,Hydrological,7.355504,DesInventar
2/27/1994,1994,Hydrological,4.256498,DesInventar
3/2/1994,1994,Hydrological,27.359796,DesInventar
3/6/1994,1994,Hydrological,16.15448,DesInventar
3/9/1994,1994,Hydrological,3.384244,DesInventar
3/12/1994,1994,Hydrological,1.278366,DesInventar
3/15/1994,1994,Hydrological,1.54415,DesInventar
3/18/1994,1994,Hydrological,43.982513,DesInventar
3/21/1994,1994,Hydrological,6.91279,DesInventar
3/26/1994,1994,Hydrological,0.73577,DesInventar
3/30/1994,1994,Hydrological,1.740126,DesInventar
4/2/1994,1994,Hydrological,1.99652,DesInventar
4/5/1994,1994,Hydrological,3.768753,DesInventar
4/8/1994,1994,Hydrological,11.652104,DesInventar
4/11/1994,1994,Hydrological,1.829826,DesInventar
4/14/1994,1994,Hydrological,0.202307,DesInventar
4/18/1994,1994,Hydrological,0.895056,DesInventar
4/24/1994,1994,Hydrological,1.169,DesInventar
4/28/1994,1994,Hydrological,0.449896,DesInventar
5/2/1994,1994,Hydrological,3.496515,DesInventar
5/7/1994,1994,Hydrological,0.14028,DesInventar
5/12/1994,1994,Hydrological,1.911,DesInventar
5/17/1994,1994,Hydrological,2.1841,DesInventar
5/20/1994,1994,Hydrological,0.455,DesInventar
6/20/1994,1994,Hydrological,65.464,DesInventar
6/24/1994,1994,Hydrological,0.0273,DesInventar
7/2/1994,1994,Hydrological,47.24318354,DesInventar
7/5/1994,1994,Hydrological,3.75,DesInventar
7/31/1994,1994,Hydrological,3.01446,DesInventar
8/6/1994,1994,Hydrological,0.1365,DesInventar
9/22/1994,1994,Hydrological,0.0182,DesInventar
10/9/1994,1994,Hydrological,2.25,DesInventar
10/18/1994,1994,Hydrological,0.06825,DesInventar
11/1/1994,1994,Hydrological,4.820733014000001,DesInventar
11/4/1994,1994,Hydrological,0.546,DesInventar
11/18/1994,1994,Hydrological,0.04247,DesInventar
11/22/1994,1994,Hydrological,1.592179,DesInventar
11/25/1994,1994,Hydrological,4.745587,DesInventar
12/5/1994,1994,Hydrological,1.152634,DesInventar
12/20/1994,1994,Hydrological,0.02338,DesInventar
12/24/1994,1994,Hydrological,0.225,DesInventar
2/5/1994,1994,Meteorological,0.401016,DesInventar
6/9/1994,1994,Meteorological,0.687706,DesInventar
7/12/1994,1994,Meteorological,0.0546,DesInventar
7/19/1994,1994,Meteorological,0.04247,DesInventar
9/10/1994,1994,Meteorological,1.512939,DesInventar
9/22/1994,1994,Meteorological,5.057644,DesInventar
10/7/1994,1994,Meteorological,0.193842,DesInventar
10/13/1994,1994,Meteorological,0.527214,DesInventar
10/20/1994,1994,Meteorological,0.53235,DesInventar
11/2/1994,1994,Meteorological,0.1456,DesInventar
11/18/1994,1994,Meteorological,0.12741,DesInventar
12/21/1994,1994,Meteorological,0.91,DesInventar
1/4/1995,1995,Climatological,2.07296066,DesInventar
1/20/1995,1995,Climatological,27.40674148,DesInventar
2/10/1995,1995,Climatological,0.42695,DesInventar
3/1/1995,1995,Climatological,0.71292,DesInventar
3/18/1995,1995,Climatological,1.10969,DesInventar
4/8/1995,1995,Climatological,2.1938964019999996,DesInventar
5/2/1995,1995,Climatological,0.975789,DesInventar
5/24/1995,1995,Climatological,0.590636,DesInventar
6/12/1995,1995,Climatological,2.522718,DesInventar
6/28/1995,1995,Climatological,0.296148,DesInventar
7/14/1995,1995,Climatological,0.280302,DesInventar
8/1/1995,1995,Climatological,2.213444,DesInventar
8/17/1995,1995,Climatological,1.808756,DesInventar
9/3/1995,1995,Climatological,5.71834,DesInventar
9/20/1995,1995,Climatological,0.203856,DesInventar
10/6/1995,1995,Climatological,1.360514,DesInventar
10/23/1995,1995,Climatological,0.658444,DesInventar
11/11/1995,1995,Climatological,0.052133,DesInventar
12/4/1995,1995,Climatological,0.242988,DesInventar
12/30/1995,1995,Climatological,15.715146,DesInventar
6/21/1995,1995,Geophysical,0.13196,DesInventar
7/31/1995,1995,Geophysical,0.00455,DesInventar
10/1/1995,1995,Geophysical,8.49059,DesInventar
11/12/1995,1995,Geophysical,0.25482,DesInventar
1/1/1995,1995,Hydrological,0.197859,DesInventar
1/4/1995,1995,Hydrological,0.652508,DesInventar
1/7/1995,1995,Hydrological,1.92014,DesInventar
1/12/1995,1995,Hydrological,5.301714,DesInventar
1/16/1995,1995,Hydrological,0.699728,DesInventar
1/19/1995,1995,Hydrological,0.0546,DesInventar
1/22/1995,1995,Hydrological,0.07924,DesInventar
1/25/1995,1995,Hydrological,1.105713,DesInventar
2/1/1995,1995,Hydrological,0.212946,DesInventar
2/5/1995,1995,Hydrological,0.310334,DesInventar
2/15/1995,1995,Hydrological,0.048232,DesInventar
2/20/1995,1995,Hydrological,1.480216,DesInventar
3/2/1995,1995,Hydrological,7.196499,DesInventar
3/7/1995,1995,Hydrological,0.12741,DesInventar
3/10/1995,1995,Hydrological,0.563946,DesInventar
3/13/1995,1995,Hydrological,9.241897,DesInventar
3/18/1995,1995,Hydrological,5.862644,DesInventar
3/22/1995,1995,Hydrological,0.49596,DesInventar
3/27/1995,1995,Hydrological,0.675268,DesInventar
3/30/1995,1995,Hydrological,0.385582,DesInventar
4/4/1995,1995,Hydrological,0.01365,DesInventar
4/7/1995,1995,Hydrological,0.0015197000000000001,DesInventar
4/11/1995,1995,Hydrological,1.632357,DesInventar
4/15/1995,1995,Hydrological,0.19488,DesInventar
4/24/1995,1995,Hydrological,0.091,DesInventar
5/1/1995,1995,Hydrological,0.166542,DesInventar
5/11/1995,1995,Hydrological,0.3185,DesInventar
5/17/1995,1995,Hydrological,0.020585508040000002,DesInventar
7/3/1995,1995,Hydrological,0.221166,DesInventar
7/12/1995,1995,Hydrological,1.265705,DesInventar
7/15/1995,1995,Hydrological,0.01169,DesInventar
8/14/1995,1995,Hydrological,0.050964,DesInventar
9/9/1995,1995,Hydrological,0.38223,DesInventar
9/30/1995,1995,Hydrological,0.50015,DesInventar
10/26/1995,1995,Hydrological,0.42773,DesInventar
10/30/1995,1995,Hydrological,0.06,DesInventar
12/26/1995,1995,Hydrological,0.15,DesInventar
1/11/1995,1995,Meteorological,3.246892,DesInventar
2/4/1995,1995,Meteorological,1.30399,DesInventar
2/21/1995,1995,Meteorological,0.008234203217,DesInventar
3/14/1995,1995,Meteorological,0.04247,DesInventar
3/28/1995,1995,Meteorological,6.53757,DesInventar
4/9/1995,1995,Meteorological,0.12741,DesInventar
4/15/1995,1995,Meteorological,0.75925,DesInventar
7/15/1995,1995,Meteorological,0.13651,DesInventar
8/13/1995,1995,Meteorological,1.09136,DesInventar
8/20/1995,1995,Meteorological,1.2741,DesInventar
8/26/1995,1995,Meteorological,1.376624,DesInventar
9/3/1995,1995,Meteorological,9.901304,DesInventar
9/20/1995,1995,Meteorological,1.25741,DesInventar
10/7/1995,1995,Meteorological,6.278716,DesInventar
10/13/1995,1995,Meteorological,0.273,DesInventar
10/19/1995,1995,Meteorological,1.227568,DesInventar
11/3/1995,1995,Meteorological,5.965832,DesInventar
11/26/1995,1995,Meteorological,2.03856,DesInventar
12/13/1995,1995,Meteorological,1.68354,DesInventar
1/17/1996,1996,Climatological,0.142843,DesInventar
2/4/1996,1996,Climatological,1.819196,DesInventar
2/26/1996,1996,Climatological,4.251499,DesInventar
3/15/1996,1996,Climatological,3.87223,DesInventar
4/21/1996,1996,Climatological,0.38223,DesInventar
5/22/1996,1996,Climatological,3.185042,DesInventar
6/8/1996,1996,Climatological,0.11128,DesInventar
6/24/1996,1996,Climatological,0.241028,DesInventar
7/10/1996,1996,Climatological,0.73057,DesInventar
7/31/1996,1996,Climatological,0.746464,DesInventar
8/17/1996,1996,Climatological,1.048208,DesInventar
9/4/1996,1996,Climatological,0.560604,DesInventar
9/21/1996,1996,Climatological,0.072242,DesInventar
10/9/1996,1996,Climatological,0.889052,DesInventar
11/4/1996,1996,Climatological,6.057928,DesInventar
11/21/1996,1996,Climatological,0.293952,DesInventar
12/13/1996,1996,Climatological,0.025482,DesInventar
12/30/1996,1996,Climatological,2.9998932099999998,DesInventar
1/2/1996,1996,Geophysical,0.2275,DesInventar
1/20/1996,1996,Geophysical,0.19566,DesInventar
3/15/1996,1996,Geophysical,0.288796,DesInventar
11/12/1996,1996,Geophysical,169.862602,DesInventar
1/4/1996,1996,Hydrological,0.53302,DesInventar
1/10/1996,1996,Hydrological,1.64986,DesInventar
1/13/1996,1996,Hydrological,2.52673,DesInventar
1/16/1996,1996,Hydrological,8.218555,DesInventar
1/20/1996,1996,Hydrological,0.670018,DesInventar
1/26/1996,1996,Hydrological,6.10177,DesInventar
1/30/1996,1996,Hydrological,23.108329,DesInventar
2/3/1996,1996,Hydrological,0.68216,DesInventar
2/8/1996,1996,Hydrological,0.459348,DesInventar
2/11/1996,1996,Hydrological,2.67346,DesInventar
2/15/1996,1996,Hydrological,3.446413,DesInventar
2/18/1996,1996,Hydrological,3.433373,DesInventar
2/21/1996,1996,Hydrological,0.85137,DesInventar
2/28/1996,1996,Hydrological,1.851646,DesInventar
3/5/1996,1996,Hydrological,0.524837,DesInventar
3/8/1996,1996,Hydrological,3.933622,DesInventar
3/12/1996,1996,Hydrological,0.161078,DesInventar
3/15/1996,1996,Hydrological,7.413755,DesInventar
3/18/1996,1996,Hydrological,0.125689,DesInventar
3/23/1996,1996,Hydrological,0.392546,DesInventar
3/30/1996,1996,Hydrological,2.480232,DesInventar
4/2/1996,1996,Hydrological,0.0525,DesInventar
4/5/1996,1996,Hydrological,0.05845,DesInventar
4/9/1996,1996,Hydrological,3.75,DesInventar
4/14/1996,1996,Hydrological,0.02275,DesInventar
4/19/1996,1996,Hydrological,2.596586,DesInventar
4/26/1996,1996,Hydrological,5.165163,DesInventar
4/29/1996,1996,Hydrological,0.69615,DesInventar
5/6/1996,1996,Hydrological,0.89635,DesInventar
5/14/1996,1996,Hydrological,0.03185,DesInventar
5/20/1996,1996,Hydrological,0.615538,DesInventar
5/26/1996,1996,Hydrological,1.204867,DesInventar
6/6/1996,1996,Hydrological,0.091,DesInventar
6/12/1996,1996,Hydrological,0.375,DesInventar
6/25/1996,1996,Hydrological,2.21725,DesInventar
6/30/1996,1996,Hydrological,0.05915,DesInventar
7/8/1996,1996,Hydrological,0.052782,DesInventar
7/12/1996,1996,Hydrological,0.399765,DesInventar
7/21/1996,1996,Hydrological,0.1365,DesInventar
8/4/1996,1996,Hydrological,0.0182,DesInventar
8/10/1996,1996,Hydrological,0.01365,DesInventar
8/20/1996,1996,Hydrological,0.025482,DesInventar
8/26/1996,1996,Hydrological,0.02275,DesInventar
8/31/1996,1996,Hydrological,0.09352,DesInventar
9/26/1996,1996,Hydrological,0.273,DesInventar
10/12/1996,1996,Hydrological,1.426059,DesInventar
10/17/1996,1996,Hydrological,17.4655,DesInventar
11/1/1996,1996,Hydrological,0.142213,DesInventar
11/4/1996,1996,Hydrological,0.17897,DesInventar
11/17/1996,1996,Hydrological,0.25482,DesInventar
12/10/1996,1996,Hydrological,1.348784,DesInventar
12/19/1996,1996,Hydrological,0.025482,DesInventar
1/16/1996,1996,Meteorological,2.107964,DesInventar
1/22/1996,1996,Meteorological,0.076446,DesInventar
2/3/1996,1996,Meteorological,1.859668,DesInventar
2/22/1996,1996,Meteorological,0.17535,DesInventar
3/3/1996,1996,Meteorological,0.08967,DesInventar
3/9/1996,1996,Meteorological,2.458615,DesInventar
3/25/1996,1996,Meteorological,1.4833,DesInventar
7/19/1996,1996,Meteorological,1.805246,DesInventar
8/13/1996,1996,Meteorological,1.04348,DesInventar
8/30/1996,1996,Meteorological,0.201422,DesInventar
9/6/1996,1996,Meteorological,1.56523,DesInventar
9/18/1996,1996,Meteorological,0.2275,DesInventar
10/2/1996,1996,Meteorological,0.66638,DesInventar
10/9/1996,1996,Meteorological,0.158952,DesInventar
10/20/1996,1996,Meteorological,0.0637,DesInventar
11/8/1996,1996,Meteorological,0.06522,DesInventar
11/14/1996,1996,Meteorological,0.2884,DesInventar
12/3/1996,1996,Meteorological,0.02275,DesInventar
1997-12-24,1997,Climatological,23.451,EM-DAT
2/1/1997,1997,Climatological,0.820638,DesInventar
4/16/1997,1997,Climatological,0.3507,DesInventar
5/2/1997,1997,Climatological,3.2732,DesInventar
9/7/1997,1997,Climatological,42.6685,DesInventar
10/15/1997,1997,Climatological,35.1869,DesInventar
12/13/1997,1997,Climatological,2.9998932099999998,DesInventar
4/1/1997,1997,Geophysical,0.04247,DesInventar
10/28/1997,1997,Geophysical,0.20466,DesInventar
1/16/1997,1997,Hydrological,0.178772,DesInventar
1/19/1997,1997,Hydrological,17.45363,DesInventar
1/26/1997,1997,Hydrological,0.036652,DesInventar
2/1/1997,1997,Hydrological,3.691152,DesInventar
2/6/1997,1997,Hydrological,0.70588,DesInventar
2/10/1997,1997,Hydrological,0.1125,DesInventar
2/13/1997,1997,Hydrological,1.109754,DesInventar
2/16/1997,1997,Hydrological,33.472417,DesInventar
2/19/1997,1997,Hydrological,14.418713,DesInventar
2/23/1997,1997,Hydrological,34.106662,DesInventar
2/27/1997,1997,Hydrological,2.923477,DesInventar
3/2/1997,1997,Hydrological,0.436356,DesInventar
3/6/1997,1997,Hydrological,0.627377,DesInventar
3/9/1997,1997,Hydrological,3.397716,DesInventar
3/12/1997,1997,Hydrological,1.93453,DesInventar
3/15/1997,1997,Hydrological,117.235644,DesInventar
3/20/1997,1997,Hydrological,2.658812,DesInventar
4/6/1997,1997,Hydrological,2.9998932099999998,DesInventar
4/9/1997,1997,Hydrological,0.0091,DesInventar
4/20/1997,1997,Hydrological,0.470796,DesInventar
5/3/1997,1997,Hydrological,0.273,DesInventar
7/7/1997,1997,Hydrological,0.1365,DesInventar
7/15/1997,1997,Hydrological,0.148688,DesInventar
7/31/1997,1997,Hydrological,0.045,DesInventar
9/15/1997,1997,Hydrological,1.7535,DesInventar
9/21/1997,1997,Hydrological,4.577181,DesInventar
9/27/1997,1997,Hydrological,0.203121,DesInventar
10/15/1997,1997,Hydrological,0.144,DesInventar
10/23/1997,1997,Hydrological,1.365,DesInventar
11/1/1997,1997,Hydrological,0.025482,DesInventar
11/5/1997,1997,Hydrological,0.027181,DesInventar
11/11/1997,1997,Hydrological,1.031408,DesInventar
11/14/1997,1997,Hydrological,0.052605,DesInventar
12/3/1997,1997,Hydrological,0.152892,DesInventar
12/8/1997,1997,Hydrological,0.65524,DesInventar
12/11/1997,1997,Hydrological,1.009158,DesInventar
12/14/1997,1997,Hydrological,5.85805,DesInventar
12/17/1997,1997,Hydrological,4.994376,DesInventar
12/21/1997,1997,Hydrological,0.48268,DesInventar
12/24/1997,1997,Hydrological,2.98899,DesInventar
12/27/1997,1997,Hydrological,7.342333,DesInventar
12/31/1997,1997,Hydrological,2.769654,DesInventar
4/1/1997,1997,Meteorological,0.00455,DesInventar
9/7/1997,1997,Meteorological,2.745061,DesInventar
9/20/1997,1997,Meteorological,0.04247,DesInventar
10/5/1997,1997,Meteorological,0.8084,DesInventar
10/13/1997,1997,Meteorological,1.36235,DesInventar
11/12/1997,1997,Meteorological,0.430621,DesInventar
1/1/1998,1998,Climatological,0.00455,DesInventar
1/21/1998,1998,Climatological,0.274169,DesInventar
2/10/1998,1998,Climatological,0.16269,DesInventar
3/27/1998,1998,Climatological,0.025482,DesInventar
7/15/1998,1998,Climatological,0.01169,DesInventar
7/31/1998,1998,Climatological,4.050805137999999,DesInventar
8/17/1998,1998,Climatological,4.701482,DesInventar
9/9/1998,1998,Climatological,0.0091,DesInventar
9/26/1998,1998,Climatological,23.38,DesInventar
11/1/1998,1998,Climatological,9.671379,DesInventar
12/2/1998,1998,Climatological,0.03507,DesInventar
12/23/1998,1998,Climatological,5.254260716,DesInventar
4/12/1998,1998,Geophysical,0.351274,DesInventar
1/4/1998,1998,Hydrological,1.31355,DesInventar
1/8/1998,1998,Hydrological,3.851985,DesInventar
1/13/1998,1998,Hydrological,61.64151553,DesInventar
1/18/1998,1998,Hydrological,11.2496,DesInventar
1/21/1998,1998,Hydrological,42.584,DesInventar
1/24/1998,1998,Hydrological,5.673,DesInventar
1/27/1998,1998,Hydrological,291.45009,DesInventar
1/31/1998,1998,Hydrological,4.53917,DesInventar
2/3/1998,1998,Hydrological,11.74804,DesInventar
2/6/1998,1998,Hydrological,13.38686,DesInventar
2/9/1998,1998,Hydrological,107.147733,DesInventar
2/12/1998,1998,Hydrological,32.136582,DesInventar
2/16/1998,1998,Hydrological,7.2151,DesInventar
2/19/1998,1998,Hydrological,2.12548,DesInventar
2/22/1998,1998,Hydrological,2.95465,DesInventar
2/25/1998,1998,Hydrological,37.275038,DesInventar
2/28/1998,1998,Hydrological,10.521,DesInventar
3/3/1998,1998,Hydrological,0.29225,DesInventar
3/10/1998,1998,Hydrological,6.810797,DesInventar
3/15/1998,1998,Hydrological,1.672192,DesInventar
3/18/1998,1998,Hydrological,2.091932,DesInventar
3/21/1998,1998,Hydrological,1.8704,DesInventar
3/24/1998,1998,Hydrological,2.34542,DesInventar
3/28/1998,1998,Hydrological,0.55207,DesInventar
4/1/1998,1998,Hydrological,86.74746283,DesInventar
4/5/1998,1998,Hydrological,5.5523,DesInventar
4/9/1998,1998,Hydrological,0.880942,DesInventar
4/13/1998,1998,Hydrological,8.6035,DesInventar
4/16/1998,1998,Hydrological,3.038,DesInventar
4/19/1998,1998,Hydrological,1.47294,DesInventar
4/30/1998,1998,Hydrological,34.4757,DesInventar
5/5/1998,1998,Hydrological,2.44917,DesInventar
5/13/1998,1998,Hydrological,0.04247,DesInventar
5/17/1998,1998,Hydrological,0.06,DesInventar
5/30/1998,1998,Hydrological,10.19272,DesInventar
6/20/1998,1998,Hydrological,0.02886559481,DesInventar
7/23/1998,1998,Hydrological,0.562412,DesInventar
10/21/1998,1998,Hydrological,0.90096,DesInventar
10/31/1998,1998,Hydrological,0.0455,DesInventar
11/8/1998,1998,Hydrological,0.55207,DesInventar
12/20/1998,1998,Hydrological,0.225,DesInventar
1/4/1998,1998,Meteorological,0.868931,DesInventar
1/12/1998,1998,Meteorological,0.455,DesInventar
2/28/1998,1998,Meteorological,0.05845,DesInventar
3/20/1998,1998,Meteorological,0.00455,DesInventar
9/21/1998,1998,Meteorological,0.02275,DesInventar
10/13/1998,1998,Meteorological,0.091,DesInventar
10/28/1998,1998,Meteorological,2.5482,DesInventar
11/13/1998,1998,Meteorological,0.025482,DesInventar
8/1/1999,1999,Climatological,22.4212,DesInventar
9/1/1999,1999,Climatological,1.224414,DesInventar
10/1/1999,1999,Climatological,6.09982,DesInventar
11/1/1999,1999,Climatological,0.3507,DesInventar
12/15/1999,1999,Climatological,35.07,DesInventar
4/3/1999,1999,Geophysical,0.152882,DesInventar
10/1/1999,1999,Geophysical,2.51174,DesInventar
11/1/1999,1999,Geophysical,1.52892,DesInventar
1/1/1999,1999,Hydrological,2.144114,DesInventar
1/7/1999,1999,Hydrological,0.76446,DesInventar
1/20/1999,1999,Hydrological,22.5,DesInventar
1/25/1999,1999,Hydrological,0.225,DesInventar
1/31/1999,1999,Hydrological,121.589047,DesInventar
2/11/1999,1999,Hydrological,1.594888,DesInventar
2/15/1999,1999,Hydrological,0.535122,DesInventar
2/19/1999,1999,Hydrological,0.424715,DesInventar
2/22/1999,1999,Hydrological,14.218743,DesInventar
3/1/1999,1999,Hydrological,5.003895,DesInventar
4/1/1999,1999,Hydrological,0.075,DesInventar
5/1/1999,1999,Hydrological,11.606748,DesInventar
6/1/1999,1999,Hydrological,0.1936973564,DesInventar
11/7/1999,1999,Hydrological,0.76446,DesInventar
12/11/1999,1999,Hydrological,2.63314,DesInventar
9/1/1999,1999,Meteorological,0.24419,DesInventar
9/23/1999,1999,Meteorological,0.5096,DesInventar
10/24/1999,1999,Meteorological,2.5482,DesInventar
12/17/1999,1999,Meteorological,0.028,DesInventar
2/2/2000,2000,Climatological,0.08638,DesInventar
3/4/2000,2000,Climatological,0.01879070116,DesInventar
4/9/2000,2000,Climatological,0.025482,DesInventar
5/7/2000,2000,Climatological,0.025482,DesInventar
5/31/2000,2000,Climatological,0.12741,DesInventar
6/29/2000,2000,Climatological,0.25482,DesInventar
7/26/2000,2000,Climatological,0.25482,DesInventar
8/12/2000,2000,Climatological,4.443974,DesInventar
10/1/2000,2000,Climatological,0.03507,DesInventar
10/23/2000,2000,Climatological,0.660485,DesInventar
11/8/2000,2000,Climatological,57.637355,DesInventar
12/15/2000,2000,Climatological,1.097544,DesInventar
5/22/2000,2000,Geophysical,0.17443,DesInventar
6/3/2000,2000,Geophysical,0.12741,DesInventar
7/13/2000,2000,Geophysical,0.549666,DesInventar
1/1/2000,2000,Hydrological,0.0455,DesInventar
1/7/2000,2000,Hydrological,82.54676,DesInventar
1/10/2000,2000,Hydrological,0.091,DesInventar
1/25/2000,2000,Hydrological,78.75,DesInventar
1/28/2000,2000,Hydrological,1.80724,DesInventar
1/31/2000,2000,Hydrological,33.39301,DesInventar
2/3/2000,2000,Hydrological,3.34603,DesInventar
2/8/2000,2000,Hydrological,1.791604,DesInventar
2/15/2000,2000,Hydrological,1.12846,DesInventar
2/23/2000,2000,Hydrological,0.91003,DesInventar
2/27/2000,2000,Hydrological,3.932152,DesInventar
3/1/2000,2000,Hydrological,0.626122,DesInventar
3/5/2000,2000,Hydrological,2.079,DesInventar
3/9/2000,2000,Hydrological,0.63705,DesInventar
3/14/2000,2000,Hydrological,0.101928,DesInventar
4/4/2000,2000,Hydrological,0.178374,DesInventar
4/12/2000,2000,Hydrological,0.15197,DesInventar
4/20/2000,2000,Hydrological,0.076446,DesInventar
4/26/2000,2000,Hydrological,12.0407,DesInventar
5/9/2000,2000,Hydrological,1.69505,DesInventar
6/6/2000,2000,Hydrological,0.0546,DesInventar
7/16/2000,2000,Hydrological,0.075,DesInventar
7/20/2000,2000,Hydrological,3.75,DesInventar
7/24/2000,2000,Hydrological,0.15,DesInventar
8/5/2000,2000,Hydrological,0.091,DesInventar
10/28/2000,2000,Hydrological,1.70953,DesInventar
11/5/2000,2000,Hydrological,0.04247,DesInventar
11/25/2000,2000,Hydrological,0.888651,DesInventar
11/28/2000,2000,Hydrological,0.067952,DesInventar
12/12/2000,2000,Hydrological,0.33976,DesInventar
12/17/2000,2000,Hydrological,0.1001,DesInventar
1/11/2000,2000,Meteorological,0.091,DesInventar
11/7/2000,2000,Meteorological,0.08494,DesInventar
1/1/2001,2001,Climatological,0.101928,DesInventar
1/23/2001,2001,Climatological,1.379526,DesInventar
2/15/2001,2001,Climatological,0.484158,DesInventar
3/5/2001,2001,Climatological,0.12741,DesInventar
3/22/2001,2001,Climatological,0.050964,DesInventar
4/10/2001,2001,Climatological,0.076446,DesInventar
5/4/2001,2001,Climatological,0.1771586031,DesInventar
6/7/2001,2001,Climatological,0.025482,DesInventar
7/1/2001,2001,Climatological,0.195322,DesInventar
7/18/2001,2001,Climatological,0.064614,DesInventar
8/10/2001,2001,Climatological,0.378302,DesInventar
8/26/2001,2001,Climatological,0.5656,DesInventar
9/13/2001,2001,Climatological,0.305784,DesInventar
10/3/2001,2001,Climatological,0.076446,DesInventar
10/19/2001,2001,Climatological,0.076446,DesInventar
11/8/2001,2001,Climatological,0.15016,DesInventar
11/27/2001,2001,Climatological,0.976928,DesInventar
12/15/2001,2001,Climatological,4.241565,DesInventar
2/21/2001,2001,Geophysical,0.348254,DesInventar
6/23/2001,2001,Geophysical,1737.142623,DesInventar
8/8/2001,2001,Geophysical,9.942957,DesInventar
12/4/2001,2001,Geophysical,0.76446,DesInventar
1/1/2001,2001,Hydrological,9.516808,DesInventar
1/7/2001,2001,Hydrological,2.297117,DesInventar
1/11/2001,2001,Hydrological,5.2693,DesInventar
1/19/2001,2001,Hydrological,0.661598,DesInventar
1/24/2001,2001,Hydrological,1.60464,DesInventar
1/28/2001,2001,Hydrological,0.284652,DesInventar
1/31/2001,2001,Hydrological,2.862276,DesInventar
2/6/2001,2001,Hydrological,0.17594,DesInventar
2/10/2001,2001,Hydrological,0.6951,DesInventar
2/13/2001,2001,Hydrological,0.897252,DesInventar
2/16/2001,2001,Hydrological,0.97829,DesInventar
2/19/2001,2001,Hydrological,0.3367,DesInventar
2/23/2001,2001,Hydrological,2.099806,DesInventar
2/26/2001,2001,Hydrological,5.227212,DesInventar
3/1/2001,2001,Hydrological,2.542428,DesInventar
3/5/2001,2001,Hydrological,0.450152,DesInventar
3/8/2001,2001,Hydrological,0.815424,DesInventar
3/12/2001,2001,Hydrological,1.62445,DesInventar
3/15/2001,2001,Hydrological,16.49764,DesInventar
3/18/2001,2001,Hydrological,49.477999,DesInventar
3/21/2001,2001,Hydrological,0.69432,DesInventar
3/24/2001,2001,Hydrological,1.527811,DesInventar
3/27/2001,2001,Hydrological,0.0273,DesInventar
4/1/2001,2001,Hydrological,1.263104,DesInventar
4/4/2001,2001,Hydrological,0.666791,DesInventar
4/18/2001,2001,Hydrological,0.0273,DesInventar
5/5/2001,2001,Hydrological,1.1375,DesInventar
5/21/2001,2001,Hydrological,0.12741,DesInventar
5/31/2001,2001,Hydrological,35.07,DesInventar
6/5/2001,2001,Hydrological,0.076446,DesInventar
6/8/2001,2001,Hydrological,0.286105,DesInventar
6/11/2001,2001,Hydrological,15.189292,DesInventar
6/15/2001,2001,Hydrological,0.3248,DesInventar
7/3/2001,2001,Hydrological,1.01928,DesInventar
7/20/2001,2001,Hydrological,0.16835,DesInventar
8/3/2001,2001,Hydrological,0.0364,DesInventar
8/13/2001,2001,Hydrological,0.0273,DesInventar
9/3/2001,2001,Hydrological,0.0182,DesInventar
10/8/2001,2001,Hydrological,0.0091,DesInventar
10/15/2001,2001,Hydrological,0.091914,DesInventar
10/28/2001,2001,Hydrological,0.10269,DesInventar
11/14/2001,2001,Hydrological,0.226689,DesInventar
11/17/2001,2001,Hydrological,0.08747,DesInventar
11/29/2001,2001,Hydrological,0.505964,DesInventar
12/3/2001,2001,Hydrological,1.008332,DesInventar
12/8/2001,2001,Hydrological,0.0091,DesInventar
12/11/2001,2001,Hydrological,0.195121,DesInventar
12/15/2001,2001,Hydrological,0.222046,DesInventar
12/24/2001,2001,Hydrological,18.266146,DesInventar
12/27/2001,2001,Hydrological,8.281391,DesInventar
1/1/2001,2001,Meteorological,0.1092,DesInventar
1/8/2001,2001,Meteorological,0.505964,DesInventar
1/26/2001,2001,Meteorological,0.1092,DesInventar
2/19/2001,2001,Meteorological,0.0273,DesInventar
2/28/2001,2001,Meteorological,2.21291,DesInventar
3/6/2001,2001,Meteorological,0.94895,DesInventar
3/25/2001,2001,Meteorological,0.364,DesInventar
5/11/2001,2001,Meteorological,0.23206,DesInventar
5/21/2001,2001,Meteorological,0.034582,DesInventar
6/7/2001,2001,Meteorological,0.030933,DesInventar
6/13/2001,2001,Meteorological,0.04095,DesInventar
6/26/2001,2001,Meteorological,1.843644,DesInventar
7/3/2001,2001,Meteorological,0.41277,DesInventar
8/8/2001,2001,Meteorological,0.13347,DesInventar
9/4/2001,2001,Meteorological,0.09859,DesInventar
9/24/2001,2001,Meteorological,0.04095,DesInventar
10/8/2001,2001,Meteorological,0.32154,DesInventar
10/14/2001,2001,Meteorological,0.25025,DesInventar
10/26/2001,2001,Meteorological,1.54256,DesInventar
11/3/2001,2001,Meteorological,0.8918,DesInventar
11/14/2001,2001,Meteorological,0.06825,DesInventar
11/29/2001,2001,Meteorological,2.07463,DesInventar
12/9/2001,2001,Meteorological,0.305774,DesInventar
12/21/2001,2001,Meteorological,0.545001,DesInventar
12/27/2001,2001,Meteorological,1.035507,DesInventar
1/6/2002,2002,Climatological,16.314312,DesInventar
1/30/2002,2002,Climatological,0.404777,DesInventar
2/17/2002,2002,Climatological,0.776339,DesInventar
3/11/2002,2002,Climatological,0.1638,DesInventar
4/26/2002,2002,Climatological,0.1743926801,DesInventar
5/17/2002,2002,Climatological,1.58696595,DesInventar
6/7/2002,2002,Climatological,219.62086,DesInventar
7/4/2002,2002,Climatological,0.152892,DesInventar
7/20/2002,2002,Climatological,0.25937,DesInventar
8/22/2002,2002,Climatological,0.064614,DesInventar
9/11/2002,2002,Climatological,5.121882,DesInventar
9/29/2002,2002,Climatological,0.232442,DesInventar
10/16/2002,2002,Climatological,0.64055,DesInventar
11/7/2002,2002,Climatological,0.76446,DesInventar
11/23/2002,2002,Climatological,0.043017,DesInventar
12/12/2002,2002,Climatological,0.531102,DesInventar
2/24/2002,2002,Geophysical,0.25482,DesInventar
12/13/2002,2002,Geophysical,2.139123,DesInventar
1/4/2002,2002,Hydrological,0.35189,DesInventar
1/9/2002,2002,Hydrological,0.40034,DesInventar
1/12/2002,2002,Hydrological,0.273,DesInventar
1/18/2002,2002,Hydrological,0.407712,DesInventar
2/3/2002,2002,Hydrological,9.785602,DesInventar
2/7/2002,2002,Hydrological,4.0575,DesInventar
2/10/2002,2002,Hydrological,0.2705,DesInventar
2/17/2002,2002,Hydrological,0.15,DesInventar
2/24/2002,2002,Hydrological,0.341215,DesInventar
3/3/2002,2002,Hydrological,0.889322,DesInventar
3/9/2002,2002,Hydrological,15.266645,DesInventar
3/14/2002,2002,Hydrological,1.407878,DesInventar
3/18/2002,2002,Hydrological,0.1365,DesInventar
3/22/2002,2002,Hydrological,0.589484,DesInventar
4/1/2002,2002,Hydrological,1.243622,DesInventar
4/4/2002,2002,Hydrological,0.742282,DesInventar
4/8/2002,2002,Hydrological,0.449192,DesInventar
4/12/2002,2002,Hydrological,0.01365,DesInventar
4/15/2002,2002,Hydrological,0.0091,DesInventar
4/19/2002,2002,Hydrological,0.00455,DesInventar
4/24/2002,2002,Hydrological,0.13951414410000001,DesInventar
4/29/2002,2002,Hydrological,0.182,DesInventar
5/7/2002,2002,Hydrological,0.1533,DesInventar
5/11/2002,2002,Hydrological,0.155863,DesInventar
5/17/2002,2002,Hydrological,0.3185,DesInventar
6/20/2002,2002,Hydrological,24.81787,DesInventar
7/9/2002,2002,Hydrological,5.485482,DesInventar
7/15/2002,2002,Hydrological,0.034582,DesInventar
8/13/2002,2002,Hydrological,0.12741,DesInventar
9/2/2002,2002,Hydrological,0.075,DesInventar
10/26/2002,2002,Hydrological,1.01928,DesInventar
11/15/2002,2002,Hydrological,0.15,DesInventar
11/23/2002,2002,Hydrological,2.823038,DesInventar
11/28/2002,2002,Hydrological,3.04,DesInventar
12/1/2002,2002,Hydrological,0.350508,DesInventar
12/4/2002,2002,Hydrological,0.250102,DesInventar
12/13/2002,2002,Hydrological,189.252333,DesInventar
12/19/2002,2002,Hydrological,0.620844,DesInventar
12/22/2002,2002,Hydrological,0.504156,DesInventar
12/26/2002,2002,Hydrological,0.183474,DesInventar
12/30/2002,2002,Hydrological,0.464471,DesInventar
2/23/2002,2002,Meteorological,0.15015,DesInventar
3/11/2002,2002,Meteorological,0.091,DesInventar
4/13/2002,2002,Meteorological,2.67256,DesInventar
5/18/2002,2002,Meteorological,1.06175,DesInventar
6/11/2002,2002,Meteorological,0.025482,DesInventar
7/11/2002,2002,Meteorological,0.7,DesInventar
7/17/2002,2002,Meteorological,0.00455,DesInventar
8/25/2002,2002,Meteorological,0.450162,DesInventar
9/8/2002,2002,Meteorological,0.7963,DesInventar
11/4/2002,2002,Meteorological,0.04702,DesInventar
11/30/2002,2002,Meteorological,0.04247,DesInventar
2003-01-15 00:00:00,2003,Climatological,0.383025,INDECI
2003-02-01 00:00:00,2003,Climatological,3.553619,INDECI
2003-03-03 00:00:00,2003,Climatological,6.258855,INDECI
2003-03-19 00:00:00,2003,Climatological,3.435448,INDECI
2003-04-08 00:00:00,2003,Climatological,0.3276,INDECI
2003-05-21 00:00:00,2003,Climatological,0.000625,INDECI
2003-07-16 00:00:00,2003,Climatological,1.8225,INDECI
2003-08-01 00:00:00,2003,Climatological,3.45667,INDECI
2003-08-17 00:00:00,2003,Climatological,1.235852,INDECI
2003-09-09 00:00:00,2003,Climatological,0.15926,INDECI
2003-10-10 00:00:00,2003,Climatological,0.025482,INDECI
2003-10-30 00:00:00,2003,Climatological,0.240256,INDECI
2003-11-24 00:00:00,2003,Climatological,0.7103078,INDECI
2003-12-10 00:00:00,2003,Climatological,0.039132,INDECI
2003-12-27 00:00:00,2003,Climatological,89.51295,INDECI
2003-06-10 00:00:00,2003,Geophysical,0.566028,INDECI
2003-06-28 00:00:00,2003,Geophysical,0.0273,INDECI
2003-07-05 00:00:00,2003,Geophysical,0.030032,INDECI
2003-07-25 00:00:00,2003,Geophysical,0.101928,INDECI
2003-08-08 00:00:00,2003,Geophysical,13.508008,INDECI
2003-08-13 00:00:00,2003,Geophysical,0.25482,INDECI
2003-08-24 00:00:00,2003,Geophysical,0.6231684000000001,INDECI
2003-09-04 00:00:00,2003,Geophysical,0.0091,INDECI
2003-12-09 00:00:00,2003,Geophysical,0.1001,INDECI
2003-01-01 00:00:00,2003,Hydrological,2.7183463999999997,INDECI
2003-01-04 00:00:00,2003,Hydrological,1.094782,INDECI
2003-01-07 00:00:00,2003,Hydrological,1.067022,INDECI
2003-01-10 00:00:00,2003,Hydrological,1.644329,INDECI
2003-01-13 00:00:00,2003,Hydrological,0.42154,INDECI
2003-01-16 00:00:00,2003,Hydrological,0.536306,INDECI
2003-01-19 00:00:00,2003,Hydrological,11.678838,INDECI
2003-01-22 00:00:00,2003,Hydrological,35.115321,INDECI
2003-01-25 00:00:00,2003,Hydrological,25.805086,INDECI
2003-01-28 00:00:00,2003,Hydrological,29.490961,INDECI
2003-01-31 00:00:00,2003,Hydrological,6.58144,INDECI
2003-02-03 00:00:00,2003,Hydrological,1.803393,INDECI
2003-02-06 00:00:00,2003,Hydrological,0.7058904,INDECI
2003-02-09 00:00:00,2003,Hydrological,11.03567,INDECI
2003-02-12 00:00:00,2003,Hydrological,7.045096,INDECI
2003-02-15 00:00:00,2003,Hydrological,3.118325,INDECI
2003-02-18 00:00:00,2003,Hydrological,12.438207,INDECI
2003-02-21 00:00:00,2003,Hydrological,0.856309,INDECI
2003-02-24 00:00:00,2003,Hydrological,0.958543,INDECI
2003-02-27 00:00:00,2003,Hydrological,2.7439932000000002,INDECI
2003-03-02 00:00:00,2003,Hydrological,3.053878,INDECI
2003-03-05 00:00:00,2003,Hydrological,17.8280466,INDECI
2003-03-08 00:00:00,2003,Hydrological,7.029724,INDECI
2003-03-11 00:00:00,2003,Hydrological,3.841399,INDECI
2003-03-14 00:00:00,2003,Hydrological,2.878755,INDECI
2003-03-17 00:00:00,2003,Hydrological,6.0035815999999995,INDECI
2003-03-20 00:00:00,2003,Hydrological,13.786283,INDECI
2003-03-23 00:00:00,2003,Hydrological,5.78457,INDECI
2003-03-26 00:00:00,2003,Hydrological,2.384532,INDECI
2003-03-29 00:00:00,2003,Hydrological,2.475113,INDECI
2003-04-01 00:00:00,2003,Hydrological,3.545969,INDECI
2003-04-04 00:00:00,2003,Hydrological,1.609067,INDECI
2003-04-07 00:00:00,2003,Hydrological,0.8954272,INDECI
2003-04-10 00:00:00,2003,Hydrological,2.95249,INDECI
2003-04-13 00:00:00,2003,Hydrological,7.888594,INDECI
2003-04-16 00:00:00,2003,Hydrological,0.432034,INDECI
2003-04-19 00:00:00,2003,Hydrological,1.155392,INDECI
2003-04-22 00:00:00,2003,Hydrological,2.0911728,INDECI
2003-04-25 00:00:00,2003,Hydrological,0.02275,INDECI
2003-04-28 00:00:00,2003,Hydrological,0.9166294,INDECI
2003-05-01 00:00:00,2003,Hydrological,2.049879,INDECI
2003-05-04 00:00:00,2003,Hydrological,0.410255,INDECI
2003-05-08 00:00:00,2003,Hydrological,1.247306,INDECI
2003-05-11 00:00:00,2003,Hydrological,0.055514,INDECI
2003-05-14 00:00:00,2003,Hydrological,0.24506,INDECI
2003-05-17 00:00:00,2003,Hydrological,3.481192,INDECI
2003-05-20 00:00:00,2003,Hydrological,3.261736,INDECI
2003-05-23 00:00:00,2003,Hydrological,0.273114,INDECI
2003-05-26 00:00:00,2003,Hydrological,0.30402,INDECI
2003-05-29 00:00:00,2003,Hydrological,0.397849,INDECI
2003-06-01 00:00:00,2003,Hydrological,0.1026,INDECI
2003-06-04 00:00:00,2003,Hydrological,4.114987,INDECI
2003-06-07 00:00:00,2003,Hydrological,0.18543279999999998,INDECI
2003-06-10 00:00:00,2003,Hydrological,0.050964,INDECI
2003-06-13 00:00:00,2003,Hydrological,0.360107,INDECI
2003-06-16 00:00:00,2003,Hydrological,0.12544,INDECI
2003-06-19 00:00:00,2003,Hydrological,5.484324,INDECI
2003-06-23 00:00:00,2003,Hydrological,0.676948,INDECI
2003-06-28 00:00:00,2003,Hydrological,0.02275,INDECI
2003-07-01 00:00:00,2003,Hydrological,0.528018,INDECI
2003-07-05 00:00:00,2003,Hydrological,1.298354,INDECI
2003-07-09 00:00:00,2003,Hydrological,0.050964,INDECI
2003-07-12 00:00:00,2003,Hydrological,0.14561,INDECI
2003-07-17 00:00:00,2003,Hydrological,2.583956,INDECI
2003-07-20 00:00:00,2003,Hydrological,0.039132,INDECI
2003-07-23 00:00:00,2003,Hydrological,0.137157,INDECI
2003-07-26 00:00:00,2003,Hydrological,0.223874,INDECI
2003-07-30 00:00:00,2003,Hydrological,0.0182,INDECI
2003-08-03 00:00:00,2003,Hydrological,0.11013656,INDECI
2003-08-08 00:00:00,2003,Hydrological,1.435368,INDECI
2003-08-11 00:00:00,2003,Hydrological,0.552398,INDECI
2003-08-14 00:00:00,2003,Hydrological,0.40043,INDECI
2003-08-17 00:00:00,2003,Hydrological,0.224103,INDECI
2003-08-20 00:00:00,2003,Hydrological,0.080996,INDECI
2003-08-23 00:00:00,2003,Hydrological,1.22159912,INDECI
2003-08-26 00:00:00,2003,Hydrological,0.212042,INDECI
2003-08-29 00:00:00,2003,Hydrological,0.00455,INDECI
2003-09-01 00:00:00,2003,Hydrological,0.448632,INDECI
2003-09-04 00:00:00,2003,Hydrological,0.01365,INDECI
2003-09-08 00:00:00,2003,Hydrological,0.132864,INDECI
2003-09-11 00:00:00,2003,Hydrological,0.0546,INDECI
2003-09-15 00:00:00,2003,Hydrological,1.355096,INDECI
2003-09-21 00:00:00,2003,Hydrological,0.102116,INDECI
2003-09-26 00:00:00,2003,Hydrological,0.00455,INDECI
2003-09-30 00:00:00,2003,Hydrological,0.335816,INDECI
2003-10-04 00:00:00,2003,Hydrological,0.030032,INDECI
2003-10-07 00:00:00,2003,Hydrological,0.169264,INDECI
2003-10-11 00:00:00,2003,Hydrological,0.301214,INDECI
2003-10-14 00:00:00,2003,Hydrological,0.04387,INDECI
2003-10-21 00:00:00,2003,Hydrological,0.485958,INDECI
2003-10-24 00:00:00,2003,Hydrological,0.05915,INDECI
2003-10-27 00:00:00,2003,Hydrological,9.207505,INDECI
2003-10-30 00:00:00,2003,Hydrological,0.252088,INDECI
2003-11-02 00:00:00,2003,Hydrological,0.26391,INDECI
2003-11-06 00:00:00,2003,Hydrological,0.233878,INDECI
2003-11-10 00:00:00,2003,Hydrological,1.3605,INDECI
2003-11-13 00:00:00,2003,Hydrological,0.288478,INDECI
2003-11-16 00:00:00,2003,Hydrological,0.488678,INDECI
2003-11-19 00:00:00,2003,Hydrological,0.1183,INDECI
2003-11-22 00:00:00,2003,Hydrological,1.614718,INDECI
2003-11-25 00:00:00,2003,Hydrological,0.307592,INDECI
2003-11-28 00:00:00,2003,Hydrological,0.285465,INDECI
2003-12-01 00:00:00,2003,Hydrological,0.5580178,INDECI
2003-12-04 00:00:00,2003,Hydrological,2.92805016,INDECI
2003-12-08 00:00:00,2003,Hydrological,0.501937,INDECI
2003-12-11 00:00:00,2003,Hydrological,0.2185604,INDECI
2003-12-14 00:00:00,2003,Hydrological,0.293092,INDECI
2003-12-17 00:00:00,2003,Hydrological,0.779332,INDECI
2003-12-20 00:00:00,2003,Hydrological,0.197478,INDECI
2003-12-23 00:00:00,2003,Hydrological,1.588714,INDECI
2003-12-26 00:00:00,2003,Hydrological,1.584642,INDECI
2003-12-29 00:00:00,2003,Hydrological,12.553512640000001,INDECI
2003-01-02 00:00:00,2003,Meteorological,0.0455,INDECI
2003-01-08 00:00:00,2003,Meteorological,0.429969,INDECI
2003-01-14 00:00:00,2003,Meteorological,2.596009,INDECI
2003-01-20 00:00:00,2003,Meteorological,0.200582,INDECI
2003-01-27 00:00:00,2003,Meteorological,0.399878,INDECI
2003-02-04 00:00:00,2003,Meteorological,0.119214,INDECI
2003-02-10 00:00:00,2003,Meteorological,0.0455,INDECI
2003-02-16 00:00:00,2003,Meteorological,1.579883,INDECI
2003-02-23 00:00:00,2003,Meteorological,0.739798,INDECI
2003-03-01 00:00:00,2003,Meteorological,0.257018,INDECI
2003-03-07 00:00:00,2003,Meteorological,0.187692,INDECI
2003-03-14 00:00:00,2003,Meteorological,1.304239,INDECI
2003-03-20 00:00:00,2003,Meteorological,0.399259,INDECI
2003-03-26 00:00:00,2003,Meteorological,0.28251,INDECI
2003-04-01 00:00:00,2003,Meteorological,0.571319,INDECI
2003-04-07 00:00:00,2003,Meteorological,0.664258,INDECI
2003-04-14 00:00:00,2003,Meteorological,0.169664,INDECI
2003-04-20 00:00:00,2003,Meteorological,0.189292,INDECI
2003-04-26 00:00:00,2003,Meteorological,0.108296,INDECI
2003-05-04 00:00:00,2003,Meteorological,0.075532,INDECI
2003-05-10 00:00:00,2003,Meteorological,0.147428,INDECI
2003-05-16 00:00:00,2003,Meteorological,0.319434,INDECI
2003-05-23 00:00:00,2003,Meteorological,0.361298,INDECI
2003-05-30 00:00:00,2003,Meteorological,0.052782,INDECI
2003-06-05 00:00:00,2003,Meteorological,0.146396,INDECI
2003-06-12 00:00:00,2003,Meteorological,0.01365,INDECI
2003-06-18 00:00:00,2003,Meteorological,0.057332,INDECI
2003-06-25 00:00:00,2003,Meteorological,0.415082,INDECI
2003-07-01 00:00:00,2003,Meteorological,0.052782,INDECI
2003-07-07 00:00:00,2003,Meteorological,0.385866,INDECI
2003-07-13 00:00:00,2003,Meteorological,13.87823,INDECI
2003-07-19 00:00:00,2003,Meteorological,1.009369,INDECI
2003-07-25 00:00:00,2003,Meteorological,0.392224,INDECI
2003-07-31 00:00:00,2003,Meteorological,0.874514,INDECI
2003-08-06 00:00:00,2003,Meteorological,0.628834,INDECI
2003-08-12 00:00:00,2003,Meteorological,0.6545308000000001,INDECI
2003-08-18 00:00:00,2003,Meteorological,0.425902,INDECI
2003-08-24 00:00:00,2003,Meteorological,0.775576,INDECI
2003-08-30 00:00:00,2003,Meteorological,0.307078,INDECI
2003-09-05 00:00:00,2003,Meteorological,0.628834,INDECI
2003-09-11 00:00:00,2003,Meteorological,0.975101,INDECI
2003-09-17 00:00:00,2003,Meteorological,0.779918,INDECI
2003-09-23 00:00:00,2003,Meteorological,2.044635,INDECI
2003-09-29 00:00:00,2003,Meteorological,0.696837,INDECI
2003-10-05 00:00:00,2003,Meteorological,0.219324,INDECI
2003-10-11 00:00:00,2003,Meteorological,0.443578,INDECI
2003-10-18 00:00:00,2003,Meteorological,0.925528,INDECI
2003-10-24 00:00:00,2003,Meteorological,1.220117,INDECI
2003-10-30 00:00:00,2003,Meteorological,0.371376,INDECI
2003-11-06 00:00:00,2003,Meteorological,0.640132,INDECI
2003-11-12 00:00:00,2003,Meteorological,0.446557,INDECI
2003-11-18 00:00:00,2003,Meteorological,0.542507,INDECI
2003-11-24 00:00:00,2003,Meteorological,0.698912,INDECI
2003-11-30 00:00:00,2003,Meteorological,0.254029,INDECI
2003-12-06 00:00:00,2003,Meteorological,0.05915,INDECI
2003-12-13 00:00:00,2003,Meteorological,0.547848,INDECI
2003-12-19 00:00:00,2003,Meteorological,0.674776,INDECI
2003-12-25 00:00:00,2003,Meteorological,1.317682,INDECI
2003-12-31 00:00:00,2003,Meteorological,0.100757,INDECI
2004-01-12 00:00:00,2004,Climatological,223.922266,INDECI
2004-01-28 00:00:00,2004,Climatological,6.20096,INDECI
2004-02-13 00:00:00,2004,Climatological,31.352213,INDECI
2004-03-04 00:00:00,2004,Climatological,0.140588,INDECI
2004-03-22 00:00:00,2004,Climatological,1.25567,INDECI
2004-04-14 00:00:00,2004,Climatological,0.025482,INDECI
2004-05-10 00:00:00,2004,Climatological,0.0676322,INDECI
2004-06-01 00:00:00,2004,Climatological,2.160672,INDECI
2004-06-17 00:00:00,2004,Climatological,77.59193020000001,INDECI
2004-07-03 00:00:00,2004,Climatological,9.737541,INDECI
2004-07-23 00:00:00,2004,Climatological,0.099946,INDECI
2004-09-01 00:00:00,2004,Climatological,0.391363,INDECI
2004-09-27 00:00:00,2004,Climatological,0.884696,INDECI
2004-10-19 00:00:00,2004,Climatological,0.633836,INDECI
2004-11-09 00:00:00,2004,Climatological,0.4112,INDECI
2004-11-25 00:00:00,2004,Climatological,15.0135,INDECI
2004-12-13 00:00:00,2004,Climatological,0.218503,INDECI
2004-12-29 00:00:00,2004,Climatological,102.60571440000001,INDECI
2004-01-27 00:00:00,2004,Geophysical,0.179126,INDECI
2004-03-26 00:00:00,2004,Geophysical,1.022906,INDECI
2004-04-09 00:00:00,2004,Geophysical,0.420448,INDECI
2004-05-19 00:00:00,2004,Geophysical,4.7e-05,INDECI
2004-07-21 00:00:00,2004,Geophysical,0.025482,INDECI
2004-08-16 00:00:00,2004,Geophysical,0.025482,INDECI
2004-10-20 00:00:00,2004,Geophysical,0.025482,INDECI
2004-11-08 00:00:00,2004,Geophysical,0.050964,INDECI
2004-01-01 00:00:00,2004,Hydrological,2.663867,INDECI
2004-01-04 00:00:00,2004,Hydrological,14.0749724,INDECI
2004-01-07 00:00:00,2004,Hydrological,6.958602,INDECI
2004-01-10 00:00:00,2004,Hydrological,2.09128,INDECI
2004-01-13 00:00:00,2004,Hydrological,12.4787366,INDECI
2004-01-16 00:00:00,2004,Hydrological,13.442321199999999,INDECI
2004-01-19 00:00:00,2004,Hydrological,5.789603,INDECI
2004-01-22 00:00:00,2004,Hydrological,5.402372,INDECI
2004-01-25 00:00:00,2004,Hydrological,3.982431,INDECI
2004-01-28 00:00:00,2004,Hydrological,0.315274,INDECI
2004-01-31 00:00:00,2004,Hydrological,0.380464,INDECI
2004-02-03 00:00:00,2004,Hydrological,1.608243,INDECI
2004-02-06 00:00:00,2004,Hydrological,1.972504,INDECI
2004-02-09 00:00:00,2004,Hydrological,14.84536,INDECI
2004-02-12 00:00:00,2004,Hydrological,8.173476299999999,INDECI
2004-02-15 00:00:00,2004,Hydrological,1.76051204,INDECI
2004-02-18 00:00:00,2004,Hydrological,7.977426,INDECI
2004-02-21 00:00:00,2004,Hydrological,6.209026,INDECI
2004-02-24 00:00:00,2004,Hydrological,1.60168,INDECI
2004-02-27 00:00:00,2004,Hydrological,0.433476,INDECI
2004-03-02 00:00:00,2004,Hydrological,2.355492,INDECI
2004-03-05 00:00:00,2004,Hydrological,0.598471,INDECI
2004-03-08 00:00:00,2004,Hydrological,0.4127402,INDECI
2004-03-11 00:00:00,2004,Hydrological,0.832179,INDECI
2004-03-14 00:00:00,2004,Hydrological,0.89444,INDECI
2004-03-17 00:00:00,2004,Hydrological,0.465632,INDECI
2004-03-20 00:00:00,2004,Hydrological,0.304582,INDECI
2004-03-24 00:00:00,2004,Hydrological,1.2220592,INDECI
2004-03-27 00:00:00,2004,Hydrological,1.57384908,INDECI
2004-03-30 00:00:00,2004,Hydrological,0.343254,INDECI
2004-04-03 00:00:00,2004,Hydrological,0.390458,INDECI
2004-04-06 00:00:00,2004,Hydrological,0.141396,INDECI
2004-04-09 00:00:00,2004,Hydrological,0.69162308,INDECI
2004-04-12 00:00:00,2004,Hydrological,2.798963,INDECI
2004-04-15 00:00:00,2004,Hydrological,0.14446188000000001,INDECI
2004-04-18 00:00:00,2004,Hydrological,0.48835,INDECI
2004-04-21 00:00:00,2004,Hydrological,0.118148,INDECI
2004-04-24 00:00:00,2004,Hydrological,0.151064,INDECI
2004-04-28 00:00:00,2004,Hydrological,0.077093,INDECI
2004-05-02 00:00:00,2004,Hydrological,0.089182,INDECI
2004-05-05 00:00:00,2004,Hydrological,5.0631254000000006,INDECI
2004-05-08 00:00:00,2004,Hydrological,0.0765024,INDECI
2004-05-12 00:00:00,2004,Hydrological,0.204587,INDECI
2004-05-15 00:00:00,2004,Hydrological,1.002162,INDECI
2004-05-19 00:00:00,2004,Hydrological,0.025482,INDECI
2004-05-23 00:00:00,2004,Hydrological,0.138071,INDECI
2004-05-26 00:00:00,2004,Hydrological,15.390135,INDECI
2004-05-29 00:00:00,2004,Hydrological,0.400613,INDECI
2004-06-02 00:00:00,2004,Hydrological,8.614381,INDECI
2004-06-05 00:00:00,2004,Hydrological,3.782911,INDECI
2004-06-08 00:00:00,2004,Hydrological,0.106478,INDECI
2004-06-11 00:00:00,2004,Hydrological,0.050964,INDECI
2004-06-16 00:00:00,2004,Hydrological,4.132049,INDECI
2004-06-20 00:00:00,2004,Hydrological,13.000658,INDECI
2004-06-23 00:00:00,2004,Hydrological,0.01365,INDECI
2004-06-26 00:00:00,2004,Hydrological,0.156176,INDECI
2004-06-30 00:00:00,2004,Hydrological,5.2684005,INDECI
2004-07-03 00:00:00,2004,Hydrological,0.4096572,INDECI
2004-07-06 00:00:00,2004,Hydrological,3.752403,INDECI
2004-07-09 00:00:00,2004,Hydrological,0.030408,INDECI
2004-07-12 00:00:00,2004,Hydrological,0.034032,INDECI
2004-07-15 00:00:00,2004,Hydrological,0.025482,INDECI
2004-07-18 00:00:00,2004,Hydrological,0.833624,INDECI
2004-07-21 00:00:00,2004,Hydrological,0.057332,INDECI
2004-07-25 00:00:00,2004,Hydrological,0.043682,INDECI
2004-08-02 00:00:00,2004,Hydrological,0.050964,INDECI
2004-08-05 00:00:00,2004,Hydrological,0.030032,INDECI
2004-08-08 00:00:00,2004,Hydrological,0.308496,INDECI
2004-08-13 00:00:00,2004,Hydrological,0.175642,INDECI
2004-08-16 00:00:00,2004,Hydrological,0.064614,INDECI
2004-08-22 00:00:00,2004,Hydrological,0.16835,INDECI
2004-08-25 00:00:00,2004,Hydrological,0.13821,INDECI
2004-08-29 00:00:00,2004,Hydrological,0.076446,INDECI
2004-09-01 00:00:00,2004,Hydrological,0.106478,INDECI
2004-09-04 00:00:00,2004,Hydrological,0.02548764,INDECI
2004-09-08 00:00:00,2004,Hydrological,0.133872,INDECI
2004-09-11 00:00:00,2004,Hydrological,0.081868,INDECI
2004-09-14 00:00:00,2004,Hydrological,0.53531,INDECI
2004-09-17 00:00:00,2004,Hydrological,0.7046138000000001,INDECI
2004-09-20 00:00:00,2004,Hydrological,0.499596,INDECI
2004-09-23 00:00:00,2004,Hydrological,0.076446,INDECI
2004-09-26 00:00:00,2004,Hydrological,0.034582,INDECI
2004-09-30 00:00:00,2004,Hydrological,0.270288,INDECI
2004-10-03 00:00:00,2004,Hydrological,0.050964,INDECI
2004-10-06 00:00:00,2004,Hydrological,0.034582,INDECI
2004-10-10 00:00:00,2004,Hydrological,0.13196,INDECI
2004-10-14 00:00:00,2004,Hydrological,0.930426,INDECI
2004-10-17 00:00:00,2004,Hydrological,0.375252,INDECI
2004-10-20 00:00:00,2004,Hydrological,0.90097,INDECI
2004-10-23 00:00:00,2004,Hydrological,1.1348768,INDECI
2004-10-26 00:00:00,2004,Hydrological,0.765171,INDECI
2004-10-29 00:00:00,2004,Hydrological,1.677132,INDECI
2004-11-01 00:00:00,2004,Hydrological,0.240246,INDECI
2004-11-04 00:00:00,2004,Hydrological,0.7070044,INDECI
2004-11-07 00:00:00,2004,Hydrological,0.77597184,INDECI
2004-11-10 00:00:00,2004,Hydrological,0.634592,INDECI
2004-11-14 00:00:00,2004,Hydrological,0.418798,INDECI
2004-11-17 00:00:00,2004,Hydrological,0.00455,INDECI
2004-11-20 00:00:00,2004,Hydrological,0.8528404,INDECI
2004-11-23 00:00:00,2004,Hydrological,0.71374152,INDECI
2004-11-26 00:00:00,2004,Hydrological,0.376793,INDECI
2004-11-29 00:00:00,2004,Hydrological,0.212042,INDECI
2004-12-02 00:00:00,2004,Hydrological,0.46697503999999995,INDECI
2004-12-05 00:00:00,2004,Hydrological,1.045276,INDECI
2004-12-08 00:00:00,2004,Hydrological,0.649024,INDECI
2004-12-11 00:00:00,2004,Hydrological,2.3273347999999996,INDECI
2004-12-14 00:00:00,2004,Hydrological,1.543244,INDECI
2004-12-17 00:00:00,2004,Hydrological,0.184742,INDECI
2004-12-20 00:00:00,2004,Hydrological,0.490838,INDECI
2004-12-23 00:00:00,2004,Hydrological,1.678448,INDECI
2004-12-26 00:00:00,2004,Hydrological,0.5844274,INDECI
2004-12-29 00:00:00,2004,Hydrological,0.389482,INDECI
2004-01-06 00:00:00,2004,Meteorological,0.141964,INDECI
2004-01-12 00:00:00,2004,Meteorological,0.596974,INDECI
2004-01-18 00:00:00,2004,Meteorological,0.146514,INDECI
2004-01-24 00:00:00,2004,Meteorological,0.653048,INDECI
2004-01-30 00:00:00,2004,Meteorological,0.93955,INDECI
2004-02-05 00:00:00,2004,Meteorological,0.333988,INDECI
2004-02-11 00:00:00,2004,Meteorological,0.231146,INDECI
2004-02-17 00:00:00,2004,Meteorological,0.562412,INDECI
2004-02-23 00:00:00,2004,Meteorological,0.372196,INDECI
2004-02-29 00:00:00,2004,Meteorological,0.530934,INDECI
2004-03-07 00:00:00,2004,Meteorological,1.129671,INDECI
2004-03-13 00:00:00,2004,Meteorological,0.297242,INDECI
2004-03-19 00:00:00,2004,Meteorological,0.20931,INDECI
2004-03-26 00:00:00,2004,Meteorological,0.138328,INDECI
2004-04-02 00:00:00,2004,Meteorological,0.166743,INDECI
2004-04-09 00:00:00,2004,Meteorological,0.043682,INDECI
2004-04-15 00:00:00,2004,Meteorological,0.287813,INDECI
2004-04-23 00:00:00,2004,Meteorological,0.275732,INDECI
2004-04-30 00:00:00,2004,Meteorological,0.092875,INDECI
2004-05-08 00:00:00,2004,Meteorological,0.292807,INDECI
2004-05-14 00:00:00,2004,Meteorological,0.226606,INDECI
2004-05-21 00:00:00,2004,Meteorological,0.082582,INDECI
2004-05-27 00:00:00,2004,Meteorological,0.034582,INDECI
2004-06-03 00:00:00,2004,Meteorological,0.055514,INDECI
2004-06-09 00:00:00,2004,Meteorological,0.186832,INDECI
2004-06-15 00:00:00,2004,Meteorological,0.0091,INDECI
2004-06-21 00:00:00,2004,Meteorological,0.033375,INDECI
2004-06-29 00:00:00,2004,Meteorological,1.059893,INDECI
2004-07-05 00:00:00,2004,Meteorological,0.349456,INDECI
2004-07-11 00:00:00,2004,Meteorological,0.057332,INDECI
2004-07-18 00:00:00,2004,Meteorological,0.034582,INDECI
2004-07-24 00:00:00,2004,Meteorological,0.349456,INDECI
2004-07-30 00:00:00,2004,Meteorological,7.576696,INDECI
2004-08-05 00:00:00,2004,Meteorological,19.350249,INDECI
2004-08-11 00:00:00,2004,Meteorological,0.803717,INDECI
2004-08-17 00:00:00,2004,Meteorological,0.178364,INDECI
2004-08-23 00:00:00,2004,Meteorological,0.771641,INDECI
2004-08-31 00:00:00,2004,Meteorological,0.667729,INDECI
2004-09-06 00:00:00,2004,Meteorological,1.031976,INDECI
2004-09-12 00:00:00,2004,Meteorological,4.479616,INDECI
2004-09-18 00:00:00,2004,Meteorological,2.66984,INDECI
2004-09-24 00:00:00,2004,Meteorological,4.332008,INDECI
2004-09-30 00:00:00,2004,Meteorological,1.509706,INDECI
2004-10-06 00:00:00,2004,Meteorological,0.42317,INDECI
2004-10-12 00:00:00,2004,Meteorological,1.083864,INDECI
2004-10-18 00:00:00,2004,Meteorological,2.588047,INDECI
2004-10-24 00:00:00,2004,Meteorological,0.858322,INDECI
2004-10-30 00:00:00,2004,Meteorological,0.0455,INDECI
2004-11-05 00:00:00,2004,Meteorological,0.721038,INDECI
2004-11-11 00:00:00,2004,Meteorological,0.662162,INDECI
2004-11-17 00:00:00,2004,Meteorological,0.923132,INDECI
2004-11-23 00:00:00,2004,Meteorological,0.435038,INDECI
2004-11-29 00:00:00,2004,Meteorological,0.060064,INDECI
2004-12-05 00:00:00,2004,Meteorological,0.497238,INDECI
2004-12-13 00:00:00,2004,Meteorological,0.375304,INDECI
2004-12-19 00:00:00,2004,Meteorological,1.097519,INDECI
2004-12-25 00:00:00,2004,Meteorological,1.94745,INDECI
2004-12-31 00:00:00,2004,Meteorological,0.307582,INDECI
2005-01-14 00:00:00,2005,Climatological,6.529832,INDECI
2005-01-30 00:00:00,2005,Climatological,1.751071,INDECI
2005-02-15 00:00:00,2005,Climatological,14.001923,INDECI
2005-03-04 00:00:00,2005,Climatological,5.013025,INDECI
2005-03-21 00:00:00,2005,Climatological,9.365301,INDECI
2005-04-09 00:00:00,2005,Climatological,0.787695,INDECI
2005-04-27 00:00:00,2005,Climatological,0.123475,INDECI
2005-05-14 00:00:00,2005,Climatological,0.137606,INDECI
2005-06-15 00:00:00,2005,Climatological,2.6754,INDECI
2005-07-12 00:00:00,2005,Climatological,1.961542,INDECI
2005-08-06 00:00:00,2005,Climatological,15.959646,INDECI
2005-08-22 00:00:00,2005,Climatological,1.248579,INDECI
2005-09-09 00:00:00,2005,Climatological,29.034817399999998,INDECI
2005-09-25 00:00:00,2005,Climatological,10.491928,INDECI
2005-10-12 00:00:00,2005,Climatological,1.012,INDECI
2005-10-28 00:00:00,2005,Climatological,0.061882,INDECI
2005-11-20 00:00:00,2005,Climatological,21.92786,INDECI
2005-12-10 00:00:00,2005,Climatological,1.351945,INDECI
2005-12-28 00:00:00,2005,Climatological,102.839181,INDECI
2005-02-19 00:00:00,2005,Geophysical,0.076446,INDECI
2005-04-11 00:00:00,2005,Geophysical,0.00455,INDECI
2005-04-20 00:00:00,2005,Geophysical,0.050964,INDECI
2005-04-30 00:00:00,2005,Geophysical,7.717485,INDECI
2005-06-12 00:00:00,2005,Geophysical,1.59905208,INDECI
2005-07-13 00:00:00,2005,Geophysical,0.152892,INDECI
2005-08-16 00:00:00,2005,Geophysical,0.099639,INDECI
2005-08-27 00:00:00,2005,Geophysical,0.025482,INDECI
2005-09-22 00:00:00,2005,Geophysical,103.508859,INDECI
2005-10-01 00:00:00,2005,Geophysical,11.109482,INDECI
2005-10-17 00:00:00,2005,Geophysical,0.001128,INDECI
2005-10-25 00:00:00,2005,Geophysical,0.025482,INDECI
2005-10-30 00:00:00,2005,Geophysical,7.726652,INDECI
2005-11-06 00:00:00,2005,Geophysical,0.025482,INDECI
2005-11-30 00:00:00,2005,Geophysical,0.14106,INDECI
2005-12-22 00:00:00,2005,Geophysical,0.198392,INDECI
2005-01-01 00:00:00,2005,Hydrological,2.3916336400000002,INDECI
2005-01-04 00:00:00,2005,Hydrological,0.6103296,INDECI
2005-01-07 00:00:00,2005,Hydrological,0.630044,INDECI
2005-01-10 00:00:00,2005,Hydrological,2.108924,INDECI
2005-01-13 00:00:00,2005,Hydrological,1.67384052,INDECI
2005-01-16 00:00:00,2005,Hydrological,0.5357788,INDECI
2005-01-19 00:00:00,2005,Hydrological,1.57441,INDECI
2005-01-22 00:00:00,2005,Hydrological,0.296345,INDECI
2005-01-25 00:00:00,2005,Hydrological,0.455924,INDECI
2005-01-28 00:00:00,2005,Hydrological,0.1292468,INDECI
2005-01-31 00:00:00,2005,Hydrological,1.9569054,INDECI
2005-02-03 00:00:00,2005,Hydrological,0.276646,INDECI
2005-02-06 00:00:00,2005,Hydrological,0.27472359999999996,INDECI
2005-02-09 00:00:00,2005,Hydrological,0.142044,INDECI
2005-02-12 00:00:00,2005,Hydrological,1.111553,INDECI
2005-02-15 00:00:00,2005,Hydrological,1.2140342,INDECI
2005-02-18 00:00:00,2005,Hydrological,2.4910262000000003,INDECI
2005-02-21 00:00:00,2005,Hydrological,2.433333,INDECI
2005-02-24 00:00:00,2005,Hydrological,2.102822,INDECI
2005-02-27 00:00:00,2005,Hydrological,0.515056,INDECI
2005-03-02 00:00:00,2005,Hydrological,0.7659926,INDECI
2005-03-05 00:00:00,2005,Hydrological,5.791963,INDECI
2005-03-08 00:00:00,2005,Hydrological,2.5351124,INDECI
2005-03-11 00:00:00,2005,Hydrological,1.1963568999999998,INDECI
2005-03-14 00:00:00,2005,Hydrological,1.7833784,INDECI
2005-03-17 00:00:00,2005,Hydrological,8.252311,INDECI
2005-03-20 00:00:00,2005,Hydrological,0.64858,INDECI
2005-03-23 00:00:00,2005,Hydrological,0.1888124,INDECI
2005-03-26 00:00:00,2005,Hydrological,1.4334352,INDECI
2005-03-29 00:00:00,2005,Hydrological,0.258934,INDECI
2005-04-01 00:00:00,2005,Hydrological,0.952996,INDECI
2005-04-04 00:00:00,2005,Hydrological,1.0391332,INDECI
2005-04-07 00:00:00,2005,Hydrological,0.349466,INDECI
2005-04-10 00:00:00,2005,Hydrological,0.535379,INDECI
2005-04-13 00:00:00,2005,Hydrological,2.190226,INDECI
2005-04-16 00:00:00,2005,Hydrological,0.064614,INDECI
2005-04-19 00:00:00,2005,Hydrological,2.463182,INDECI
2005-04-22 00:00:00,2005,Hydrological,0.70619,INDECI
2005-04-25 00:00:00,2005,Hydrological,0.379498,INDECI
2005-04-28 00:00:00,2005,Hydrological,4.746814,INDECI
2005-05-03 00:00:00,2005,Hydrological,0.573883,INDECI
2005-05-08 00:00:00,2005,Hydrological,0.770588,INDECI
2005-05-12 00:00:00,2005,Hydrological,0.373316,INDECI
2005-05-15 00:00:00,2005,Hydrological,0.210224,INDECI
2005-05-18 00:00:00,2005,Hydrological,4.943508,INDECI
2005-05-21 00:00:00,2005,Hydrological,0.025482,INDECI
2005-05-26 00:00:00,2005,Hydrological,0.101928,INDECI
2005-05-31 00:00:00,2005,Hydrological,0.379498,INDECI
2005-06-04 00:00:00,2005,Hydrological,6.83931,INDECI
2005-06-08 00:00:00,2005,Hydrological,0.0091,INDECI
2005-06-12 00:00:00,2005,Hydrological,0.13196,INDECI
2005-06-15 00:00:00,2005,Hydrological,0.289402,INDECI
2005-06-20 00:00:00,2005,Hydrological,0.080996,INDECI
2005-06-23 00:00:00,2005,Hydrological,0.025482,INDECI
2005-06-26 00:00:00,2005,Hydrological,0.300756,INDECI
2005-06-29 00:00:00,2005,Hydrological,0.17291,INDECI
2005-07-03 00:00:00,2005,Hydrological,0.00455,INDECI
2005-07-06 00:00:00,2005,Hydrological,0.055514,INDECI
2005-07-11 00:00:00,2005,Hydrological,0.17516,INDECI
2005-07-15 00:00:00,2005,Hydrological,0.182924,INDECI
2005-07-18 00:00:00,2005,Hydrological,0.157442,INDECI
2005-07-25 00:00:00,2005,Hydrological,0.009325,INDECI
2005-07-28 00:00:00,2005,Hydrological,0.21123679999999997,INDECI
2005-08-02 00:00:00,2005,Hydrological,0.034582,INDECI
2005-08-05 00:00:00,2005,Hydrological,0.098282,INDECI
2005-08-08 00:00:00,2005,Hydrological,0.140803,INDECI
2005-08-11 00:00:00,2005,Hydrological,0.02275,INDECI
2005-08-15 00:00:00,2005,Hydrological,0.190196,INDECI
2005-08-23 00:00:00,2005,Hydrological,0.921516,INDECI
2005-08-29 00:00:00,2005,Hydrological,0.064439,INDECI
2005-09-01 00:00:00,2005,Hydrological,1.199472,INDECI
2005-09-07 00:00:00,2005,Hydrological,0.064614,INDECI
2005-09-12 00:00:00,2005,Hydrological,2.537082,INDECI
2005-09-15 00:00:00,2005,Hydrological,0.025482,INDECI
2005-09-18 00:00:00,2005,Hydrological,0.62793,INDECI
2005-09-21 00:00:00,2005,Hydrological,0.06825,INDECI
2005-09-25 00:00:00,2005,Hydrological,0.055514,INDECI
2005-09-30 00:00:00,2005,Hydrological,0.182924,INDECI
2005-10-03 00:00:00,2005,Hydrological,0.111028,INDECI
2005-10-08 00:00:00,2005,Hydrological,0.811768,INDECI
2005-10-12 00:00:00,2005,Hydrological,0.163,INDECI
2005-10-15 00:00:00,2005,Hydrological,0.073714,INDECI
2005-10-18 00:00:00,2005,Hydrological,0.82814,INDECI
2005-10-22 00:00:00,2005,Hydrological,2.198421,INDECI
2005-10-25 00:00:00,2005,Hydrological,0.184203,INDECI
2005-10-28 00:00:00,2005,Hydrological,0.055514,INDECI
2005-10-31 00:00:00,2005,Hydrological,0.064614,INDECI
2005-11-03 00:00:00,2005,Hydrological,1.498934,INDECI
2005-11-06 00:00:00,2005,Hydrological,0.063443,INDECI
2005-11-09 00:00:00,2005,Hydrological,0.244602,INDECI
2005-11-12 00:00:00,2005,Hydrological,4.016876,INDECI
2005-11-15 00:00:00,2005,Hydrological,0.821782,INDECI
2005-11-18 00:00:00,2005,Hydrological,1.235763,INDECI
2005-11-21 00:00:00,2005,Hydrological,0.992844,INDECI
2005-11-24 00:00:00,2005,Hydrological,0.180839,INDECI
2005-11-27 00:00:00,2005,Hydrological,0.147428,INDECI
2005-11-30 00:00:00,2005,Hydrological,0.873189,INDECI
2005-12-05 00:00:00,2005,Hydrological,0.531522,INDECI
2005-12-09 00:00:00,2005,Hydrological,0.110114,INDECI
2005-12-12 00:00:00,2005,Hydrological,0.7942614,INDECI
2005-12-15 00:00:00,2005,Hydrological,0.733598,INDECI
2005-12-18 00:00:00,2005,Hydrological,1.34331,INDECI
2005-12-21 00:00:00,2005,Hydrological,0.080082,INDECI
2005-12-24 00:00:00,2005,Hydrological,0.275485,INDECI
2005-12-27 00:00:00,2005,Hydrological,0.397698,INDECI
2005-12-30 00:00:00,2005,Hydrological,0.238574,INDECI
2005-01-08 00:00:00,2005,Meteorological,0.508706,INDECI
2005-01-14 00:00:00,2005,Meteorological,1.481532,INDECI
2005-01-20 00:00:00,2005,Meteorological,0.620594,INDECI
2005-01-26 00:00:00,2005,Meteorological,0.29576,INDECI
2005-02-01 00:00:00,2005,Meteorological,0.07735,INDECI
2005-02-08 00:00:00,2005,Meteorological,0.978937,INDECI
2005-02-14 00:00:00,2005,Meteorological,0.1001,INDECI
2005-02-21 00:00:00,2005,Meteorological,0.140146,INDECI
2005-02-27 00:00:00,2005,Meteorological,0.105564,INDECI
2005-03-05 00:00:00,2005,Meteorological,0.24677284,INDECI
2005-03-12 00:00:00,2005,Meteorological,0.157442,INDECI
2005-03-22 00:00:00,2005,Meteorological,0.10505,INDECI
2005-03-29 00:00:00,2005,Meteorological,0.207225,INDECI
2005-04-05 00:00:00,2005,Meteorological,0.595791,INDECI
2005-04-11 00:00:00,2005,Meteorological,0.402207,INDECI
2005-04-18 00:00:00,2005,Meteorological,0.129228,INDECI
2005-04-25 00:00:00,2005,Meteorological,0.152939,INDECI
2005-05-04 00:00:00,2005,Meteorological,0.14415,INDECI
2005-05-10 00:00:00,2005,Meteorological,0.260017,INDECI
2005-05-18 00:00:00,2005,Meteorological,0.515084,INDECI
2005-05-24 00:00:00,2005,Meteorological,0.838144,INDECI
2005-05-30 00:00:00,2005,Meteorological,0.070982,INDECI
2005-06-05 00:00:00,2005,Meteorological,0.769864,INDECI
2005-06-11 00:00:00,2005,Meteorological,0.118443,INDECI
2005-06-18 00:00:00,2005,Meteorological,0.02275,INDECI
2005-06-24 00:00:00,2005,Meteorological,0.38676,INDECI
2005-06-30 00:00:00,2005,Meteorological,0.949799,INDECI
2005-07-06 00:00:00,2005,Meteorological,1.613432,INDECI
2005-07-13 00:00:00,2005,Meteorological,0.114664,INDECI
2005-07-19 00:00:00,2005,Meteorological,0.03185,INDECI
2005-07-26 00:00:00,2005,Meteorological,0.0091,INDECI
2005-08-01 00:00:00,2005,Meteorological,0.182914,INDECI
2005-08-07 00:00:00,2005,Meteorological,0.360364,INDECI
2005-08-14 00:00:00,2005,Meteorological,1.14015,INDECI
2005-08-20 00:00:00,2005,Meteorological,5.585485,INDECI
2005-08-26 00:00:00,2005,Meteorological,1.318565,INDECI
2005-09-01 00:00:00,2005,Meteorological,1.250042,INDECI
2005-09-07 00:00:00,2005,Meteorological,0.447871,INDECI
2005-09-13 00:00:00,2005,Meteorological,0.834764,INDECI
2005-09-20 00:00:00,2005,Meteorological,0.501424,INDECI
2005-09-26 00:00:00,2005,Meteorological,0.966237,INDECI
2005-10-02 00:00:00,2005,Meteorological,4.257923,INDECI
2005-10-08 00:00:00,2005,Meteorological,1.145018,INDECI
2005-10-14 00:00:00,2005,Meteorological,0.33217,INDECI
2005-10-20 00:00:00,2005,Meteorological,1.203992,INDECI
2005-10-26 00:00:00,2005,Meteorological,0.296407,INDECI
2005-11-01 00:00:00,2005,Meteorological,0.24155,INDECI
2005-11-07 00:00:00,2005,Meteorological,0.296674,INDECI
2005-11-13 00:00:00,2005,Meteorological,0.994672,INDECI
2005-11-19 00:00:00,2005,Meteorological,0.449097,INDECI
2005-11-25 00:00:00,2005,Meteorological,0.244917,INDECI
2005-12-01 00:00:00,2005,Meteorological,0.343735,INDECI
2005-12-07 00:00:00,2005,Meteorological,0.352188,INDECI
2005-12-13 00:00:00,2005,Meteorological,0.702238,INDECI
2005-12-19 00:00:00,2005,Meteorological,0.239452,INDECI
2005-12-26 00:00:00,2005,Meteorological,0.597694,INDECI
2006-01-13 00:00:00,2006,Climatological,1.774907,INDECI
2006-02-02 00:00:00,2006,Climatological,0.715504,INDECI
2006-02-18 00:00:00,2006,Climatological,1.031632,INDECI
2006-03-06 00:00:00,2006,Climatological,1.088749,INDECI
2006-03-27 00:00:00,2006,Climatological,0.442832,INDECI
2006-04-15 00:00:00,2006,Climatological,1.19755,INDECI
2006-05-04 00:00:00,2006,Climatological,0.58695,INDECI
2006-05-27 00:00:00,2006,Climatological,13.393764,INDECI
2006-06-12 00:00:00,2006,Climatological,0.24,INDECI
2006-07-02 00:00:00,2006,Climatological,0.302275,INDECI
2006-08-17 00:00:00,2006,Climatological,0.777556,INDECI
2006-09-10 00:00:00,2006,Climatological,0.157442,INDECI
2006-10-19 00:00:00,2006,Climatological,0.125821,INDECI
2006-12-07 00:00:00,2006,Climatological,0.050964,INDECI
2006-01-22 00:00:00,2006,Geophysical,0.050964,INDECI
2006-02-02 00:00:00,2006,Geophysical,0.030032,INDECI
2006-02-25 00:00:00,2006,Geophysical,0.0455,INDECI
2006-03-16 00:00:00,2006,Geophysical,0.05,INDECI
2006-04-19 00:00:00,2006,Geophysical,1.94726,INDECI
2006-06-20 00:00:00,2006,Geophysical,0.0182,INDECI
2006-10-20 00:00:00,2006,Geophysical,0.085546,INDECI
2006-10-26 00:00:00,2006,Geophysical,0.025482,INDECI
2006-11-10 00:00:00,2006,Geophysical,0.15471,INDECI
2006-11-20 00:00:00,2006,Geophysical,0.025482,INDECI
2006-11-27 00:00:00,2006,Geophysical,0.04095,INDECI
2006-01-02 00:00:00,2006,Hydrological,1.42391864,INDECI
2006-01-05 00:00:00,2006,Hydrological,1.722746,INDECI
2006-01-08 00:00:00,2006,Hydrological,1.650239,INDECI
2006-01-11 00:00:00,2006,Hydrological,3.944414,INDECI
2006-01-14 00:00:00,2006,Hydrological,5.1894704,INDECI
2006-01-17 00:00:00,2006,Hydrological,0.8735245,INDECI
2006-01-20 00:00:00,2006,Hydrological,0.957509,INDECI
2006-01-23 00:00:00,2006,Hydrological,1.2201924,INDECI
2006-01-26 00:00:00,2006,Hydrological,5.4266255999999995,INDECI
2006-01-29 00:00:00,2006,Hydrological,6.4826485,INDECI
2006-02-01 00:00:00,2006,Hydrological,8.83664908,INDECI
2006-02-04 00:00:00,2006,Hydrological,7.968834,INDECI
2006-02-07 00:00:00,2006,Hydrological,7.6143174,INDECI
2006-02-10 00:00:00,2006,Hydrological,6.22309274,INDECI
2006-02-13 00:00:00,2006,Hydrological,8.850577,INDECI
2006-02-16 00:00:00,2006,Hydrological,2.719185,INDECI
2006-02-19 00:00:00,2006,Hydrological,3.697254,INDECI
2006-02-22 00:00:00,2006,Hydrological,3.141531,INDECI
2006-02-25 00:00:00,2006,Hydrological,79.392645,INDECI
2006-02-28 00:00:00,2006,Hydrological,61.684243200000004,INDECI
2006-03-03 00:00:00,2006,Hydrological,5.3731295,INDECI
2006-03-06 00:00:00,2006,Hydrological,1.71523302,INDECI
2006-03-09 00:00:00,2006,Hydrological,2.0913302,INDECI
2006-03-12 00:00:00,2006,Hydrological,6.199458099999999,INDECI
2006-03-15 00:00:00,2006,Hydrological,5.093035,INDECI
2006-03-18 00:00:00,2006,Hydrological,6.017572,INDECI
2006-03-21 00:00:00,2006,Hydrological,2.3962706000000003,INDECI
2006-03-24 00:00:00,2006,Hydrological,4.5229387999999995,INDECI
2006-03-27 00:00:00,2006,Hydrological,2.2984614,INDECI
2006-03-30 00:00:00,2006,Hydrological,6.57004404,INDECI
2006-04-02 00:00:00,2006,Hydrological,1.52133,INDECI
2006-04-05 00:00:00,2006,Hydrological,1.2861068999999998,INDECI
2006-04-08 00:00:00,2006,Hydrological,1.76437716,INDECI
2006-04-11 00:00:00,2006,Hydrological,0.7912496,INDECI
2006-04-14 00:00:00,2006,Hydrological,7.811751,INDECI
2006-04-17 00:00:00,2006,Hydrological,2.787083,INDECI
2006-04-20 00:00:00,2006,Hydrological,0.189292,INDECI
2006-04-23 00:00:00,2006,Hydrological,0.1265148,INDECI
2006-04-26 00:00:00,2006,Hydrological,0.781746,INDECI
2006-04-29 00:00:00,2006,Hydrological,0.354016,INDECI
2006-05-02 00:00:00,2006,Hydrological,0.868268,INDECI
2006-05-05 00:00:00,2006,Hydrological,0.119214,INDECI
2006-05-08 00:00:00,2006,Hydrological,0.765904,INDECI
2006-05-11 00:00:00,2006,Hydrological,0.283406,INDECI
2006-05-14 00:00:00,2006,Hydrological,0.103746,INDECI
2006-05-17 00:00:00,2006,Hydrological,0.050964,INDECI
2006-05-20 00:00:00,2006,Hydrological,0.072186,INDECI
2006-05-23 00:00:00,2006,Hydrological,0.17997768,INDECI
2006-05-26 00:00:00,2006,Hydrological,0.35487,INDECI
2006-05-29 00:00:00,2006,Hydrological,0.055514,INDECI
2006-06-01 00:00:00,2006,Hydrological,0.232732,INDECI
2006-06-05 00:00:00,2006,Hydrological,0.40717,INDECI
2006-06-08 00:00:00,2006,Hydrological,0.121946,INDECI
2006-06-11 00:00:00,2006,Hydrological,0.115578,INDECI
2006-06-14 00:00:00,2006,Hydrological,1.039414,INDECI
2006-06-17 00:00:00,2006,Hydrological,0.817202,INDECI
2006-06-22 00:00:00,2006,Hydrological,0.63705,INDECI
2006-06-25 00:00:00,2006,Hydrological,0.034582,INDECI
2006-06-30 00:00:00,2006,Hydrological,0.076446,INDECI
2006-07-03 00:00:00,2006,Hydrological,0.0182,INDECI
2006-07-06 00:00:00,2006,Hydrological,0.050964,INDECI
2006-07-10 00:00:00,2006,Hydrological,0.180682,INDECI
2006-07-15 00:00:00,2006,Hydrological,0.71894,INDECI
2006-07-19 00:00:00,2006,Hydrological,0.0182,INDECI
2006-07-22 00:00:00,2006,Hydrological,0.217506,INDECI
2006-07-25 00:00:00,2006,Hydrological,0.139232,INDECI
2006-07-28 00:00:00,2006,Hydrological,0.039132,INDECI
2006-08-01 00:00:00,2006,Hydrological,0.120128,INDECI
2006-08-06 00:00:00,2006,Hydrological,0.066724,INDECI
2006-08-09 00:00:00,2006,Hydrological,0.290306,INDECI
2006-08-13 00:00:00,2006,Hydrological,0.960964,INDECI
2006-08-16 00:00:00,2006,Hydrological,0.030032,INDECI
2006-08-21 00:00:00,2006,Hydrological,0.0254914,INDECI
2006-08-24 00:00:00,2006,Hydrological,0.500225,INDECI
2006-08-27 00:00:00,2006,Hydrological,0.235706,INDECI
2006-08-30 00:00:00,2006,Hydrological,0.055514,INDECI
2006-09-02 00:00:00,2006,Hydrological,0.121946,INDECI
2006-09-05 00:00:00,2006,Hydrological,0.0555234,INDECI
2006-09-08 00:00:00,2006,Hydrological,0.101928,INDECI
2006-09-14 00:00:00,2006,Hydrological,0.050964,INDECI
2006-09-17 00:00:00,2006,Hydrological,0.024725,INDECI
2006-09-20 00:00:00,2006,Hydrological,0.043682,INDECI
2006-09-25 00:00:00,2006,Hydrological,0.288478,INDECI
2006-09-29 00:00:00,2006,Hydrological,0.12741,INDECI
2006-10-02 00:00:00,2006,Hydrological,0.0091,INDECI
2006-10-06 00:00:00,2006,Hydrological,0.083604,INDECI
2006-10-09 00:00:00,2006,Hydrological,0.061882,INDECI
2006-10-12 00:00:00,2006,Hydrological,0.087364,INDECI
2006-10-15 00:00:00,2006,Hydrological,0.0091,INDECI
2006-10-18 00:00:00,2006,Hydrological,0.106478,INDECI
2006-10-21 00:00:00,2006,Hydrological,0.583354,INDECI
2006-10-24 00:00:00,2006,Hydrological,0.2802968,INDECI
2006-10-27 00:00:00,2006,Hydrological,0.19299739999999999,INDECI
2006-10-30 00:00:00,2006,Hydrological,0.17077004,INDECI
2006-11-02 00:00:00,2006,Hydrological,0.076446,INDECI
2006-11-05 00:00:00,2006,Hydrological,0.055514,INDECI
2006-11-08 00:00:00,2006,Hydrological,0.4732092,INDECI
2006-11-11 00:00:00,2006,Hydrological,12.69674,INDECI
2006-11-14 00:00:00,2006,Hydrological,0.055514,INDECI
2006-11-18 00:00:00,2006,Hydrological,0.336004,INDECI
2006-11-21 00:00:00,2006,Hydrological,0.076446,INDECI
2006-11-24 00:00:00,2006,Hydrological,0.025482,INDECI
2006-11-29 00:00:00,2006,Hydrological,0.15471,INDECI
2006-12-02 00:00:00,2006,Hydrological,0.057896,INDECI
2006-12-05 00:00:00,2006,Hydrological,1.236446,INDECI
2006-12-08 00:00:00,2006,Hydrological,1.451092,INDECI
2006-12-11 00:00:00,2006,Hydrological,0.189282,INDECI
2006-12-14 00:00:00,2006,Hydrological,0.0091,INDECI
2006-12-17 00:00:00,2006,Hydrological,0.076446,INDECI
2006-12-20 00:00:00,2006,Hydrological,0.345238,INDECI
2006-12-25 00:00:00,2006,Hydrological,29.580551,INDECI
2006-12-28 00:00:00,2006,Hydrological,9.144431,INDECI
2006-01-01 00:00:00,2006,Meteorological,0.75535,INDECI
2006-01-09 00:00:00,2006,Meteorological,0.39586,INDECI
2006-01-15 00:00:00,2006,Meteorological,2.241752,INDECI
2006-01-25 00:00:00,2006,Meteorological,0.671592,INDECI
2006-01-31 00:00:00,2006,Meteorological,0.488688,INDECI
2006-02-06 00:00:00,2006,Meteorological,0.076579,INDECI
2006-02-13 00:00:00,2006,Meteorological,0.790763,INDECI
2006-02-19 00:00:00,2006,Meteorological,0.363685,INDECI
2006-02-25 00:00:00,2006,Meteorological,0.128314,INDECI
2006-03-03 00:00:00,2006,Meteorological,0.181096,INDECI
2006-03-09 00:00:00,2006,Meteorological,0.32306,INDECI
2006-03-15 00:00:00,2006,Meteorological,0.196564,INDECI
2006-03-22 00:00:00,2006,Meteorological,0.034582,INDECI
2006-03-28 00:00:00,2006,Meteorological,0.130132,INDECI
2006-04-05 00:00:00,2006,Meteorological,0.736246,INDECI
2006-04-11 00:00:00,2006,Meteorological,0.078264,INDECI
2006-04-22 00:00:00,2006,Meteorological,0.126239,INDECI
2006-04-29 00:00:00,2006,Meteorological,0.1274,INDECI
2006-05-06 00:00:00,2006,Meteorological,0.252088,INDECI
2006-05-14 00:00:00,2006,Meteorological,0.02275,INDECI
2006-05-20 00:00:00,2006,Meteorological,0.366238,INDECI
2006-05-26 00:00:00,2006,Meteorological,0.03185,INDECI
2006-06-02 00:00:00,2006,Meteorological,0.0182,INDECI
2006-06-09 00:00:00,2006,Meteorological,0.283014,INDECI
2006-06-15 00:00:00,2006,Meteorological,0.121032,INDECI
2006-06-22 00:00:00,2006,Meteorological,0.149743,INDECI
2006-06-28 00:00:00,2006,Meteorological,0.540936,INDECI
2006-07-04 00:00:00,2006,Meteorological,0.02275,INDECI
2006-07-11 00:00:00,2006,Meteorological,0.70985,INDECI
2006-07-17 00:00:00,2006,Meteorological,0.205417,INDECI
2006-07-24 00:00:00,2006,Meteorological,0.355834,INDECI
2006-07-30 00:00:00,2006,Meteorological,0.192671,INDECI
2006-08-05 00:00:00,2006,Meteorological,0.319157,INDECI
2006-08-11 00:00:00,2006,Meteorological,0.501177,INDECI
2006-08-17 00:00:00,2006,Meteorological,0.22751,INDECI
2006-08-23 00:00:00,2006,Meteorological,0.314874,INDECI
2006-08-29 00:00:00,2006,Meteorological,0.189292,INDECI
2006-09-04 00:00:00,2006,Meteorological,0.771084,INDECI
2006-09-10 00:00:00,2006,Meteorological,0.50726,INDECI
2006-09-16 00:00:00,2006,Meteorological,0.504156,INDECI
2006-09-22 00:00:00,2006,Meteorological,0.437477,INDECI
2006-09-28 00:00:00,2006,Meteorological,0.908232,INDECI
2006-10-04 00:00:00,2006,Meteorological,0.101014,INDECI
2006-10-10 00:00:00,2006,Meteorological,0.345439,INDECI
2006-10-16 00:00:00,2006,Meteorological,0.30941,INDECI
2006-10-22 00:00:00,2006,Meteorological,0.34581,INDECI
2006-10-28 00:00:00,2006,Meteorological,0.05005,INDECI
2006-11-03 00:00:00,2006,Meteorological,0.129228,INDECI
2006-11-09 00:00:00,2006,Meteorological,0.061882,INDECI
2006-11-15 00:00:00,2006,Meteorological,0.087364,INDECI
2006-11-22 00:00:00,2006,Meteorological,0.043682,INDECI
2006-11-28 00:00:00,2006,Meteorological,0.031593,INDECI
2006-12-04 00:00:00,2006,Meteorological,0.280674,INDECI
2006-12-10 00:00:00,2006,Meteorological,0.02275,INDECI
2006-12-18 00:00:00,2006,Meteorological,0.03185,INDECI
2006-12-30 00:00:00,2006,Meteorological,0.06825,INDECI
2007-01-01 00:00:00,2007,Climatological,2.7026286,INDECI
2007-01-17 00:00:00,2007,Climatological,26.383775,INDECI
2007-02-02 00:00:00,2007,Climatological,5.295882,INDECI
2007-02-18 00:00:00,2007,Climatological,1.449707,INDECI
2007-03-07 00:00:00,2007,Climatological,3.07582,INDECI
2007-03-23 00:00:00,2007,Climatological,4.073096,INDECI
2007-04-14 00:00:00,2007,Climatological,0.027738,INDECI
2007-05-15 00:00:00,2007,Climatological,2.554322,INDECI
2007-06-01 00:00:00,2007,Climatological,2.838775,INDECI
2007-06-20 00:00:00,2007,Climatological,7.188058,INDECI
2007-07-15 00:00:00,2007,Climatological,1.685,INDECI
2007-07-31 00:00:00,2007,Climatological,0.6331,INDECI
2007-08-27 00:00:00,2007,Climatological,13.747337,INDECI
2007-09-12 00:00:00,2007,Climatological,0.237514,INDECI
2007-10-20 00:00:00,2007,Climatological,0.025482,INDECI
2007-11-09 00:00:00,2007,Climatological,0.2002,INDECI
2007-11-28 00:00:00,2007,Climatological,0.057332,INDECI
2007-02-02 00:00:00,2007,Geophysical,0.025482,INDECI
2007-06-11 00:00:00,2007,Geophysical,0.00455,INDECI
2007-06-25 00:00:00,2007,Geophysical,0.050964,INDECI
2007-08-15 00:00:00,2007,Geophysical,2479.865515,INDECI
2007-08-24 00:00:00,2007,Geophysical,0.00455,INDECI
2007-09-19 00:00:00,2007,Geophysical,0.00455,INDECI
2007-10-10 00:00:00,2007,Geophysical,0.00455,INDECI
2007-01-01 00:00:00,2007,Hydrological,14.50485284,INDECI
2007-01-04 00:00:00,2007,Hydrological,1.183863,INDECI
2007-01-07 00:00:00,2007,Hydrological,9.8101416,INDECI
2007-01-10 00:00:00,2007,Hydrological,6.4239964,INDECI
2007-01-13 00:00:00,2007,Hydrological,1.3442506,INDECI
2007-01-16 00:00:00,2007,Hydrological,0.606998,INDECI
2007-01-19 00:00:00,2007,Hydrological,18.8956484,INDECI
2007-01-22 00:00:00,2007,Hydrological,0.2084986,INDECI
2007-01-25 00:00:00,2007,Hydrological,0.333074,INDECI
2007-01-28 00:00:00,2007,Hydrological,1.067792,INDECI
2007-01-31 00:00:00,2007,Hydrological,6.1558278,INDECI
2007-02-03 00:00:00,2007,Hydrological,2.5375206,INDECI
2007-02-06 00:00:00,2007,Hydrological,2.34097696,INDECI
2007-02-09 00:00:00,2007,Hydrological,0.161978,INDECI
2007-02-12 00:00:00,2007,Hydrological,5.315636,INDECI
2007-02-15 00:00:00,2007,Hydrological,4.803341,INDECI
2007-02-18 00:00:00,2007,Hydrological,0.1813028,INDECI
2007-02-21 00:00:00,2007,Hydrological,0.472296,INDECI
2007-02-24 00:00:00,2007,Hydrological,0.485413,INDECI
2007-02-28 00:00:00,2007,Hydrological,2.741256,INDECI
2007-03-03 00:00:00,2007,Hydrological,0.970584,INDECI
2007-03-06 00:00:00,2007,Hydrological,1.620964,INDECI
2007-03-09 00:00:00,2007,Hydrological,2.41990488,INDECI
2007-03-12 00:00:00,2007,Hydrological,2.99475976,INDECI
2007-03-15 00:00:00,2007,Hydrological,3.1219083999999997,INDECI
2007-03-18 00:00:00,2007,Hydrological,5.38406824,INDECI
2007-03-21 00:00:00,2007,Hydrological,7.4268626,INDECI
2007-03-24 00:00:00,2007,Hydrological,0.64588076,INDECI
2007-03-27 00:00:00,2007,Hydrological,0.896983,INDECI
2007-03-30 00:00:00,2007,Hydrological,3.435704,INDECI
2007-04-02 00:00:00,2007,Hydrological,4.1492884,INDECI
2007-04-05 00:00:00,2007,Hydrological,5.458264,INDECI
2007-04-08 00:00:00,2007,Hydrological,29.7920465,INDECI
2007-04-11 00:00:00,2007,Hydrological,1.487976,INDECI
2007-04-14 00:00:00,2007,Hydrological,2.06270364,INDECI
2007-04-17 00:00:00,2007,Hydrological,1.70983,INDECI
2007-04-20 00:00:00,2007,Hydrological,0.417986,INDECI
2007-04-23 00:00:00,2007,Hydrological,0.326026,INDECI
2007-04-26 00:00:00,2007,Hydrological,0.15018820000000002,INDECI
2007-04-29 00:00:00,2007,Hydrological,0.288204,INDECI
2007-05-02 00:00:00,2007,Hydrological,0.0255195,INDECI
2007-05-05 00:00:00,2007,Hydrological,1.231224,INDECI
2007-05-08 00:00:00,2007,Hydrological,0.40919340000000004,INDECI
2007-05-11 00:00:00,2007,Hydrological,2.42816,INDECI
2007-05-14 00:00:00,2007,Hydrological,0.287497,INDECI
2007-05-18 00:00:00,2007,Hydrological,0.270852,INDECI
2007-05-21 00:00:00,2007,Hydrological,0.043682,INDECI
2007-05-24 00:00:00,2007,Hydrological,0.14561,INDECI
2007-05-28 00:00:00,2007,Hydrological,0.192024,INDECI
2007-05-31 00:00:00,2007,Hydrological,0.0273,INDECI
2007-06-03 00:00:00,2007,Hydrological,0.090848,INDECI
2007-06-08 00:00:00,2007,Hydrological,0.0728,INDECI
2007-06-11 00:00:00,2007,Hydrological,0.043682,INDECI
2007-06-14 00:00:00,2007,Hydrological,0.179547,INDECI
2007-06-17 00:00:00,2007,Hydrological,0.09557976,INDECI
2007-06-22 00:00:00,2007,Hydrological,0.1365,INDECI
2007-06-25 00:00:00,2007,Hydrological,0.269374,INDECI
2007-06-29 00:00:00,2007,Hydrological,0.241909,INDECI
2007-07-03 00:00:00,2007,Hydrological,0.496894,INDECI
2007-07-07 00:00:00,2007,Hydrological,0.043682,INDECI
2007-07-11 00:00:00,2007,Hydrological,0.060064,INDECI
2007-07-15 00:00:00,2007,Hydrological,0.27302,INDECI
2007-07-19 00:00:00,2007,Hydrological,0.025482,INDECI
2007-07-23 00:00:00,2007,Hydrological,0.726622,INDECI
2007-07-26 00:00:00,2007,Hydrological,0.309178,INDECI
2007-07-30 00:00:00,2007,Hydrological,1.488864,INDECI
2007-08-02 00:00:00,2007,Hydrological,0.034582,INDECI
2007-08-05 00:00:00,2007,Hydrological,0.152892,INDECI
2007-08-08 00:00:00,2007,Hydrological,0.220798,INDECI
2007-08-12 00:00:00,2007,Hydrological,0.094389,INDECI
2007-08-15 00:00:00,2007,Hydrological,1.32693,INDECI
2007-08-18 00:00:00,2007,Hydrological,0.152892,INDECI
2007-08-22 00:00:00,2007,Hydrological,0.00455,INDECI
2007-08-25 00:00:00,2007,Hydrological,0.055514,INDECI
2007-08-28 00:00:00,2007,Hydrological,0.261188,INDECI
2007-08-31 00:00:00,2007,Hydrological,0.444092,INDECI
2007-09-03 00:00:00,2007,Hydrological,0.027864,INDECI
2007-09-06 00:00:00,2007,Hydrological,0.030032,INDECI
2007-09-10 00:00:00,2007,Hydrological,0.0091,INDECI
2007-09-15 00:00:00,2007,Hydrological,0.14106,INDECI
2007-09-21 00:00:00,2007,Hydrological,0.125768,INDECI
2007-09-24 00:00:00,2007,Hydrological,0.15016,INDECI
2007-10-01 00:00:00,2007,Hydrological,0.152882,INDECI
2007-10-07 00:00:00,2007,Hydrological,0.2275,INDECI
2007-10-10 00:00:00,2007,Hydrological,0.633364,INDECI
2007-10-14 00:00:00,2007,Hydrological,0.124421,INDECI
2007-10-17 00:00:00,2007,Hydrological,0.055514,INDECI
2007-10-20 00:00:00,2007,Hydrological,0.906364,INDECI
2007-10-23 00:00:00,2007,Hydrological,0.176546,INDECI
2007-10-28 00:00:00,2007,Hydrological,0.124678,INDECI
2007-11-01 00:00:00,2007,Hydrological,0.076446,INDECI
2007-11-04 00:00:00,2007,Hydrological,0.493258,INDECI
2007-11-07 00:00:00,2007,Hydrological,0.29615,INDECI
2007-11-10 00:00:00,2007,Hydrological,0.193842,INDECI
2007-11-13 00:00:00,2007,Hydrological,0.048232,INDECI
2007-11-16 00:00:00,2007,Hydrological,0.128471,INDECI
2007-11-19 00:00:00,2007,Hydrological,0.951934,INDECI
2007-11-22 00:00:00,2007,Hydrological,0.634945,INDECI
2007-11-25 00:00:00,2007,Hydrological,8.163918,INDECI
2007-11-29 00:00:00,2007,Hydrological,0.238438,INDECI
2007-12-02 00:00:00,2007,Hydrological,0.153268,INDECI
2007-12-05 00:00:00,2007,Hydrological,1.976801,INDECI
2007-12-08 00:00:00,2007,Hydrological,0.212956,INDECI
2007-12-12 00:00:00,2007,Hydrological,0.30942,INDECI
2007-12-15 00:00:00,2007,Hydrological,0.201114,INDECI
2007-12-18 00:00:00,2007,Hydrological,0.87121,INDECI
2007-12-22 00:00:00,2007,Hydrological,0.39132,INDECI
2007-12-25 00:00:00,2007,Hydrological,0.287564,INDECI
2007-12-28 00:00:00,2007,Hydrological,0.120128,INDECI
2007-01-07 00:00:00,2007,Meteorological,0.111028,INDECI
2007-01-13 00:00:00,2007,Meteorological,0.101014,INDECI
2007-01-19 00:00:00,2007,Meteorological,0.161078,INDECI
2007-01-25 00:00:00,2007,Meteorological,0.199296,INDECI
2007-02-01 00:00:00,2007,Meteorological,0.626122,INDECI
2007-02-07 00:00:00,2007,Meteorological,0.668501,INDECI
2007-02-13 00:00:00,2007,Meteorological,1.045114,INDECI
2007-02-19 00:00:00,2007,Meteorological,1.853431,INDECI
2007-02-26 00:00:00,2007,Meteorological,0.132864,INDECI
2007-03-04 00:00:00,2007,Meteorological,0.374034,INDECI
2007-03-10 00:00:00,2007,Meteorological,0.184742,INDECI
2007-03-18 00:00:00,2007,Meteorological,0.387674,INDECI
2007-03-24 00:00:00,2007,Meteorological,0.125582,INDECI
2007-04-02 00:00:00,2007,Meteorological,0.410434,INDECI
2007-04-08 00:00:00,2007,Meteorological,0.115578,INDECI
2007-04-14 00:00:00,2007,Meteorological,0.622446,INDECI
2007-04-20 00:00:00,2007,Meteorological,0.697114,INDECI
2007-04-29 00:00:00,2007,Meteorological,0.0364,INDECI
2007-05-08 00:00:00,2007,Meteorological,0.0364,INDECI
2007-05-14 00:00:00,2007,Meteorological,0.057332,INDECI
2007-05-20 00:00:00,2007,Meteorological,0.575148,INDECI
2007-05-27 00:00:00,2007,Meteorological,0.057332,INDECI
2007-06-02 00:00:00,2007,Meteorological,0.264814,INDECI
2007-06-10 00:00:00,2007,Meteorological,0.37767,INDECI
2007-06-16 00:00:00,2007,Meteorological,0.046182,INDECI
2007-06-22 00:00:00,2007,Meteorological,0.490526,INDECI
2007-06-30 00:00:00,2007,Meteorological,0.45955,INDECI
2007-07-09 00:00:00,2007,Meteorological,0.078264,INDECI
2007-07-15 00:00:00,2007,Meteorological,0.360384,INDECI
2007-07-21 00:00:00,2007,Meteorological,0.387152,INDECI
2007-07-27 00:00:00,2007,Meteorological,0.374948,INDECI
2007-08-02 00:00:00,2007,Meteorological,0.342184,INDECI
2007-08-08 00:00:00,2007,Meteorological,0.214774,INDECI
2007-08-14 00:00:00,2007,Meteorological,1.112078,INDECI
2007-08-23 00:00:00,2007,Meteorological,0.724374,INDECI
2007-08-30 00:00:00,2007,Meteorological,0.691002,INDECI
2007-09-05 00:00:00,2007,Meteorological,0.110114,INDECI
2007-09-11 00:00:00,2007,Meteorological,0.544602,INDECI
2007-09-17 00:00:00,2007,Meteorological,0.565801,INDECI
2007-09-23 00:00:00,2007,Meteorological,1.371448,INDECI
2007-09-29 00:00:00,2007,Meteorological,2.432018,INDECI
2007-10-05 00:00:00,2007,Meteorological,2.146098,INDECI
2007-10-11 00:00:00,2007,Meteorological,0.661321,INDECI
2007-10-17 00:00:00,2007,Meteorological,0.245843,INDECI
2007-10-23 00:00:00,2007,Meteorological,0.449085,INDECI
2007-10-29 00:00:00,2007,Meteorological,0.586466,INDECI
2007-11-05 00:00:00,2007,Meteorological,1.776561,INDECI
2007-11-11 00:00:00,2007,Meteorological,0.431366,INDECI
2007-11-17 00:00:00,2007,Meteorological,0.487794,INDECI
2007-11-23 00:00:00,2007,Meteorological,2.060396,INDECI
2007-11-29 00:00:00,2007,Meteorological,2.599791,INDECI
2007-12-05 00:00:00,2007,Meteorological,1.45609,INDECI
2007-12-13 00:00:00,2007,Meteorological,0.443188,INDECI
2007-12-19 00:00:00,2007,Meteorological,0.17745,INDECI
2007-12-25 00:00:00,2007,Meteorological,0.261188,INDECI
2008-01-01 00:00:00,2008,Climatological,3.225274,INDECI
2008-01-22 00:00:00,2008,Climatological,0.26,INDECI
2008-02-08 00:00:00,2008,Climatological,0.921707,INDECI
2008-02-28 00:00:00,2008,Climatological,5.06289,INDECI
2008-03-15 00:00:00,2008,Climatological,28.22,INDECI
2008-03-31 00:00:00,2008,Climatological,0.908856,INDECI
2008-04-16 00:00:00,2008,Climatological,17.13801,INDECI
2008-05-05 00:00:00,2008,Climatological,2.929001,INDECI
2008-05-22 00:00:00,2008,Climatological,9.272595,INDECI
2008-06-08 00:00:00,2008,Climatological,1.923595,INDECI
2008-06-24 00:00:00,2008,Climatological,11.722375,INDECI
2008-07-12 00:00:00,2008,Climatological,0.475225,INDECI
2008-07-31 00:00:00,2008,Climatological,1.160143,INDECI
2008-08-25 00:00:00,2008,Climatological,2.642754,INDECI
2008-09-12 00:00:00,2008,Climatological,0.878675,INDECI
2008-10-02 00:00:00,2008,Climatological,0.352214,INDECI
2008-10-20 00:00:00,2008,Climatological,0.751517,INDECI
2008-11-17 00:00:00,2008,Climatological,0.284484,INDECI
2008-12-16 00:00:00,2008,Climatological,1.107142,INDECI
2008-03-31 00:00:00,2008,Geophysical,1.248618,INDECI
2008-04-14 00:00:00,2008,Geophysical,0.025482,INDECI
2008-04-23 00:00:00,2008,Geophysical,0.38223,INDECI
2008-06-03 00:00:00,2008,Geophysical,0.017943,INDECI
2008-06-10 00:00:00,2008,Geophysical,0.025482,INDECI
2008-06-30 00:00:00,2008,Geophysical,1.7677262,INDECI
2008-07-08 00:00:00,2008,Geophysical,0.0543548,INDECI
2008-12-18 00:00:00,2008,Geophysical,0.025482,INDECI
2008-01-01 00:00:00,2008,Hydrological,14.0000184,INDECI
2008-01-05 00:00:00,2008,Hydrological,7.2525271799999995,INDECI
2008-01-08 00:00:00,2008,Hydrological,197.77512956,INDECI
2008-01-11 00:00:00,2008,Hydrological,8.41879402,INDECI
2008-01-14 00:00:00,2008,Hydrological,17.6809425,INDECI
2008-01-17 00:00:00,2008,Hydrological,7.321078,INDECI
2008-01-20 00:00:00,2008,Hydrological,33.0421208,INDECI
2008-01-23 00:00:00,2008,Hydrological,27.14711808,INDECI
2008-01-26 00:00:00,2008,Hydrological,19.122875399999998,INDECI
2008-01-29 00:00:00,2008,Hydrological,19.72160264,INDECI
2008-02-01 00:00:00,2008,Hydrological,61.789409,INDECI
2008-02-04 00:00:00,2008,Hydrological,8.338753,INDECI
2008-02-07 00:00:00,2008,Hydrological,3.434034,INDECI
2008-02-10 00:00:00,2008,Hydrological,3.366126,INDECI
2008-02-13 00:00:00,2008,Hydrological,60.378199439999996,INDECI
2008-02-16 00:00:00,2008,Hydrological,107.60098151999999,INDECI
2008-02-19 00:00:00,2008,Hydrological,148.99473144,INDECI
2008-02-22 00:00:00,2008,Hydrological,6.44360828,INDECI
2008-02-25 00:00:00,2008,Hydrological,58.11286344,INDECI
2008-02-28 00:00:00,2008,Hydrological,32.39664734,INDECI
2008-03-02 00:00:00,2008,Hydrological,24.1294895,INDECI
2008-03-05 00:00:00,2008,Hydrological,10.41882408,INDECI
2008-03-09 00:00:00,2008,Hydrological,9.58816784,INDECI
2008-03-12 00:00:00,2008,Hydrological,18.578247,INDECI
2008-03-15 00:00:00,2008,Hydrological,10.45477516,INDECI
2008-03-18 00:00:00,2008,Hydrological,2.8224681,INDECI
2008-03-21 00:00:00,2008,Hydrological,0.47281044,INDECI
2008-03-24 00:00:00,2008,Hydrological,7.347494,INDECI
2008-03-27 00:00:00,2008,Hydrological,7.233751,INDECI
2008-03-30 00:00:00,2008,Hydrological,18.1274584,INDECI
2008-04-02 00:00:00,2008,Hydrological,5.66644756,INDECI
2008-04-05 00:00:00,2008,Hydrological,7.62279792,INDECI
2008-04-08 00:00:00,2008,Hydrological,13.65840802,INDECI
2008-04-11 00:00:00,2008,Hydrological,11.04047908,INDECI
2008-04-14 00:00:00,2008,Hydrological,15.41726228,INDECI
2008-04-17 00:00:00,2008,Hydrological,0.49215640000000005,INDECI
2008-04-20 00:00:00,2008,Hydrological,0.730314,INDECI
2008-04-23 00:00:00,2008,Hydrological,1.412696,INDECI
2008-04-26 00:00:00,2008,Hydrological,0.19797,INDECI
2008-04-29 00:00:00,2008,Hydrological,0.129228,INDECI
2008-05-04 00:00:00,2008,Hydrological,0.2498564,INDECI
2008-05-08 00:00:00,2008,Hydrological,0.234674,INDECI
2008-05-12 00:00:00,2008,Hydrological,0.84636,INDECI
2008-05-15 00:00:00,2008,Hydrological,0.768703,INDECI
2008-05-18 00:00:00,2008,Hydrological,6.683194,INDECI
2008-05-21 00:00:00,2008,Hydrological,0.841094,INDECI
2008-05-24 00:00:00,2008,Hydrological,0.064614,INDECI
2008-05-27 00:00:00,2008,Hydrological,0.037154,INDECI
2008-05-30 00:00:00,2008,Hydrological,0.328534,INDECI
2008-06-02 00:00:00,2008,Hydrological,0.830615,INDECI
2008-06-05 00:00:00,2008,Hydrological,0.214774,INDECI
2008-06-08 00:00:00,2008,Hydrological,0.187474,INDECI
2008-06-11 00:00:00,2008,Hydrological,0.365828,INDECI
2008-06-14 00:00:00,2008,Hydrological,6.776909,INDECI
2008-06-18 00:00:00,2008,Hydrological,0.44258359999999997,INDECI
2008-06-22 00:00:00,2008,Hydrological,0.421362,INDECI
2008-06-25 00:00:00,2008,Hydrological,0.052525,INDECI
2008-06-29 00:00:00,2008,Hydrological,0.409425,INDECI
2008-07-02 00:00:00,2008,Hydrological,0.101566,INDECI
2008-07-05 00:00:00,2008,Hydrological,0.243025,INDECI
2008-07-08 00:00:00,2008,Hydrological,0.319424,INDECI
2008-07-12 00:00:00,2008,Hydrological,0.0893712,INDECI
2008-07-15 00:00:00,2008,Hydrological,0.101014,INDECI
2008-07-18 00:00:00,2008,Hydrological,0.132148,INDECI
2008-07-21 00:00:00,2008,Hydrological,0.101928,INDECI
2008-07-25 00:00:00,2008,Hydrological,0.101928,INDECI
2008-07-28 00:00:00,2008,Hydrological,0.14106,INDECI
2008-07-31 00:00:00,2008,Hydrological,0.0091,INDECI
2008-08-05 00:00:00,2008,Hydrological,0.076446,INDECI
2008-08-08 00:00:00,2008,Hydrological,0.02275,INDECI
2008-08-12 00:00:00,2008,Hydrological,0.091914,INDECI
2008-08-17 00:00:00,2008,Hydrological,0.298502,INDECI
2008-08-20 00:00:00,2008,Hydrological,0.0634734,INDECI
2008-08-25 00:00:00,2008,Hydrological,0.056454,INDECI
2008-08-28 00:00:00,2008,Hydrological,0.1110468,INDECI
2008-08-31 00:00:00,2008,Hydrological,0.13651,INDECI
2008-09-03 00:00:00,2008,Hydrological,0.220228,INDECI
2008-09-07 00:00:00,2008,Hydrological,0.175642,INDECI
2008-09-10 00:00:00,2008,Hydrological,0.093732,INDECI
2008-09-13 00:00:00,2008,Hydrological,0.52784,INDECI
2008-09-16 00:00:00,2008,Hydrological,0.247538,INDECI
2008-09-19 00:00:00,2008,Hydrological,0.682807,INDECI
2008-09-22 00:00:00,2008,Hydrological,0.152892,INDECI
2008-09-25 00:00:00,2008,Hydrological,0.09775,INDECI
2008-09-28 00:00:00,2008,Hydrological,0.17746,INDECI
2008-10-02 00:00:00,2008,Hydrological,0.378574,INDECI
2008-10-06 00:00:00,2008,Hydrological,0.048232,INDECI
2008-10-09 00:00:00,2008,Hydrological,0.284852,INDECI
2008-10-12 00:00:00,2008,Hydrological,0.997573,INDECI
2008-10-15 00:00:00,2008,Hydrological,0.01365,INDECI
2008-10-19 00:00:00,2008,Hydrological,0.108296,INDECI
2008-10-22 00:00:00,2008,Hydrological,0.273924,INDECI
2008-10-25 00:00:00,2008,Hydrological,0.232974,INDECI
2008-10-28 00:00:00,2008,Hydrological,0.1035228,INDECI
2008-10-31 00:00:00,2008,Hydrological,1.1357648,INDECI
2008-11-03 00:00:00,2008,Hydrological,3.1578772,INDECI
2008-11-07 00:00:00,2008,Hydrological,0.362859,INDECI
2008-11-10 00:00:00,2008,Hydrological,1.661684,INDECI
2008-11-13 00:00:00,2008,Hydrological,0.597004,INDECI
2008-11-17 00:00:00,2008,Hydrological,0.9993704,INDECI
2008-11-20 00:00:00,2008,Hydrological,0.039132,INDECI
2008-11-24 00:00:00,2008,Hydrological,0.06825,INDECI
2008-11-27 00:00:00,2008,Hydrological,0.181096,INDECI
2008-12-01 00:00:00,2008,Hydrological,0.120128,INDECI
2008-12-04 00:00:00,2008,Hydrological,0.107382,INDECI
2008-12-08 00:00:00,2008,Hydrological,0.507782,INDECI
2008-12-11 00:00:00,2008,Hydrological,0.254084,INDECI
2008-12-14 00:00:00,2008,Hydrological,0.931557,INDECI
2008-12-17 00:00:00,2008,Hydrological,0.171996,INDECI
2008-12-20 00:00:00,2008,Hydrological,0.106478,INDECI
2008-12-24 00:00:00,2008,Hydrological,0.058464,INDECI
2008-12-27 00:00:00,2008,Hydrological,0.458646,INDECI
2008-12-31 00:00:00,2008,Hydrological,0.2368001,INDECI
2008-01-01 00:00:00,2008,Meteorological,1.134976,INDECI
2008-01-07 00:00:00,2008,Meteorological,0.189589,INDECI
2008-01-13 00:00:00,2008,Meteorological,0.155357,INDECI
2008-01-19 00:00:00,2008,Meteorological,0.079825,INDECI
2008-01-25 00:00:00,2008,Meteorological,0.569694,INDECI
2008-02-01 00:00:00,2008,Meteorological,0.352303,INDECI
2008-02-07 00:00:00,2008,Meteorological,0.575324,INDECI
2008-02-13 00:00:00,2008,Meteorological,0.63879,INDECI
2008-02-22 00:00:00,2008,Meteorological,0.876518,INDECI
2008-03-01 00:00:00,2008,Meteorological,0.317006,INDECI
2008-03-07 00:00:00,2008,Meteorological,0.849092,INDECI
2008-03-14 00:00:00,2008,Meteorological,0.46452,INDECI
2008-03-20 00:00:00,2008,Meteorological,0.561736,INDECI
2008-03-28 00:00:00,2008,Meteorological,0.957368,INDECI
2008-04-03 00:00:00,2008,Meteorological,0.487577,INDECI
2008-04-12 00:00:00,2008,Meteorological,0.214774,INDECI
2008-04-19 00:00:00,2008,Meteorological,0.285903,INDECI
2008-04-25 00:00:00,2008,Meteorological,0.307602,INDECI
2008-05-02 00:00:00,2008,Meteorological,0.680732,INDECI
2008-05-08 00:00:00,2008,Meteorological,2.20951,INDECI
2008-05-14 00:00:00,2008,Meteorological,0.071772,INDECI
2008-05-22 00:00:00,2008,Meteorological,0.367789,INDECI
2008-05-28 00:00:00,2008,Meteorological,0.242721,INDECI
2008-06-05 00:00:00,2008,Meteorological,0.0914,INDECI
2008-06-11 00:00:00,2008,Meteorological,0.202942,INDECI
2008-06-18 00:00:00,2008,Meteorological,0.121432,INDECI
2008-06-24 00:00:00,2008,Meteorological,0.217239,INDECI
2008-06-30 00:00:00,2008,Meteorological,0.437734,INDECI
2008-07-07 00:00:00,2008,Meteorological,0.039132,INDECI
2008-07-13 00:00:00,2008,Meteorological,0.22516,INDECI
2008-07-21 00:00:00,2008,Meteorological,0.02275,INDECI
2008-07-27 00:00:00,2008,Meteorological,0.239182,INDECI
2008-08-03 00:00:00,2008,Meteorological,0.813936,INDECI
2008-08-11 00:00:00,2008,Meteorological,0.361688,INDECI
2008-08-17 00:00:00,2008,Meteorological,0.32801,INDECI
2008-08-24 00:00:00,2008,Meteorological,0.818803,INDECI
2008-08-31 00:00:00,2008,Meteorological,0.087364,INDECI
2008-09-06 00:00:00,2008,Meteorological,1.012758,INDECI
2008-09-12 00:00:00,2008,Meteorological,0.146257,INDECI
2008-09-18 00:00:00,2008,Meteorological,0.982071,INDECI
2008-09-24 00:00:00,2008,Meteorological,1.050152,INDECI
2008-09-30 00:00:00,2008,Meteorological,0.411481,INDECI
2008-10-06 00:00:00,2008,Meteorological,1.06472,INDECI
2008-10-12 00:00:00,2008,Meteorological,6.292341,INDECI
2008-10-20 00:00:00,2008,Meteorological,0.616765,INDECI
2008-10-26 00:00:00,2008,Meteorological,0.2639,INDECI
2008-11-02 00:00:00,2008,Meteorological,1.142367,INDECI
2008-11-08 00:00:00,2008,Meteorological,4.427402,INDECI
2008-11-14 00:00:00,2008,Meteorological,1.542799,INDECI
2008-11-20 00:00:00,2008,Meteorological,1.082036,INDECI
2008-11-26 00:00:00,2008,Meteorological,0.650022,INDECI
2008-12-02 00:00:00,2008,Meteorological,0.117396,INDECI
2008-12-08 00:00:00,2008,Meteorological,0.160821,INDECI
2008-12-14 00:00:00,2008,Meteorological,0.20021,INDECI
2008-12-20 00:00:00,2008,Meteorological,0.187474,INDECI
2008-12-27 00:00:00,2008,Meteorological,0.094646,INDECI
2009-01-02 00:00:00,2009,Climatological,0.0473,INDECI
2009-01-28 00:00:00,2009,Climatological,0.040975,INDECI
2009-03-04 00:00:00,2009,Climatological,1.008312,INDECI
2009-03-21 00:00:00,2009,Climatological,0.524469,INDECI
2009-04-22 00:00:00,2009,Climatological,1.46927,INDECI
2009-05-12 00:00:00,2009,Climatological,0.931314,INDECI
2009-05-28 00:00:00,2009,Climatological,14.384077,INDECI
2009-06-15 00:00:00,2009,Climatological,5.64652,INDECI
2009-07-01 00:00:00,2009,Climatological,4.698605,INDECI
2009-07-17 00:00:00,2009,Climatological,52.021027,INDECI
2009-08-02 00:00:00,2009,Climatological,0.590566,INDECI
2009-08-20 00:00:00,2009,Climatological,0.13195,INDECI
2009-09-06 00:00:00,2009,Climatological,0.1183,INDECI
2009-10-10 00:00:00,2009,Climatological,0.030032,INDECI
2009-11-08 00:00:00,2009,Climatological,0.406798,INDECI
2009-11-28 00:00:00,2009,Climatological,0.470484,INDECI
2009-12-22 00:00:00,2009,Climatological,0.612926,INDECI
2009-01-21 00:00:00,2009,Geophysical,6.767228,INDECI
2009-07-02 00:00:00,2009,Geophysical,0.095036,INDECI
2009-07-30 00:00:00,2009,Geophysical,0.052782,INDECI
2009-01-03 00:00:00,2009,Hydrological,4.316258,INDECI
2009-01-06 00:00:00,2009,Hydrological,0.5807441999999999,INDECI
2009-01-09 00:00:00,2009,Hydrological,0.6487908,INDECI
2009-01-12 00:00:00,2009,Hydrological,9.570549,INDECI
2009-01-15 00:00:00,2009,Hydrological,2.564286,INDECI
2009-01-18 00:00:00,2009,Hydrological,5.88395888,INDECI
2009-01-21 00:00:00,2009,Hydrological,1.691547,INDECI
2009-01-24 00:00:00,2009,Hydrological,0.45007964,INDECI
2009-01-27 00:00:00,2009,Hydrological,6.4666675,INDECI
2009-01-30 00:00:00,2009,Hydrological,1.832514,INDECI
2009-02-02 00:00:00,2009,Hydrological,4.7323344,INDECI
2009-02-05 00:00:00,2009,Hydrological,1.073603,INDECI
2009-02-08 00:00:00,2009,Hydrological,2.156587,INDECI
2009-02-11 00:00:00,2009,Hydrological,1.8033929199999998,INDECI
2009-02-14 00:00:00,2009,Hydrological,2.52911748,INDECI
2009-02-17 00:00:00,2009,Hydrological,0.5534424,INDECI
2009-02-20 00:00:00,2009,Hydrological,7.5990944,INDECI
2009-02-23 00:00:00,2009,Hydrological,2.3501339,INDECI
2009-02-26 00:00:00,2009,Hydrological,12.56460352,INDECI
2009-03-01 00:00:00,2009,Hydrological,4.479354,INDECI
2009-03-04 00:00:00,2009,Hydrological,8.17472916,INDECI
2009-03-07 00:00:00,2009,Hydrological,5.73481814,INDECI
2009-03-10 00:00:00,2009,Hydrological,11.4339224,INDECI
2009-03-13 00:00:00,2009,Hydrological,24.60631,INDECI
2009-03-16 00:00:00,2009,Hydrological,16.785464,INDECI
2009-03-19 00:00:00,2009,Hydrological,14.50109214,INDECI
2009-03-22 00:00:00,2009,Hydrological,3.649525,INDECI
2009-03-25 00:00:00,2009,Hydrological,6.630032,INDECI
2009-03-28 00:00:00,2009,Hydrological,6.35308314,INDECI
2009-03-31 00:00:00,2009,Hydrological,80.4072512,INDECI
2009-04-03 00:00:00,2009,Hydrological,12.289301,INDECI
2009-04-06 00:00:00,2009,Hydrological,9.35454,INDECI
2009-04-09 00:00:00,2009,Hydrological,1.6501194,INDECI
2009-04-12 00:00:00,2009,Hydrological,2.199484,INDECI
2009-04-15 00:00:00,2009,Hydrological,22.796419,INDECI
2009-04-18 00:00:00,2009,Hydrological,1.310636,INDECI
2009-04-21 00:00:00,2009,Hydrological,2.956284,INDECI
2009-04-24 00:00:00,2009,Hydrological,9.429793,INDECI
2009-04-27 00:00:00,2009,Hydrological,4.1144689,INDECI
2009-04-30 00:00:00,2009,Hydrological,1.138013,INDECI
2009-05-04 00:00:00,2009,Hydrological,0.780986,INDECI
2009-05-07 00:00:00,2009,Hydrological,0.332478,INDECI
2009-05-10 00:00:00,2009,Hydrological,0.651604,INDECI
2009-05-14 00:00:00,2009,Hydrological,0.682425,INDECI
2009-05-18 00:00:00,2009,Hydrological,0.121946,INDECI
2009-05-22 00:00:00,2009,Hydrological,0.090096,INDECI
2009-05-25 00:00:00,2009,Hydrological,0.253906,INDECI
2009-05-28 00:00:00,2009,Hydrological,0.192024,INDECI
2009-06-01 00:00:00,2009,Hydrological,1.954518,INDECI
2009-06-05 00:00:00,2009,Hydrological,0.0097,INDECI
2009-06-08 00:00:00,2009,Hydrological,0.018825,INDECI
2009-06-15 00:00:00,2009,Hydrological,0.14106,INDECI
2009-06-18 00:00:00,2009,Hydrological,0.025482,INDECI
2009-06-26 00:00:00,2009,Hydrological,0.498702,INDECI
2009-06-29 00:00:00,2009,Hydrological,0.76446,INDECI
2009-07-03 00:00:00,2009,Hydrological,0.15015,INDECI
2009-07-07 00:00:00,2009,Hydrological,0.082814,INDECI
2009-07-10 00:00:00,2009,Hydrological,0.039132,INDECI
2009-07-20 00:00:00,2009,Hydrological,0.195128,INDECI
2009-07-23 00:00:00,2009,Hydrological,0.050964,INDECI
2009-07-29 00:00:00,2009,Hydrological,0.986446,INDECI
2009-08-01 00:00:00,2009,Hydrological,0.076446,INDECI
2009-08-06 00:00:00,2009,Hydrological,0.039132,INDECI
2009-08-11 00:00:00,2009,Hydrological,0.0091,INDECI
2009-08-15 00:00:00,2009,Hydrological,0.103996,INDECI
2009-08-22 00:00:00,2009,Hydrological,0.249356,INDECI
2009-08-26 00:00:00,2009,Hydrological,1.311848,INDECI
2009-09-01 00:00:00,2009,Hydrological,0.064614,INDECI
2009-09-04 00:00:00,2009,Hydrological,0.1274,INDECI
2009-09-07 00:00:00,2009,Hydrological,0.050964,INDECI
2009-09-13 00:00:00,2009,Hydrological,0.025482,INDECI
2009-09-18 00:00:00,2009,Hydrological,0.057332,INDECI
2009-09-21 00:00:00,2009,Hydrological,0.832506,INDECI
2009-09-25 00:00:00,2009,Hydrological,0.030032,INDECI
2009-09-28 00:00:00,2009,Hydrological,10.754382,INDECI
2009-10-01 00:00:00,2009,Hydrological,0.0241,INDECI
2009-10-04 00:00:00,2009,Hydrological,2.500604,INDECI
2009-10-07 00:00:00,2009,Hydrological,1.070244,INDECI
2009-10-11 00:00:00,2009,Hydrological,5.148912,INDECI
2009-10-14 00:00:00,2009,Hydrological,0.6825,INDECI
2009-10-17 00:00:00,2009,Hydrological,0.866348,INDECI
2009-10-20 00:00:00,2009,Hydrological,0.35531,INDECI
2009-10-23 00:00:00,2009,Hydrological,0.147428,INDECI
2009-10-26 00:00:00,2009,Hydrological,2.198224,INDECI
2009-10-30 00:00:00,2009,Hydrological,0.1720336,INDECI
2009-11-02 00:00:00,2009,Hydrological,0.055514,INDECI
2009-11-05 00:00:00,2009,Hydrological,2.0450383999999997,INDECI
2009-11-09 00:00:00,2009,Hydrological,0.203856,INDECI
2009-11-12 00:00:00,2009,Hydrological,0.480482,INDECI
2009-11-16 00:00:00,2009,Hydrological,0.14106,INDECI
2009-11-19 00:00:00,2009,Hydrological,0.207492,INDECI
2009-11-23 00:00:00,2009,Hydrological,0.4040654,INDECI
2009-11-26 00:00:00,2009,Hydrological,0.840032,INDECI
2009-11-29 00:00:00,2009,Hydrological,1.17407,INDECI
2009-12-02 00:00:00,2009,Hydrological,1.625256,INDECI
2009-12-05 00:00:00,2009,Hydrological,0.837554,INDECI
2009-12-08 00:00:00,2009,Hydrological,1.415763,INDECI
2009-12-11 00:00:00,2009,Hydrological,1.10655,INDECI
2009-12-14 00:00:00,2009,Hydrological,6.8571278,INDECI
2009-12-17 00:00:00,2009,Hydrological,0.233888,INDECI
2009-12-20 00:00:00,2009,Hydrological,0.500708,INDECI
2009-12-23 00:00:00,2009,Hydrological,0.085546,INDECI
2009-12-26 00:00:00,2009,Hydrological,0.247538,INDECI
2009-12-29 00:00:00,2009,Hydrological,0.960964,INDECI
2009-01-02 00:00:00,2009,Meteorological,1.618896,INDECI
2009-01-08 00:00:00,2009,Meteorological,0.394052,INDECI
2009-01-15 00:00:00,2009,Meteorological,0.590616,INDECI
2009-01-21 00:00:00,2009,Meteorological,0.484128,INDECI
2009-01-27 00:00:00,2009,Meteorological,0.428634,INDECI
2009-02-02 00:00:00,2009,Meteorological,0.907084,INDECI
2009-02-09 00:00:00,2009,Meteorological,0.361021,INDECI
2009-02-15 00:00:00,2009,Meteorological,0.0728,INDECI
2009-02-21 00:00:00,2009,Meteorological,0.34740388,INDECI
2009-02-27 00:00:00,2009,Meteorological,0.078264,INDECI
2009-03-08 00:00:00,2009,Meteorological,0.397688,INDECI
2009-03-16 00:00:00,2009,Meteorological,0.165628,INDECI
2009-03-24 00:00:00,2009,Meteorological,0.368721,INDECI
2009-03-30 00:00:00,2009,Meteorological,0.226606,INDECI
2009-04-05 00:00:00,2009,Meteorological,0.084632,INDECI
2009-04-12 00:00:00,2009,Meteorological,0.0273,INDECI
2009-04-19 00:00:00,2009,Meteorological,0.18656,INDECI
2009-05-01 00:00:00,2009,Meteorological,0.256381,INDECI
2009-05-11 00:00:00,2009,Meteorological,0.101714,INDECI
2009-05-17 00:00:00,2009,Meteorological,0.034582,INDECI
2009-05-23 00:00:00,2009,Meteorological,0.129228,INDECI
2009-05-30 00:00:00,2009,Meteorological,0.155996,INDECI
2009-06-05 00:00:00,2009,Meteorological,0.174196,INDECI
2009-06-13 00:00:00,2009,Meteorological,0.052782,INDECI
2009-06-19 00:00:00,2009,Meteorological,0.064614,INDECI
2009-06-25 00:00:00,2009,Meteorological,0.189292,INDECI
2009-07-02 00:00:00,2009,Meteorological,0.034582,INDECI
2009-07-08 00:00:00,2009,Meteorological,0.043682,INDECI
2009-07-14 00:00:00,2009,Meteorological,0.114132,INDECI
2009-07-20 00:00:00,2009,Meteorological,0.927176,INDECI
2009-07-26 00:00:00,2009,Meteorological,0.134682,INDECI
2009-08-01 00:00:00,2009,Meteorological,1.002461,INDECI
2009-08-07 00:00:00,2009,Meteorological,0.322271,INDECI
2009-08-13 00:00:00,2009,Meteorological,0.462664,INDECI
2009-08-20 00:00:00,2009,Meteorological,0.452298,INDECI
2009-08-26 00:00:00,2009,Meteorological,0.417459,INDECI
2009-09-01 00:00:00,2009,Meteorological,0.248442,INDECI
2009-09-07 00:00:00,2009,Meteorological,1.46736,INDECI
2009-09-13 00:00:00,2009,Meteorological,0.629758,INDECI
2009-09-19 00:00:00,2009,Meteorological,0.85075,INDECI
2009-09-26 00:00:00,2009,Meteorological,0.510287,INDECI
2009-10-02 00:00:00,2009,Meteorological,2.55253,INDECI
2009-10-08 00:00:00,2009,Meteorological,0.790292,INDECI
2009-10-14 00:00:00,2009,Meteorological,0.442274,INDECI
2009-10-20 00:00:00,2009,Meteorological,0.944108,INDECI
2009-10-26 00:00:00,2009,Meteorological,0.950106,INDECI
2009-11-01 00:00:00,2009,Meteorological,2.504061,INDECI
2009-11-07 00:00:00,2009,Meteorological,0.462674,INDECI
2009-11-14 00:00:00,2009,Meteorological,1.289538,INDECI
2009-11-20 00:00:00,2009,Meteorological,0.932935,INDECI
2009-11-26 00:00:00,2009,Meteorological,0.152882,INDECI
2009-12-02 00:00:00,2009,Meteorological,0.403552,INDECI
2009-12-08 00:00:00,2009,Meteorological,0.129228,INDECI
2009-12-15 00:00:00,2009,Meteorological,0.583354,INDECI
2009-12-21 00:00:00,2009,Meteorological,1.12386,INDECI
2009-12-27 00:00:00,2009,Meteorological,0.217496,INDECI
2010-01-07 00:00:00,2010,Climatological,6.845041,INDECI
2010-01-24 00:00:00,2010,Climatological,4.876724,INDECI
2010-02-13 00:00:00,2010,Climatological,3.576403,INDECI
2010-03-15 00:00:00,2010,Climatological,0.341815,INDECI
2010-04-02 00:00:00,2010,Climatological,0.101928,INDECI
2010-04-20 00:00:00,2010,Climatological,0.025482,INDECI
2010-05-30 00:00:00,2010,Climatological,8.820196,INDECI
2010-06-18 00:00:00,2010,Climatological,12.878905,INDECI
2010-07-05 00:00:00,2010,Climatological,52.779252,INDECI
2010-07-21 00:00:00,2010,Climatological,10.06245,INDECI
2010-08-06 00:00:00,2010,Climatological,33.016271,INDECI
2010-08-23 00:00:00,2010,Climatological,4.02101,INDECI
2010-09-14 00:00:00,2010,Climatological,0.105996,INDECI
2010-10-01 00:00:00,2010,Climatological,1.843363,INDECI
2010-10-18 00:00:00,2010,Climatological,1.7019745,INDECI
2010-11-05 00:00:00,2010,Climatological,0.073464,INDECI
2010-11-21 00:00:00,2010,Climatological,0.734607,INDECI
2010-12-07 00:00:00,2010,Climatological,0.10065,INDECI
2010-05-18 00:00:00,2010,Geophysical,2.563572,INDECI
2010-05-23 00:00:00,2010,Geophysical,0.49141,INDECI
2010-09-05 00:00:00,2010,Geophysical,0.00455,INDECI
2010-10-20 00:00:00,2010,Geophysical,0.00455,INDECI
2010-11-24 00:00:00,2010,Geophysical,0.0091,INDECI
2010-01-01 00:00:00,2010,Hydrological,3.950464,INDECI
2010-01-04 00:00:00,2010,Hydrological,0.85642,INDECI
2010-01-07 00:00:00,2010,Hydrological,2.799071,INDECI
2010-01-10 00:00:00,2010,Hydrological,11.653664800000001,INDECI
2010-01-13 00:00:00,2010,Hydrological,4.030073799999999,INDECI
2010-01-16 00:00:00,2010,Hydrological,8.7669596,INDECI
2010-01-19 00:00:00,2010,Hydrological,4.170034,INDECI
2010-01-22 00:00:00,2010,Hydrological,76.13835884000001,INDECI
2010-01-25 00:00:00,2010,Hydrological,50.09932778,INDECI
2010-01-28 00:00:00,2010,Hydrological,28.91712846,INDECI
2010-01-31 00:00:00,2010,Hydrological,9.6702821,INDECI
2010-02-03 00:00:00,2010,Hydrological,10.15893702,INDECI
2010-02-06 00:00:00,2010,Hydrological,41.392890799999996,INDECI
2010-02-09 00:00:00,2010,Hydrological,6.2145068,INDECI
2010-02-12 00:00:00,2010,Hydrological,3.4410994599999998,INDECI
2010-02-15 00:00:00,2010,Hydrological,32.66128716,INDECI
2010-02-18 00:00:00,2010,Hydrological,3.60603372,INDECI
2010-02-21 00:00:00,2010,Hydrological,10.4441324,INDECI
2010-02-24 00:00:00,2010,Hydrological,4.099755,INDECI
2010-02-27 00:00:00,2010,Hydrological,13.72176352,INDECI
2010-03-02 00:00:00,2010,Hydrological,6.219315440000001,INDECI
2010-03-05 00:00:00,2010,Hydrological,1.3614878000000001,INDECI
2010-03-08 00:00:00,2010,Hydrological,3.408788,INDECI
2010-03-11 00:00:00,2010,Hydrological,3.458026,INDECI
2010-03-14 00:00:00,2010,Hydrological,2.628898,INDECI
2010-03-17 00:00:00,2010,Hydrological,1.632747,INDECI
2010-03-20 00:00:00,2010,Hydrological,2.7481549,INDECI
2010-03-23 00:00:00,2010,Hydrological,0.8224314,INDECI
2010-03-27 00:00:00,2010,Hydrological,0.8925502399999999,INDECI
2010-03-30 00:00:00,2010,Hydrological,7.4002466,INDECI
2010-04-02 00:00:00,2010,Hydrological,3.1571559,INDECI
2010-04-05 00:00:00,2010,Hydrological,2.7414382,INDECI
2010-04-08 00:00:00,2010,Hydrological,1.922786,INDECI
2010-04-11 00:00:00,2010,Hydrological,2.01657,INDECI
2010-04-14 00:00:00,2010,Hydrological,1.7080766,INDECI
2010-04-17 00:00:00,2010,Hydrological,0.76059528,INDECI
2010-04-20 00:00:00,2010,Hydrological,2.419356,INDECI
2010-04-23 00:00:00,2010,Hydrological,0.060064,INDECI
2010-04-26 00:00:00,2010,Hydrological,1.20165,INDECI
2010-04-29 00:00:00,2010,Hydrological,6.571714,INDECI
2010-05-02 00:00:00,2010,Hydrological,0.437665,INDECI
2010-05-05 00:00:00,2010,Hydrological,0.297638,INDECI
2010-05-08 00:00:00,2010,Hydrological,9.320338,INDECI
2010-05-11 00:00:00,2010,Hydrological,1.966397,INDECI
2010-05-15 00:00:00,2010,Hydrological,0.326696,INDECI
2010-05-18 00:00:00,2010,Hydrological,0.148332,INDECI
2010-05-21 00:00:00,2010,Hydrological,0.602181,INDECI
2010-05-24 00:00:00,2010,Hydrological,2.293456,INDECI
2010-05-27 00:00:00,2010,Hydrological,0.03036614,INDECI
2010-05-30 00:00:00,2010,Hydrological,0.157442,INDECI
2010-06-04 00:00:00,2010,Hydrological,0.090096,INDECI
2010-06-11 00:00:00,2010,Hydrological,0.207329,INDECI
2010-06-16 00:00:00,2010,Hydrological,0.076446,INDECI
2010-06-19 00:00:00,2010,Hydrological,0.00455,INDECI
2010-06-22 00:00:00,2010,Hydrological,0.357558,INDECI
2010-06-25 00:00:00,2010,Hydrological,0.08721026,INDECI
2010-06-28 00:00:00,2010,Hydrological,0.414974,INDECI
2010-07-01 00:00:00,2010,Hydrological,0.229328,INDECI
2010-07-05 00:00:00,2010,Hydrological,0.106478,INDECI
2010-07-08 00:00:00,2010,Hydrological,0.050964,INDECI
2010-07-12 00:00:00,2010,Hydrological,0.133778,INDECI
2010-07-16 00:00:00,2010,Hydrological,0.030032,INDECI
2010-07-19 00:00:00,2010,Hydrological,0.241254,INDECI
2010-07-22 00:00:00,2010,Hydrological,0.0091,INDECI
2010-07-27 00:00:00,2010,Hydrological,1.243104,INDECI
2010-07-30 00:00:00,2010,Hydrological,0.069164,INDECI
2010-08-02 00:00:00,2010,Hydrological,0.121972,INDECI
2010-08-08 00:00:00,2010,Hydrological,0.073714,INDECI
2010-08-11 00:00:00,2010,Hydrological,1.332336,INDECI
2010-08-14 00:00:00,2010,Hydrological,0.03185,INDECI
2010-08-18 00:00:00,2010,Hydrological,0.080996,INDECI
2010-08-21 00:00:00,2010,Hydrological,0.25937,INDECI
2010-08-24 00:00:00,2010,Hydrological,0.713496,INDECI
2010-08-30 00:00:00,2010,Hydrological,1.931143,INDECI
2010-09-02 00:00:00,2010,Hydrological,0.105564,INDECI
2010-09-05 00:00:00,2010,Hydrological,0.0455,INDECI
2010-09-08 00:00:00,2010,Hydrological,0.601554,INDECI
2010-09-11 00:00:00,2010,Hydrological,0.0819,INDECI
2010-09-18 00:00:00,2010,Hydrological,3.290694,INDECI
2010-09-25 00:00:00,2010,Hydrological,0.0455,INDECI
2010-09-30 00:00:00,2010,Hydrological,0.030032,INDECI
2010-10-04 00:00:00,2010,Hydrological,3.87205,INDECI
2010-10-07 00:00:00,2010,Hydrological,0.1830534,INDECI
2010-10-11 00:00:00,2010,Hydrological,0.067057,INDECI
2010-10-14 00:00:00,2010,Hydrological,8.1367546,INDECI
2010-10-17 00:00:00,2010,Hydrological,0.394032,INDECI
2010-10-20 00:00:00,2010,Hydrological,0.216958,INDECI
2010-10-24 00:00:00,2010,Hydrological,0.930008,INDECI
2010-10-27 00:00:00,2010,Hydrological,0.712246,INDECI
2010-10-31 00:00:00,2010,Hydrological,0.217506,INDECI
2010-11-03 00:00:00,2010,Hydrological,0.230514,INDECI
2010-11-06 00:00:00,2010,Hydrological,0.588031,INDECI
2010-11-10 00:00:00,2010,Hydrological,1.149762,INDECI
2010-11-14 00:00:00,2010,Hydrological,0.096207,INDECI
2010-11-17 00:00:00,2010,Hydrological,2.185014,INDECI
2010-11-23 00:00:00,2010,Hydrological,0.2093,INDECI
2010-11-26 00:00:00,2010,Hydrological,0.055514,INDECI
2010-11-29 00:00:00,2010,Hydrological,0.069164,INDECI
2010-12-03 00:00:00,2010,Hydrological,0.0137025,INDECI
2010-12-06 00:00:00,2010,Hydrological,1.058454,INDECI
2010-12-09 00:00:00,2010,Hydrological,1.385448,INDECI
2010-12-12 00:00:00,2010,Hydrological,0.621807,INDECI
2010-12-15 00:00:00,2010,Hydrological,0.039132,INDECI
2010-12-18 00:00:00,2010,Hydrological,0.131046,INDECI
2010-12-21 00:00:00,2010,Hydrological,0.1365,INDECI
2010-12-26 00:00:00,2010,Hydrological,0.0860185,INDECI
2010-01-02 00:00:00,2010,Meteorological,0.428102,INDECI
2010-01-08 00:00:00,2010,Meteorological,0.853642,INDECI
2010-01-15 00:00:00,2010,Meteorological,0.167189,INDECI
2010-01-21 00:00:00,2010,Meteorological,0.151721,INDECI
2010-01-27 00:00:00,2010,Meteorological,0.228886,INDECI
2010-02-02 00:00:00,2010,Meteorological,1.832021,INDECI
2010-02-08 00:00:00,2010,Meteorological,2.920123,INDECI
2010-02-14 00:00:00,2010,Meteorological,0.102832,INDECI
2010-02-21 00:00:00,2010,Meteorological,1.110622,INDECI
2010-02-28 00:00:00,2010,Meteorological,0.080996,INDECI
2010-03-06 00:00:00,2010,Meteorological,0.258456,INDECI
2010-03-14 00:00:00,2010,Meteorological,0.12285,INDECI
2010-03-20 00:00:00,2010,Meteorological,3.988752,INDECI
2010-03-27 00:00:00,2010,Meteorological,0.064614,INDECI
2010-04-04 00:00:00,2010,Meteorological,0.23143,INDECI
2010-04-12 00:00:00,2010,Meteorological,0.266375,INDECI
2010-04-21 00:00:00,2010,Meteorological,0.335816,INDECI
2010-05-01 00:00:00,2010,Meteorological,0.298502,INDECI
2010-05-09 00:00:00,2010,Meteorological,0.976432,INDECI
2010-05-19 00:00:00,2010,Meteorological,0.1279545,INDECI
2010-05-25 00:00:00,2010,Meteorological,0.25482,INDECI
2010-05-31 00:00:00,2010,Meteorological,0.13651,INDECI
2010-06-08 00:00:00,2010,Meteorological,0.060064,INDECI
2010-06-15 00:00:00,2010,Meteorological,0.03185,INDECI
2010-06-21 00:00:00,2010,Meteorological,0.061625,INDECI
2010-06-27 00:00:00,2010,Meteorological,0.749077,INDECI
2010-07-03 00:00:00,2010,Meteorological,5.131652,INDECI
2010-07-10 00:00:00,2010,Meteorological,0.196317,INDECI
2010-07-16 00:00:00,2010,Meteorological,0.274581,INDECI
2010-07-22 00:00:00,2010,Meteorological,0.102832,INDECI
2010-07-29 00:00:00,2010,Meteorological,0.829074,INDECI
2010-08-05 00:00:00,2010,Meteorological,0.971695,INDECI
2010-08-11 00:00:00,2010,Meteorological,1.25588,INDECI
2010-08-18 00:00:00,2010,Meteorological,0.460494,INDECI
2010-08-24 00:00:00,2010,Meteorological,1.222202,INDECI
2010-08-30 00:00:00,2010,Meteorological,3.013816,INDECI
2010-09-05 00:00:00,2010,Meteorological,7.50114,INDECI
2010-09-11 00:00:00,2010,Meteorological,0.360364,INDECI
2010-09-17 00:00:00,2010,Meteorological,4.350022,INDECI
2010-09-23 00:00:00,2010,Meteorological,0.398121,INDECI
2010-09-29 00:00:00,2010,Meteorological,1.504332,INDECI
2010-10-05 00:00:00,2010,Meteorological,4.533671,INDECI
2010-10-11 00:00:00,2010,Meteorological,0.179925,INDECI
2010-10-17 00:00:00,2010,Meteorological,0.439295,INDECI
2010-10-24 00:00:00,2010,Meteorological,1.494698,INDECI
2010-10-30 00:00:00,2010,Meteorological,1.392036,INDECI
2010-11-05 00:00:00,2010,Meteorological,1.161114,INDECI
2010-11-11 00:00:00,2010,Meteorological,0.926805,INDECI
2010-11-17 00:00:00,2010,Meteorological,0.205664,INDECI
2010-11-23 00:00:00,2010,Meteorological,0.403906,INDECI
2010-11-29 00:00:00,2010,Meteorological,0.244539,INDECI
2010-12-05 00:00:00,2010,Meteorological,0.323974,INDECI
2010-12-11 00:00:00,2010,Meteorological,0.087364,INDECI
2010-12-17 00:00:00,2010,Meteorological,1.879502,INDECI
2010-12-23 00:00:00,2010,Meteorological,0.06825,INDECI
2011-01-03 00:00:00,2011,Climatological,2.63233168,INDECI
2011-01-19 00:00:00,2011,Climatological,0.933102,INDECI
2011-02-04 00:00:00,2011,Climatological,10.6539558,INDECI
2011-02-20 00:00:00,2011,Climatological,8.4925838,INDECI
2011-03-08 00:00:00,2011,Climatological,17.312913899999998,INDECI
2011-03-24 00:00:00,2011,Climatological,6.082587,INDECI
2011-04-15 00:00:00,2011,Climatological,1.9851436,INDECI
2011-05-01 00:00:00,2011,Climatological,1.999265,INDECI
2011-05-20 00:00:00,2011,Climatological,2.03347,INDECI
2011-06-07 00:00:00,2011,Climatological,3.750605,INDECI
2011-06-28 00:00:00,2011,Climatological,6.70758712,INDECI
2011-07-19 00:00:00,2011,Climatological,0.537114,INDECI
2011-08-15 00:00:00,2011,Climatological,1.652735,INDECI
2011-09-03 00:00:00,2011,Climatological,0.032982,INDECI
2011-10-06 00:00:00,2011,Climatological,0.427253,INDECI
2011-10-31 00:00:00,2011,Climatological,3.000625,INDECI
2011-11-17 00:00:00,2011,Climatological,0.220097,INDECI
2011-12-11 00:00:00,2011,Climatological,2.481043,INDECI
2011-12-27 00:00:00,2011,Climatological,2.5582622,INDECI
2011-08-12 00:00:00,2011,Geophysical,0.0919422,INDECI
2011-08-24 00:00:00,2011,Geophysical,0.100243,INDECI
2011-10-28 00:00:00,2011,Geophysical,14.521239,INDECI
2011-12-19 00:00:00,2011,Geophysical,0.00455,INDECI
2011-01-01 00:00:00,2011,Hydrological,1.5731688000000001,INDECI
2011-01-04 00:00:00,2011,Hydrological,1.3697775,INDECI
2011-01-07 00:00:00,2011,Hydrological,3.6400501000000003,INDECI
2011-01-10 00:00:00,2011,Hydrological,4.53910604,INDECI
2011-01-13 00:00:00,2011,Hydrological,23.21738632,INDECI
2011-01-16 00:00:00,2011,Hydrological,0.7041079,INDECI
2011-01-19 00:00:00,2011,Hydrological,7.3544788,INDECI
2011-01-22 00:00:00,2011,Hydrological,4.0054738,INDECI
2011-01-25 00:00:00,2011,Hydrological,14.57820404,INDECI
2011-01-28 00:00:00,2011,Hydrological,24.5233678,INDECI
2011-01-31 00:00:00,2011,Hydrological,17.66546724,INDECI
2011-02-03 00:00:00,2011,Hydrological,18.85396596,INDECI
2011-02-06 00:00:00,2011,Hydrological,28.8874092,INDECI
2011-02-09 00:00:00,2011,Hydrological,54.15490006,INDECI
2011-02-12 00:00:00,2011,Hydrological,61.227651460000004,INDECI
2011-02-15 00:00:00,2011,Hydrological,101.61381352,INDECI
2011-02-18 00:00:00,2011,Hydrological,167.15017924,INDECI
2011-02-21 00:00:00,2011,Hydrological,113.64337392,INDECI
2011-02-24 00:00:00,2011,Hydrological,44.732660960000004,INDECI
2011-02-27 00:00:00,2011,Hydrological,31.27273538,INDECI
2011-03-02 00:00:00,2011,Hydrological,23.53896616,INDECI
2011-03-05 00:00:00,2011,Hydrological,8.716040900000001,INDECI
2011-03-08 00:00:00,2011,Hydrological,5.167149360000001,INDECI
2011-03-11 00:00:00,2011,Hydrological,16.1538772,INDECI
2011-03-14 00:00:00,2011,Hydrological,17.531915240000004,INDECI
2011-03-17 00:00:00,2011,Hydrological,3.424882,INDECI
2011-03-20 00:00:00,2011,Hydrological,11.235916119999999,INDECI
2011-03-23 00:00:00,2011,Hydrological,12.689402300000001,INDECI
2011-03-26 00:00:00,2011,Hydrological,10.772231199999998,INDECI
2011-03-29 00:00:00,2011,Hydrological,4.8068921200000005,INDECI
2011-04-01 00:00:00,2011,Hydrological,30.26913766,INDECI
2011-04-04 00:00:00,2011,Hydrological,13.42714578,INDECI
2011-04-07 00:00:00,2011,Hydrological,4.954188,INDECI
2011-04-10 00:00:00,2011,Hydrological,1.677212,INDECI
2011-04-13 00:00:00,2011,Hydrological,25.17938856,INDECI
2011-04-16 00:00:00,2011,Hydrological,24.4935014,INDECI
2011-04-19 00:00:00,2011,Hydrological,13.4465146,INDECI
2011-04-22 00:00:00,2011,Hydrological,5.8579948,INDECI
2011-04-25 00:00:00,2011,Hydrological,3.98560898,INDECI
2011-04-28 00:00:00,2011,Hydrological,13.71764004,INDECI
2011-05-01 00:00:00,2011,Hydrological,0.517402,INDECI
2011-05-04 00:00:00,2011,Hydrological,2.5352426,INDECI
2011-05-07 00:00:00,2011,Hydrological,0.13196,INDECI
2011-05-10 00:00:00,2011,Hydrological,0.62521304,INDECI
2011-05-13 00:00:00,2011,Hydrological,0.653392,INDECI
2011-05-16 00:00:00,2011,Hydrological,0.176546,INDECI
2011-05-19 00:00:00,2011,Hydrological,0.448642,INDECI
2011-05-22 00:00:00,2011,Hydrological,0.9762994,INDECI
2011-05-25 00:00:00,2011,Hydrological,0.198486,INDECI
2011-05-28 00:00:00,2011,Hydrological,0.10134132000000001,INDECI
2011-06-01 00:00:00,2011,Hydrological,0.509715,INDECI
2011-06-04 00:00:00,2011,Hydrological,0.17813279999999998,INDECI
2011-06-07 00:00:00,2011,Hydrological,0.71481,INDECI
2011-06-10 00:00:00,2011,Hydrological,2.207082,INDECI
2011-06-15 00:00:00,2011,Hydrological,1.151832,INDECI
2011-06-19 00:00:00,2011,Hydrological,1.91116,INDECI
2011-06-24 00:00:00,2011,Hydrological,0.092447,INDECI
2011-06-28 00:00:00,2011,Hydrological,0.583324,INDECI
2011-07-01 00:00:00,2011,Hydrological,0.171082,INDECI
2011-07-04 00:00:00,2011,Hydrological,0.18201,INDECI
2011-07-07 00:00:00,2011,Hydrological,0.746749,INDECI
2011-07-10 00:00:00,2011,Hydrological,0.790816,INDECI
2011-07-13 00:00:00,2011,Hydrological,1.59016,INDECI
2011-07-16 00:00:00,2011,Hydrological,0.175642,INDECI
2011-07-19 00:00:00,2011,Hydrological,0.35036,INDECI
2011-07-22 00:00:00,2011,Hydrological,0.233888,INDECI
2011-07-25 00:00:00,2011,Hydrological,1.676407,INDECI
2011-07-28 00:00:00,2011,Hydrological,0.114528,INDECI
2011-08-01 00:00:00,2011,Hydrological,0.651327,INDECI
2011-08-04 00:00:00,2011,Hydrological,0.51419,INDECI
2011-08-08 00:00:00,2011,Hydrological,0.39129823999999996,INDECI
2011-08-11 00:00:00,2011,Hydrological,0.06833460000000001,INDECI
2011-08-15 00:00:00,2011,Hydrological,0.7489701999999999,INDECI
2011-08-18 00:00:00,2011,Hydrological,1.466928,INDECI
2011-08-21 00:00:00,2011,Hydrological,0.157442,INDECI
2011-08-24 00:00:00,2011,Hydrological,0.30032,INDECI
2011-08-29 00:00:00,2011,Hydrological,0.1274,INDECI
2011-09-01 00:00:00,2011,Hydrological,1.14562,INDECI
2011-09-05 00:00:00,2011,Hydrological,0.8133914,INDECI
2011-09-08 00:00:00,2011,Hydrological,1.679622,INDECI
2011-09-14 00:00:00,2011,Hydrological,0.025482,INDECI
2011-09-17 00:00:00,2011,Hydrological,0.542116,INDECI
2011-09-20 00:00:00,2011,Hydrological,0.6552,INDECI
2011-09-25 00:00:00,2011,Hydrological,0.039132,INDECI
2011-09-28 00:00:00,2011,Hydrological,0.080996,INDECI
2011-10-01 00:00:00,2011,Hydrological,0.270278,INDECI
2011-10-04 00:00:00,2011,Hydrological,0.484158,INDECI
2011-10-07 00:00:00,2011,Hydrological,0.78536476,INDECI
2011-10-10 00:00:00,2011,Hydrological,0.4136107,INDECI
2011-10-13 00:00:00,2011,Hydrological,0.050964,INDECI
2011-10-17 00:00:00,2011,Hydrological,0.01365,INDECI
2011-10-20 00:00:00,2011,Hydrological,2.1622405,INDECI
2011-10-23 00:00:00,2011,Hydrological,0.357766,INDECI
2011-10-27 00:00:00,2011,Hydrological,0.09555,INDECI
2011-11-02 00:00:00,2011,Hydrological,0.13388657999999998,INDECI
2011-11-07 00:00:00,2011,Hydrological,0.133978,INDECI
2011-11-10 00:00:00,2011,Hydrological,0.00456504,INDECI
2011-11-15 00:00:00,2011,Hydrological,1.939167,INDECI
2011-11-18 00:00:00,2011,Hydrological,0.157814,INDECI
2011-11-21 00:00:00,2011,Hydrological,3.16198618,INDECI
2011-11-24 00:00:00,2011,Hydrological,0.050964,INDECI
2011-11-28 00:00:00,2011,Hydrological,0.13573004,INDECI
2011-12-01 00:00:00,2011,Hydrological,1.083286,INDECI
2011-12-05 00:00:00,2011,Hydrological,0.13196,INDECI
2011-12-08 00:00:00,2011,Hydrological,0.29577256,INDECI
2011-12-11 00:00:00,2011,Hydrological,0.97875,INDECI
2011-12-14 00:00:00,2011,Hydrological,0.9646758000000001,INDECI
2011-12-17 00:00:00,2011,Hydrological,1.226752,INDECI
2011-12-20 00:00:00,2011,Hydrological,3.974972,INDECI
2011-12-23 00:00:00,2011,Hydrological,0.9816834799999999,INDECI
2011-12-26 00:00:00,2011,Hydrological,2.43550048,INDECI
2011-12-29 00:00:00,2011,Hydrological,0.8891532,INDECI
2011-01-01 00:00:00,2011,Meteorological,1.046717,INDECI
2011-01-07 00:00:00,2011,Meteorological,0.402248,INDECI
2011-01-13 00:00:00,2011,Meteorological,0.51873,INDECI
2011-01-19 00:00:00,2011,Meteorological,0.432927,INDECI
2011-01-25 00:00:00,2011,Meteorological,0.15016,INDECI
2011-02-01 00:00:00,2011,Meteorological,0.5926398,INDECI
2011-02-09 00:00:00,2011,Meteorological,0.16381,INDECI
2011-02-16 00:00:00,2011,Meteorological,0.091914,INDECI
2011-02-22 00:00:00,2011,Meteorological,0.055514,INDECI
2011-02-28 00:00:00,2011,Meteorological,0.226606,INDECI
2011-03-06 00:00:00,2011,Meteorological,0.443198,INDECI
2011-03-12 00:00:00,2011,Meteorological,0.576072,INDECI
2011-03-18 00:00:00,2011,Meteorological,0.13651,INDECI
2011-03-24 00:00:00,2011,Meteorological,0.25465,INDECI
2011-03-30 00:00:00,2011,Meteorological,0.260007,INDECI
2011-04-05 00:00:00,2011,Meteorological,0.319434,INDECI
2011-04-11 00:00:00,2011,Meteorological,0.376766,INDECI
2011-04-17 00:00:00,2011,Meteorological,0.0819,INDECI
2011-04-24 00:00:00,2011,Meteorological,0.04095,INDECI
2011-05-02 00:00:00,2011,Meteorological,0.0637,INDECI
2011-05-10 00:00:00,2011,Meteorological,0.640676,INDECI
2011-05-16 00:00:00,2011,Meteorological,0.138443,INDECI
2011-05-22 00:00:00,2011,Meteorological,0.112846,INDECI
2011-06-01 00:00:00,2011,Meteorological,0.151064,INDECI
2011-06-07 00:00:00,2011,Meteorological,0.066432,INDECI
2011-06-13 00:00:00,2011,Meteorological,0.627036,INDECI
2011-06-24 00:00:00,2011,Meteorological,0.0091,INDECI
2011-06-30 00:00:00,2011,Meteorological,0.166532,INDECI
2011-07-06 00:00:00,2011,Meteorological,0.452525,INDECI
2011-07-12 00:00:00,2011,Meteorological,0.138328,INDECI
2011-07-18 00:00:00,2011,Meteorological,0.066432,INDECI
2011-07-24 00:00:00,2011,Meteorological,0.030032,INDECI
2011-07-31 00:00:00,2011,Meteorological,0.111932,INDECI
2011-08-06 00:00:00,2011,Meteorological,0.153796,INDECI
2011-08-12 00:00:00,2011,Meteorological,0.374735,INDECI
2011-08-18 00:00:00,2011,Meteorological,1.20122,INDECI
2011-08-24 00:00:00,2011,Meteorological,0.374034,INDECI
2011-08-30 00:00:00,2011,Meteorological,4.333408,INDECI
2011-09-05 00:00:00,2011,Meteorological,0.624077,INDECI
2011-09-11 00:00:00,2011,Meteorological,1.172318,INDECI
2011-09-17 00:00:00,2011,Meteorological,0.240256,INDECI
2011-09-23 00:00:00,2011,Meteorological,0.649262,INDECI
2011-09-29 00:00:00,2011,Meteorological,0.24116,INDECI
2011-10-06 00:00:00,2011,Meteorological,0.234782,INDECI
2011-10-12 00:00:00,2011,Meteorological,0.34165,INDECI
2011-10-18 00:00:00,2011,Meteorological,0.884867,INDECI
2011-10-24 00:00:00,2011,Meteorological,0.34126,INDECI
2011-10-30 00:00:00,2011,Meteorological,1.896329,INDECI
2011-11-06 00:00:00,2011,Meteorological,0.922015,INDECI
2011-11-13 00:00:00,2011,Meteorological,0.246614,INDECI
2011-11-19 00:00:00,2011,Meteorological,0.158346,INDECI
2011-11-26 00:00:00,2011,Meteorological,0.996109,INDECI
2011-12-02 00:00:00,2011,Meteorological,1.012575,INDECI
2011-12-10 00:00:00,2011,Meteorological,0.302518,INDECI
2011-12-17 00:00:00,2011,Meteorological,0.1547,INDECI
2011-12-24 00:00:00,2011,Meteorological,0.084375,INDECI
2012-01-12 00:00:00,2012,Climatological,13.737930279999999,INDECI
2012-01-30 00:00:00,2012,Climatological,15.184071,INDECI
2012-02-15 00:00:00,2012,Climatological,40.5267658,INDECI
2012-03-03 00:00:00,2012,Climatological,25.142998,INDECI
2012-03-20 00:00:00,2012,Climatological,4.3589982,INDECI
2012-04-07 00:00:00,2012,Climatological,3.842744,INDECI
2012-04-24 00:00:00,2012,Climatological,0.043288,INDECI
2012-05-10 00:00:00,2012,Climatological,1.55009196,INDECI
2012-05-30 00:00:00,2012,Climatological,55.821322,INDECI
2012-06-15 00:00:00,2012,Climatological,7.65113784,INDECI
2012-07-01 00:00:00,2012,Climatological,5.6196817999999995,INDECI
2012-07-17 00:00:00,2012,Climatological,4.360272,INDECI
2012-08-04 00:00:00,2012,Climatological,3.379085,INDECI
2012-08-20 00:00:00,2012,Climatological,0.150439,INDECI
2012-09-08 00:00:00,2012,Climatological,1.847383,INDECI
2012-10-03 00:00:00,2012,Climatological,0.4552578,INDECI
2012-10-22 00:00:00,2012,Climatological,1.0564026000000002,INDECI
2012-11-07 00:00:00,2012,Climatological,0.45345,INDECI
2012-12-05 00:00:00,2012,Climatological,0.863392,INDECI
2012-01-30 00:00:00,2012,Geophysical,3.73895,INDECI
2012-05-14 00:00:00,2012,Geophysical,0.085798,INDECI
2012-08-02 00:00:00,2012,Geophysical,0.00455,INDECI
2012-01-01 00:00:00,2012,Hydrological,162.45896366,INDECI
2012-01-04 00:00:00,2012,Hydrological,38.966960920000005,INDECI
2012-01-07 00:00:00,2012,Hydrological,14.906022759999999,INDECI
2012-01-10 00:00:00,2012,Hydrological,41.396208,INDECI
2012-01-13 00:00:00,2012,Hydrological,47.665937119999995,INDECI
2012-01-16 00:00:00,2012,Hydrological,7.12140546,INDECI
2012-01-19 00:00:00,2012,Hydrological,46.07611058,INDECI
2012-01-22 00:00:00,2012,Hydrological,2.0178355,INDECI
2012-01-25 00:00:00,2012,Hydrological,19.69999916,INDECI
2012-01-28 00:00:00,2012,Hydrological,3.7995758,INDECI
2012-01-31 00:00:00,2012,Hydrological,12.04324496,INDECI
2012-02-03 00:00:00,2012,Hydrological,19.07770338,INDECI
2012-02-06 00:00:00,2012,Hydrological,79.92557758,INDECI
2012-02-09 00:00:00,2012,Hydrological,67.94603512,INDECI
2012-02-12 00:00:00,2012,Hydrological,55.37084042,INDECI
2012-02-15 00:00:00,2012,Hydrological,79.31854912,INDECI
2012-02-18 00:00:00,2012,Hydrological,43.49967462,INDECI
2012-02-21 00:00:00,2012,Hydrological,24.36751506,INDECI
2012-02-24 00:00:00,2012,Hydrological,12.62966268,INDECI
2012-02-27 00:00:00,2012,Hydrological,20.69321712,INDECI
2012-03-01 00:00:00,2012,Hydrological,14.1897784,INDECI
2012-03-04 00:00:00,2012,Hydrological,17.65900036,INDECI
2012-03-07 00:00:00,2012,Hydrological,54.89984008,INDECI
2012-03-10 00:00:00,2012,Hydrological,27.10192344,INDECI
2012-03-13 00:00:00,2012,Hydrological,2.7284156200000003,INDECI
2012-03-16 00:00:00,2012,Hydrological,28.495196460000003,INDECI
2012-03-19 00:00:00,2012,Hydrological,17.89112168,INDECI
2012-03-22 00:00:00,2012,Hydrological,26.19119148,INDECI
2012-03-25 00:00:00,2012,Hydrological,4.00211586,INDECI
2012-03-28 00:00:00,2012,Hydrological,12.508216019999999,INDECI
2012-03-31 00:00:00,2012,Hydrological,1.0704647,INDECI
2012-04-03 00:00:00,2012,Hydrological,23.96989756,INDECI
2012-04-06 00:00:00,2012,Hydrological,5.6370294,INDECI
2012-04-09 00:00:00,2012,Hydrological,6.109327179999999,INDECI
2012-04-12 00:00:00,2012,Hydrological,5.69909916,INDECI
2012-04-15 00:00:00,2012,Hydrological,7.5614892000000005,INDECI
2012-04-18 00:00:00,2012,Hydrological,3.514637,INDECI
2012-04-21 00:00:00,2012,Hydrological,0.6856304,INDECI
2012-04-24 00:00:00,2012,Hydrological,1.29376264,INDECI
2012-04-27 00:00:00,2012,Hydrological,0.10179260000000001,INDECI
2012-04-30 00:00:00,2012,Hydrological,0.5514425,INDECI
2012-05-03 00:00:00,2012,Hydrological,5.9255976,INDECI
2012-05-06 00:00:00,2012,Hydrological,0.07690284,INDECI
2012-05-09 00:00:00,2012,Hydrological,0.0974815,INDECI
2012-05-14 00:00:00,2012,Hydrological,0.521823,INDECI
2012-05-17 00:00:00,2012,Hydrological,0.135078,INDECI
2012-05-20 00:00:00,2012,Hydrological,0.51032,INDECI
2012-05-23 00:00:00,2012,Hydrological,0.331266,INDECI
2012-05-28 00:00:00,2012,Hydrological,0.076446,INDECI
2012-05-31 00:00:00,2012,Hydrological,0.03185752,INDECI
2012-06-04 00:00:00,2012,Hydrological,0.052746,INDECI
2012-06-08 00:00:00,2012,Hydrological,0.19804596,INDECI
2012-06-11 00:00:00,2012,Hydrological,0.101928,INDECI
2012-06-14 00:00:00,2012,Hydrological,0.633218,INDECI
2012-06-20 00:00:00,2012,Hydrological,1.015672,INDECI
2012-06-24 00:00:00,2012,Hydrological,0.42325,INDECI
2012-06-27 00:00:00,2012,Hydrological,0.412472,INDECI
2012-07-02 00:00:00,2012,Hydrological,0.141964,INDECI
2012-07-05 00:00:00,2012,Hydrological,0.025482,INDECI
2012-07-08 00:00:00,2012,Hydrological,0.106478,INDECI
2012-07-11 00:00:00,2012,Hydrological,0.050964,INDECI
2012-07-14 00:00:00,2012,Hydrological,2.4795006,INDECI
2012-07-17 00:00:00,2012,Hydrological,0.0083,INDECI
2012-07-20 00:00:00,2012,Hydrological,0.00075,INDECI
2012-07-23 00:00:00,2012,Hydrological,0.030032,INDECI
2012-08-01 00:00:00,2012,Hydrological,0.08521704,INDECI
2012-08-04 00:00:00,2012,Hydrological,0.01365,INDECI
2012-08-14 00:00:00,2012,Hydrological,0.09463360000000001,INDECI
2012-08-18 00:00:00,2012,Hydrological,0.0728,INDECI
2012-08-22 00:00:00,2012,Hydrological,0.359842,INDECI
2012-08-25 00:00:00,2012,Hydrological,0.9375,INDECI
2012-09-01 00:00:00,2012,Hydrological,0.298482,INDECI
2012-09-05 00:00:00,2012,Hydrological,0.216592,INDECI
2012-09-10 00:00:00,2012,Hydrological,0.025482,INDECI
2012-09-14 00:00:00,2012,Hydrological,0.025827,INDECI
2012-09-17 00:00:00,2012,Hydrological,1.3554662,INDECI
2012-09-21 00:00:00,2012,Hydrological,0.203856,INDECI
2012-09-24 00:00:00,2012,Hydrological,0.055514,INDECI
2012-09-27 00:00:00,2012,Hydrological,0.0183125,INDECI
2012-10-04 00:00:00,2012,Hydrological,0.0091,INDECI
2012-10-08 00:00:00,2012,Hydrological,0.1909934,INDECI
2012-10-12 00:00:00,2012,Hydrological,0.073714,INDECI
2012-10-15 00:00:00,2012,Hydrological,0.451202,INDECI
2012-10-19 00:00:00,2012,Hydrological,0.034582,INDECI
2012-10-23 00:00:00,2012,Hydrological,0.6241498000000001,INDECI
2012-10-28 00:00:00,2012,Hydrological,0.080082,INDECI
2012-11-01 00:00:00,2012,Hydrological,0.0502004,INDECI
2012-11-05 00:00:00,2012,Hydrological,0.11293610000000001,INDECI
2012-11-08 00:00:00,2012,Hydrological,0.0639078,INDECI
2012-11-11 00:00:00,2012,Hydrological,0.083002,INDECI
2012-11-14 00:00:00,2012,Hydrological,0.251831,INDECI
2012-11-17 00:00:00,2012,Hydrological,0.2268204,INDECI
2012-11-20 00:00:00,2012,Hydrological,0.0182,INDECI
2012-11-26 00:00:00,2012,Hydrological,0.2594064,INDECI
2012-11-29 00:00:00,2012,Hydrological,0.30708952,INDECI
2012-12-03 00:00:00,2012,Hydrological,0.35153903999999997,INDECI
2012-12-06 00:00:00,2012,Hydrological,0.01365,INDECI
2012-12-09 00:00:00,2012,Hydrological,0.28287,INDECI
2012-12-12 00:00:00,2012,Hydrological,0.076446,INDECI
2012-12-15 00:00:00,2012,Hydrological,2.95353288,INDECI
2012-12-18 00:00:00,2012,Hydrological,0.24164388,INDECI
2012-12-22 00:00:00,2012,Hydrological,5.3394272,INDECI
2012-12-25 00:00:00,2012,Hydrological,0.7471146,INDECI
2012-12-28 00:00:00,2012,Hydrological,0.000188,INDECI
2012-01-01 00:00:00,2012,Meteorological,0.671732,INDECI
2012-01-07 00:00:00,2012,Meteorological,0.560584,INDECI
2012-01-13 00:00:00,2012,Meteorological,0.28665,INDECI
2012-01-19 00:00:00,2012,Meteorological,1.1624868000000002,INDECI
2012-01-25 00:00:00,2012,Meteorological,0.117396,INDECI
2012-01-31 00:00:00,2012,Meteorological,0.048232,INDECI
2012-02-06 00:00:00,2012,Meteorological,0.371959,INDECI
2012-02-12 00:00:00,2012,Meteorological,0.034582,INDECI
2012-02-18 00:00:00,2012,Meteorological,0.070982,INDECI
2012-02-26 00:00:00,2012,Meteorological,0.0364,INDECI
2012-03-04 00:00:00,2012,Meteorological,0.582173,INDECI
2012-03-10 00:00:00,2012,Meteorological,0.184475,INDECI
2012-03-16 00:00:00,2012,Meteorological,0.119214,INDECI
2012-03-22 00:00:00,2012,Meteorological,0.151239,INDECI
2012-03-28 00:00:00,2012,Meteorological,0.148332,INDECI
2012-04-03 00:00:00,2012,Meteorological,0.14105,INDECI
2012-04-10 00:00:00,2012,Meteorological,0.01365,INDECI
2012-04-16 00:00:00,2012,Meteorological,0.183314,INDECI
2012-04-23 00:00:00,2012,Meteorological,0.01365,INDECI
2012-04-30 00:00:00,2012,Meteorological,0.078264,INDECI
2012-05-10 00:00:00,2012,Meteorological,0.072543,INDECI
2012-05-16 00:00:00,2012,Meteorological,0.030032,INDECI
2012-05-30 00:00:00,2012,Meteorological,0.392234,INDECI
2012-06-10 00:00:00,2012,Meteorological,0.017943,INDECI
2012-06-19 00:00:00,2012,Meteorological,0.03185,INDECI
2012-06-25 00:00:00,2012,Meteorological,0.030032,INDECI
2012-07-02 00:00:00,2012,Meteorological,0.030032,INDECI
2012-07-08 00:00:00,2012,Meteorological,0.161992,INDECI
2012-07-15 00:00:00,2012,Meteorological,0.094389,INDECI
2012-07-23 00:00:00,2012,Meteorological,0.226596,INDECI
2012-07-29 00:00:00,2012,Meteorological,0.03185,INDECI
2012-08-05 00:00:00,2012,Meteorological,0.316682,INDECI
2012-08-13 00:00:00,2012,Meteorological,0.495836,INDECI
2012-08-20 00:00:00,2012,Meteorological,0.346192,INDECI
2012-08-26 00:00:00,2012,Meteorological,0.16381,INDECI
2012-09-01 00:00:00,2012,Meteorological,0.72387,INDECI
2012-09-07 00:00:00,2012,Meteorological,0.752197,INDECI
2012-09-13 00:00:00,2012,Meteorological,0.179021,INDECI
2012-09-19 00:00:00,2012,Meteorological,1.519276,INDECI
2012-09-25 00:00:00,2012,Meteorological,0.45503,INDECI
2012-10-01 00:00:00,2012,Meteorological,0.257932,INDECI
2012-10-08 00:00:00,2012,Meteorological,0.091657,INDECI
2012-10-15 00:00:00,2012,Meteorological,0.472716,INDECI
2012-10-21 00:00:00,2012,Meteorological,0.767182,INDECI
2012-10-27 00:00:00,2012,Meteorological,0.563296,INDECI
2012-11-04 00:00:00,2012,Meteorological,0.130132,INDECI
2012-11-10 00:00:00,2012,Meteorological,0.098025,INDECI
2012-11-16 00:00:00,2012,Meteorological,0.362325,INDECI
2012-11-22 00:00:00,2012,Meteorological,0.139232,INDECI
2012-11-28 00:00:00,2012,Meteorological,1.02716,INDECI
2012-12-06 00:00:00,2012,Meteorological,0.055514,INDECI
2012-12-12 00:00:00,2012,Meteorological,0.202932,INDECI
2012-12-18 00:00:00,2012,Meteorological,0.0728,INDECI
2012-12-26 00:00:00,2012,Meteorological,0.02275,INDECI
2013-01-02 00:00:00,2013,Climatological,4.186319,INDECI
2013-01-18 00:00:00,2013,Climatological,0.373388,INDECI
2013-02-04 00:00:00,2013,Climatological,4.2887184000000005,INDECI
2013-02-20 00:00:00,2013,Climatological,4.420158440000001,INDECI
2013-03-08 00:00:00,2013,Climatological,2.884418,INDECI
2013-03-26 00:00:00,2013,Climatological,1.659349,INDECI
2013-04-11 00:00:00,2013,Climatological,1.039817,INDECI
2013-04-30 00:00:00,2013,Climatological,7.880685,INDECI
2013-05-17 00:00:00,2013,Climatological,1.7766482,INDECI
2013-06-03 00:00:00,2013,Climatological,3.724305,INDECI
2013-06-21 00:00:00,2013,Climatological,0.437772,INDECI
2013-07-09 00:00:00,2013,Climatological,2.79119,INDECI
2013-07-31 00:00:00,2013,Climatological,1.407951,INDECI
2013-08-16 00:00:00,2013,Climatological,178.22555234,INDECI
2013-09-01 00:00:00,2013,Climatological,10.0825742,INDECI
2013-09-17 00:00:00,2013,Climatological,9.269597800000001,INDECI
2013-10-03 00:00:00,2013,Climatological,2.4784484,INDECI
2013-10-19 00:00:00,2013,Climatological,0.49445776,INDECI
2013-11-04 00:00:00,2013,Climatological,0.198082,INDECI
2013-11-21 00:00:00,2013,Climatological,0.44694556,INDECI
2013-12-18 00:00:00,2013,Climatological,0.5287775600000001,INDECI
2013-02-22 00:00:00,2013,Geophysical,1.176672,INDECI
2013-07-16 00:00:00,2013,Geophysical,5.544014,INDECI
2013-07-31 00:00:00,2013,Geophysical,0.025482,INDECI
2013-08-05 00:00:00,2013,Geophysical,0.152892,INDECI
2013-09-01 00:00:00,2013,Geophysical,2.243993,INDECI
2013-09-25 00:00:00,2013,Geophysical,6.05441208,INDECI
2013-11-14 00:00:00,2013,Geophysical,0.025482,INDECI
2013-11-26 00:00:00,2013,Geophysical,0.00455,INDECI
2013-01-01 00:00:00,2013,Hydrological,15.9705961,INDECI
2013-01-04 00:00:00,2013,Hydrological,1.48760778,INDECI
2013-01-07 00:00:00,2013,Hydrological,0.34130014000000003,INDECI
2013-01-10 00:00:00,2013,Hydrological,1.01060784,INDECI
2013-01-13 00:00:00,2013,Hydrological,0.79399648,INDECI
2013-01-16 00:00:00,2013,Hydrological,1.67441262,INDECI
2013-01-19 00:00:00,2013,Hydrological,0.17815514000000002,INDECI
2013-01-22 00:00:00,2013,Hydrological,5.47148428,INDECI
2013-01-25 00:00:00,2013,Hydrological,2.6863484399999997,INDECI
2013-01-28 00:00:00,2013,Hydrological,2.15709892,INDECI
2013-01-31 00:00:00,2013,Hydrological,0.7855018,INDECI
2013-02-03 00:00:00,2013,Hydrological,14.933743119999999,INDECI
2013-02-06 00:00:00,2013,Hydrological,37.23611622,INDECI
2013-02-09 00:00:00,2013,Hydrological,23.439898059999997,INDECI
2013-02-12 00:00:00,2013,Hydrological,5.519266780000001,INDECI
2013-02-15 00:00:00,2013,Hydrological,8.770031679999999,INDECI
2013-02-18 00:00:00,2013,Hydrological,4.4748714199999995,INDECI
2013-02-21 00:00:00,2013,Hydrological,7.0476686,INDECI
2013-02-24 00:00:00,2013,Hydrological,11.875464220000001,INDECI
2013-02-27 00:00:00,2013,Hydrological,4.2628651600000005,INDECI
2013-03-02 00:00:00,2013,Hydrological,7.4379672999999995,INDECI
2013-03-05 00:00:00,2013,Hydrological,15.96434838,INDECI
2013-03-08 00:00:00,2013,Hydrological,18.70046916,INDECI
2013-03-11 00:00:00,2013,Hydrological,2.2674168999999997,INDECI
2013-03-14 00:00:00,2013,Hydrological,10.38701808,INDECI
2013-03-17 00:00:00,2013,Hydrological,10.70362928,INDECI
2013-03-20 00:00:00,2013,Hydrological,4.7904375,INDECI
2013-03-23 00:00:00,2013,Hydrological,3.4759011,INDECI
2013-03-26 00:00:00,2013,Hydrological,3.2547095,INDECI
2013-03-29 00:00:00,2013,Hydrological,0.6994415,INDECI
2013-04-01 00:00:00,2013,Hydrological,1.947808,INDECI
2013-04-04 00:00:00,2013,Hydrological,0.7259682,INDECI
2013-04-07 00:00:00,2013,Hydrological,3.4220506,INDECI
2013-04-10 00:00:00,2013,Hydrological,0.5621,INDECI
2013-04-13 00:00:00,2013,Hydrological,1.735485,INDECI
2013-04-16 00:00:00,2013,Hydrological,0.10197174,INDECI
2013-04-19 00:00:00,2013,Hydrological,0.050964,INDECI
2013-04-22 00:00:00,2013,Hydrological,0.030972,INDECI
2013-04-25 00:00:00,2013,Hydrological,1.322614,INDECI
2013-04-29 00:00:00,2013,Hydrological,0.0307223,INDECI
2013-05-03 00:00:00,2013,Hydrological,0.072564,INDECI
2013-05-06 00:00:00,2013,Hydrological,0.025482,INDECI
2013-05-09 00:00:00,2013,Hydrological,0.185646,INDECI
2013-05-12 00:00:00,2013,Hydrological,0.0508,INDECI
2013-05-15 00:00:00,2013,Hydrological,0.070468,INDECI
2013-05-18 00:00:00,2013,Hydrological,0.12741,INDECI
2013-05-21 00:00:00,2013,Hydrological,0.04481,INDECI
2013-05-26 00:00:00,2013,Hydrological,0.058058,INDECI
2013-05-29 00:00:00,2013,Hydrological,1.015634,INDECI
2013-06-01 00:00:00,2013,Hydrological,0.2175365,INDECI
2013-06-04 00:00:00,2013,Hydrological,0.406238,INDECI
2013-06-10 00:00:00,2013,Hydrological,0.030784,INDECI
2013-06-13 00:00:00,2013,Hydrological,1.009658,INDECI
2013-06-18 00:00:00,2013,Hydrological,0.025482,INDECI
2013-06-22 00:00:00,2013,Hydrological,0.02554768,INDECI
2013-06-28 00:00:00,2013,Hydrological,0.101108,INDECI
2013-07-02 00:00:00,2013,Hydrological,0.175632,INDECI
2013-07-07 00:00:00,2013,Hydrological,0.1465572,INDECI
2013-07-12 00:00:00,2013,Hydrological,0.0320876,INDECI
2013-07-15 00:00:00,2013,Hydrological,0.053829,INDECI
2013-07-19 00:00:00,2013,Hydrological,0.53422,INDECI
2013-07-22 00:00:00,2013,Hydrological,0.056078,INDECI
2013-07-30 00:00:00,2013,Hydrological,0.051011,INDECI
2013-08-02 00:00:00,2013,Hydrological,0.0091,INDECI
2013-08-05 00:00:00,2013,Hydrological,0.0679328,INDECI
2013-08-09 00:00:00,2013,Hydrological,0.48685,INDECI
2013-08-12 00:00:00,2013,Hydrological,2.596232,INDECI
2013-08-15 00:00:00,2013,Hydrological,0.076446,INDECI
2013-08-19 00:00:00,2013,Hydrological,1.099282,INDECI
2013-08-22 00:00:00,2013,Hydrological,0.13565523999999998,INDECI
2013-08-26 00:00:00,2013,Hydrological,0.093114,INDECI
2013-08-29 00:00:00,2013,Hydrological,0.32305,INDECI
2013-09-02 00:00:00,2013,Hydrological,0.01406548,INDECI
2013-09-06 00:00:00,2013,Hydrological,0.038875,INDECI
2013-09-11 00:00:00,2013,Hydrological,0.050238,INDECI
2013-09-15 00:00:00,2013,Hydrological,0.39414,INDECI
2013-09-18 00:00:00,2013,Hydrological,0.5199,INDECI
2013-09-21 00:00:00,2013,Hydrological,0.080996,INDECI
2013-09-24 00:00:00,2013,Hydrological,0.043682,INDECI
2013-09-27 00:00:00,2013,Hydrological,0.017943,INDECI
2013-09-30 00:00:00,2013,Hydrological,0.049793,INDECI
2013-10-03 00:00:00,2013,Hydrological,0.205032,INDECI
2013-10-06 00:00:00,2013,Hydrological,0.01515,INDECI
2013-10-09 00:00:00,2013,Hydrological,0.039132,INDECI
2013-10-12 00:00:00,2013,Hydrological,0.38513092,INDECI
2013-10-15 00:00:00,2013,Hydrological,0.8017656,INDECI
2013-10-18 00:00:00,2013,Hydrological,0.3574218,INDECI
2013-10-21 00:00:00,2013,Hydrological,0.180564,INDECI
2013-10-24 00:00:00,2013,Hydrological,0.6436586400000001,INDECI
2013-10-27 00:00:00,2013,Hydrological,0.22401684,INDECI
2013-10-30 00:00:00,2013,Hydrological,0.210126,INDECI
2013-11-02 00:00:00,2013,Hydrological,0.7637181999999999,INDECI
2013-11-05 00:00:00,2013,Hydrological,0.178298,INDECI
2013-11-08 00:00:00,2013,Hydrological,1.20048168,INDECI
2013-11-11 00:00:00,2013,Hydrological,0.10384560000000001,INDECI
2013-11-14 00:00:00,2013,Hydrological,0.2478786,INDECI
2013-11-17 00:00:00,2013,Hydrological,0.23579044,INDECI
2013-11-20 00:00:00,2013,Hydrological,0.605092,INDECI
2013-11-23 00:00:00,2013,Hydrological,0.366655,INDECI
2013-11-26 00:00:00,2013,Hydrological,0.43277936,INDECI
2013-11-30 00:00:00,2013,Hydrological,3.780782,INDECI
2013-12-03 00:00:00,2013,Hydrological,0.59982788,INDECI
2013-12-06 00:00:00,2013,Hydrological,0.2741234,INDECI
2013-12-09 00:00:00,2013,Hydrological,1.04324,INDECI
2013-12-13 00:00:00,2013,Hydrological,2.0873596,INDECI
2013-12-16 00:00:00,2013,Hydrological,0.37779248,INDECI
2013-12-20 00:00:00,2013,Hydrological,0.471126,INDECI
2013-12-23 00:00:00,2013,Hydrological,0.0868636,INDECI
2013-12-27 00:00:00,2013,Hydrological,0.396764,INDECI
2013-01-01 00:00:00,2013,Meteorological,0.293418,INDECI
2013-01-07 00:00:00,2013,Meteorological,0.219082,INDECI
2013-01-13 00:00:00,2013,Meteorological,0.428614,INDECI
2013-01-20 00:00:00,2013,Meteorological,1.740595,INDECI
2013-01-26 00:00:00,2013,Meteorological,0.03185,INDECI
2013-02-02 00:00:00,2013,Meteorological,0.067993,INDECI
2013-02-08 00:00:00,2013,Meteorological,3.212343,INDECI
2013-02-14 00:00:00,2013,Meteorological,0.104393,INDECI
2013-02-20 00:00:00,2013,Meteorological,0.0273,INDECI
2013-02-26 00:00:00,2013,Meteorological,0.055514,INDECI
2013-03-05 00:00:00,2013,Meteorological,0.017943,INDECI
2013-03-13 00:00:00,2013,Meteorological,0.051344,INDECI
2013-03-19 00:00:00,2013,Meteorological,0.08535,INDECI
2013-03-25 00:00:00,2013,Meteorological,0.3094,INDECI
2013-04-01 00:00:00,2013,Meteorological,0.0364,INDECI
2013-04-07 00:00:00,2013,Meteorological,0.0864,INDECI
2013-04-13 00:00:00,2013,Meteorological,0.111028,INDECI
2013-04-19 00:00:00,2013,Meteorological,0.036143,INDECI
2013-04-26 00:00:00,2013,Meteorological,0.03185,INDECI
2013-05-02 00:00:00,2013,Meteorological,1.514356,INDECI
2013-05-10 00:00:00,2013,Meteorological,0.3003,INDECI
2013-05-22 00:00:00,2013,Meteorological,0.052782,INDECI
2013-05-28 00:00:00,2013,Meteorological,0.030032,INDECI
2013-06-05 00:00:00,2013,Meteorological,0.49745,INDECI
2013-06-12 00:00:00,2013,Meteorological,0.0546,INDECI
2013-06-18 00:00:00,2013,Meteorological,0.0728,INDECI
2013-06-25 00:00:00,2013,Meteorological,0.02275,INDECI
2013-07-08 00:00:00,2013,Meteorological,0.13196,INDECI
2013-07-14 00:00:00,2013,Meteorological,2.282565,INDECI
2013-07-20 00:00:00,2013,Meteorological,0.537302,INDECI
2013-07-26 00:00:00,2013,Meteorological,0.184485,INDECI
2013-08-02 00:00:00,2013,Meteorological,0.0819,INDECI
2013-08-08 00:00:00,2013,Meteorological,0.168093,INDECI
2013-08-15 00:00:00,2013,Meteorological,0.213328,INDECI
2013-08-21 00:00:00,2013,Meteorological,0.356002,INDECI
2013-08-27 00:00:00,2013,Meteorological,0.74088464,INDECI
2013-09-02 00:00:00,2013,Meteorological,2.080804,INDECI
2013-09-08 00:00:00,2013,Meteorological,0.524193,INDECI
2013-09-14 00:00:00,2013,Meteorological,0.900036,INDECI
2013-09-20 00:00:00,2013,Meteorological,0.911581,INDECI
2013-09-26 00:00:00,2013,Meteorological,0.524174,INDECI
2013-10-02 00:00:00,2013,Meteorological,0.101928,INDECI
2013-10-08 00:00:00,2013,Meteorological,0.257532,INDECI
2013-10-15 00:00:00,2013,Meteorological,1.113653,INDECI
2013-10-21 00:00:00,2013,Meteorological,0.512732,INDECI
2013-10-27 00:00:00,2013,Meteorological,0.257542,INDECI
2013-11-02 00:00:00,2013,Meteorological,0.225692,INDECI
2013-11-08 00:00:00,2013,Meteorological,0.592454,INDECI
2013-11-15 00:00:00,2013,Meteorological,0.88766,INDECI
2013-11-21 00:00:00,2013,Meteorological,1.6017,INDECI
2013-11-27 00:00:00,2013,Meteorological,3.849306,INDECI
2013-12-03 00:00:00,2013,Meteorological,0.361343,INDECI
2013-12-09 00:00:00,2013,Meteorological,0.117396,INDECI
2013-12-17 00:00:00,2013,Meteorological,0.052782,INDECI
2013-12-25 00:00:00,2013,Meteorological,0.131518,INDECI
2014-01-09 00:00:00,2014,Climatological,4.36693792,INDECI
2014-01-26 00:00:00,2014,Climatological,26.913724,INDECI
2014-02-11 00:00:00,2014,Climatological,9.258966,INDECI
2014-03-01 00:00:00,2014,Climatological,2.7344353999999997,INDECI
2014-03-18 00:00:00,2014,Climatological,5.841325,INDECI
2014-04-04 00:00:00,2014,Climatological,1.4843293,INDECI
2014-04-20 00:00:00,2014,Climatological,0.096875,INDECI
2014-05-06 00:00:00,2014,Climatological,1.2469226,INDECI
2014-05-26 00:00:00,2014,Climatological,2.258286,INDECI
2014-06-11 00:00:00,2014,Climatological,0.262712,INDECI
2014-06-27 00:00:00,2014,Climatological,0.419903,INDECI
2014-07-15 00:00:00,2014,Climatological,0.1558832,INDECI
2014-08-05 00:00:00,2014,Climatological,0.136848,INDECI
2014-08-22 00:00:00,2014,Climatological,0.4135762,INDECI
2014-09-07 00:00:00,2014,Climatological,11.631955,INDECI
2014-10-02 00:00:00,2014,Climatological,2.16179,INDECI
2014-10-19 00:00:00,2014,Climatological,0.27628840000000005,INDECI
2014-11-04 00:00:00,2014,Climatological,1.117457,INDECI
2014-11-20 00:00:00,2014,Climatological,1.07683056,INDECI
2014-12-07 00:00:00,2014,Climatological,0.04375,INDECI
2014-03-15 00:00:00,2014,Geophysical,0.240893,INDECI
2014-04-01 00:00:00,2014,Geophysical,0.040179,INDECI
2014-04-10 00:00:00,2014,Geophysical,0.0525,INDECI
2014-04-17 00:00:00,2014,Geophysical,0.1729,INDECI
2014-06-03 00:00:00,2014,Geophysical,0.025482,INDECI
2014-07-05 00:00:00,2014,Geophysical,0.24115,INDECI
2014-07-09 00:00:00,2014,Geophysical,1.8800000000000002e-06,INDECI
2014-08-24 00:00:00,2014,Geophysical,8.151331,INDECI
2014-09-27 00:00:00,2014,Geophysical,1.712324,INDECI
2014-10-13 00:00:00,2014,Geophysical,0.04069864,INDECI
2014-10-30 00:00:00,2014,Geophysical,0.026786,INDECI
2014-11-09 00:00:00,2014,Geophysical,0.085679,INDECI
2014-01-01 00:00:00,2014,Hydrological,3.63095732,INDECI
2014-01-04 00:00:00,2014,Hydrological,1.2217398400000001,INDECI
2014-01-07 00:00:00,2014,Hydrological,5.68180132,INDECI
2014-01-10 00:00:00,2014,Hydrological,6.8554604,INDECI
2014-01-13 00:00:00,2014,Hydrological,1.44747742,INDECI
2014-01-16 00:00:00,2014,Hydrological,2.8007806200000003,INDECI
2014-01-19 00:00:00,2014,Hydrological,4.6686143399999995,INDECI
2014-01-22 00:00:00,2014,Hydrological,2.8045961200000002,INDECI
2014-01-25 00:00:00,2014,Hydrological,7.38272962,INDECI
2014-01-28 00:00:00,2014,Hydrological,0.16386414000000002,INDECI
2014-01-31 00:00:00,2014,Hydrological,0.77131602,INDECI
2014-02-03 00:00:00,2014,Hydrological,1.0390490799999998,INDECI
2014-02-06 00:00:00,2014,Hydrological,0.6142663999999999,INDECI
2014-02-09 00:00:00,2014,Hydrological,3.2728338,INDECI
2014-02-12 00:00:00,2014,Hydrological,0.74564276,INDECI
2014-02-15 00:00:00,2014,Hydrological,1.05990768,INDECI
2014-02-18 00:00:00,2014,Hydrological,1.3233087,INDECI
2014-02-21 00:00:00,2014,Hydrological,0.44121,INDECI
2014-02-24 00:00:00,2014,Hydrological,1.4168726999999999,INDECI
2014-02-27 00:00:00,2014,Hydrological,7.43233036,INDECI
2014-03-02 00:00:00,2014,Hydrological,2.0006738,INDECI
2014-03-05 00:00:00,2014,Hydrological,0.29271040000000004,INDECI
2014-03-08 00:00:00,2014,Hydrological,5.28890988,INDECI
2014-03-11 00:00:00,2014,Hydrological,36.765255020000005,INDECI
2014-03-14 00:00:00,2014,Hydrological,4.0145197999999995,INDECI
2014-03-17 00:00:00,2014,Hydrological,15.58503746,INDECI
2014-03-20 00:00:00,2014,Hydrological,8.48760992,INDECI
2014-03-23 00:00:00,2014,Hydrological,3.01137388,INDECI
2014-03-26 00:00:00,2014,Hydrological,5.9554582,INDECI
2014-03-29 00:00:00,2014,Hydrological,1.3197785,INDECI
2014-04-01 00:00:00,2014,Hydrological,1.12634432,INDECI
2014-04-04 00:00:00,2014,Hydrological,2.8966755,INDECI
2014-04-07 00:00:00,2014,Hydrological,2.18537864,INDECI
2014-04-10 00:00:00,2014,Hydrological,0.33472808000000004,INDECI
2014-04-13 00:00:00,2014,Hydrological,2.94606536,INDECI
2014-04-16 00:00:00,2014,Hydrological,0.08006880000000001,INDECI
2014-04-19 00:00:00,2014,Hydrological,0.6662895600000001,INDECI
2014-04-22 00:00:00,2014,Hydrological,0.4595404,INDECI
2014-04-25 00:00:00,2014,Hydrological,2.11516,INDECI
2014-04-29 00:00:00,2014,Hydrological,1.552769,INDECI
2014-05-02 00:00:00,2014,Hydrological,0.129723,INDECI
2014-05-05 00:00:00,2014,Hydrological,0.594173,INDECI
2014-05-08 00:00:00,2014,Hydrological,0.327282,INDECI
2014-05-11 00:00:00,2014,Hydrological,0.99959884,INDECI
2014-05-14 00:00:00,2014,Hydrological,0.6141863399999999,INDECI
2014-05-17 00:00:00,2014,Hydrological,0.865424,INDECI
2014-05-20 00:00:00,2014,Hydrological,0.117325,INDECI
2014-05-23 00:00:00,2014,Hydrological,0.834717,INDECI
2014-05-26 00:00:00,2014,Hydrological,0.10016960000000001,INDECI
2014-05-29 00:00:00,2014,Hydrological,6.51908824,INDECI
2014-06-01 00:00:00,2014,Hydrological,13.53523156,INDECI
2014-06-04 00:00:00,2014,Hydrological,0.0178794,INDECI
2014-06-07 00:00:00,2014,Hydrological,0.00039104,INDECI
2014-06-10 00:00:00,2014,Hydrological,0.051377,INDECI
2014-06-16 00:00:00,2014,Hydrological,0.128314,INDECI
2014-06-19 00:00:00,2014,Hydrological,1.152084,INDECI
2014-06-23 00:00:00,2014,Hydrological,0.305764,INDECI
2014-06-26 00:00:00,2014,Hydrological,0.041653,INDECI
2014-06-29 00:00:00,2014,Hydrological,0.724107,INDECI
2014-07-03 00:00:00,2014,Hydrological,0.70291992,INDECI
2014-07-10 00:00:00,2014,Hydrological,0.086136,INDECI
2014-07-13 00:00:00,2014,Hydrological,0.03039764,INDECI
2014-07-16 00:00:00,2014,Hydrological,0.1547,INDECI
2014-07-19 00:00:00,2014,Hydrological,0.557304,INDECI
2014-07-22 00:00:00,2014,Hydrological,0.5278,INDECI
2014-07-25 00:00:00,2014,Hydrological,0.06371316,INDECI
2014-07-30 00:00:00,2014,Hydrological,0.0629672,INDECI
2014-08-03 00:00:00,2014,Hydrological,0.1029244,INDECI
2014-08-07 00:00:00,2014,Hydrological,2.877292,INDECI
2014-08-10 00:00:00,2014,Hydrological,0.1111945,INDECI
2014-08-13 00:00:00,2014,Hydrological,0.48330236,INDECI
2014-08-18 00:00:00,2014,Hydrological,0.05303828,INDECI
2014-08-24 00:00:00,2014,Hydrological,0.02557016,INDECI
2014-08-27 00:00:00,2014,Hydrological,0.0591688,INDECI
2014-08-31 00:00:00,2014,Hydrological,0.141228,INDECI
2014-09-03 00:00:00,2014,Hydrological,0.10727124,INDECI
2014-09-08 00:00:00,2014,Hydrological,0.1122652,INDECI
2014-09-11 00:00:00,2014,Hydrological,0.025980200000000002,INDECI
2014-09-15 00:00:00,2014,Hydrological,0.3150144,INDECI
2014-09-18 00:00:00,2014,Hydrological,0.00455,INDECI
2014-09-21 00:00:00,2014,Hydrological,0.11451460000000001,INDECI
2014-09-24 00:00:00,2014,Hydrological,0.133185,INDECI
2014-09-27 00:00:00,2014,Hydrological,0.095059,INDECI
2014-09-30 00:00:00,2014,Hydrological,0.00466656,INDECI
2014-10-03 00:00:00,2014,Hydrological,1.6457,INDECI
2014-10-06 00:00:00,2014,Hydrological,0.10011128,INDECI
2014-10-10 00:00:00,2014,Hydrological,0.23701060000000002,INDECI
2014-10-13 00:00:00,2014,Hydrological,0.009476,INDECI
2014-10-16 00:00:00,2014,Hydrological,0.013393,INDECI
2014-10-19 00:00:00,2014,Hydrological,0.343104,INDECI
2014-10-23 00:00:00,2014,Hydrological,0.5349678,INDECI
2014-10-26 00:00:00,2014,Hydrological,0.278464,INDECI
2014-10-29 00:00:00,2014,Hydrological,1.3729462,INDECI
2014-11-04 00:00:00,2014,Hydrological,1.99798268,INDECI
2014-11-08 00:00:00,2014,Hydrological,1.64165324,INDECI
2014-11-11 00:00:00,2014,Hydrological,0.383247,INDECI
2014-11-14 00:00:00,2014,Hydrological,1.0213747,INDECI
2014-11-17 00:00:00,2014,Hydrological,0.19481176,INDECI
2014-11-20 00:00:00,2014,Hydrological,0.32948,INDECI
2014-11-23 00:00:00,2014,Hydrological,0.531346,INDECI
2014-11-27 00:00:00,2014,Hydrological,0.043682,INDECI
2014-12-01 00:00:00,2014,Hydrological,0.444988,INDECI
2014-12-04 00:00:00,2014,Hydrological,2.8282792000000003,INDECI
2014-12-07 00:00:00,2014,Hydrological,0.2506636,INDECI
2014-12-10 00:00:00,2014,Hydrological,0.312003,INDECI
2014-12-16 00:00:00,2014,Hydrological,0.19208039999999998,INDECI
2014-12-20 00:00:00,2014,Hydrological,0.302908,INDECI
2014-12-23 00:00:00,2014,Hydrological,0.00478124,INDECI
2014-12-26 00:00:00,2014,Hydrological,0.0455,INDECI
2014-12-29 00:00:00,2014,Hydrological,0.0046213,INDECI
2014-01-01 00:00:00,2014,Meteorological,0.090539,INDECI
2014-01-07 00:00:00,2014,Meteorological,0.483244,INDECI
2014-01-14 00:00:00,2014,Meteorological,0.0546,INDECI
2014-01-20 00:00:00,2014,Meteorological,0.043425,INDECI
2014-01-29 00:00:00,2014,Meteorological,0.16044,INDECI
2014-02-04 00:00:00,2014,Meteorological,0.061882,INDECI
2014-02-10 00:00:00,2014,Meteorological,0.132864,INDECI
2014-02-16 00:00:00,2014,Meteorological,0.101014,INDECI
2014-02-25 00:00:00,2014,Meteorological,0.3185,INDECI
2014-03-03 00:00:00,2014,Meteorological,0.390478,INDECI
2014-03-10 00:00:00,2014,Meteorological,0.399259,INDECI
2014-03-16 00:00:00,2014,Meteorological,0.096464,INDECI
2014-03-25 00:00:00,2014,Meteorological,0.426816,INDECI
2014-04-02 00:00:00,2014,Meteorological,0.04095,INDECI
2014-04-08 00:00:00,2014,Meteorological,0.120128,INDECI
2014-04-14 00:00:00,2014,Meteorological,0.0637,INDECI
2014-04-20 00:00:00,2014,Meteorological,0.080082,INDECI
2014-04-27 00:00:00,2014,Meteorological,0.108956,INDECI
2014-05-03 00:00:00,2014,Meteorological,0.046628,INDECI
2014-05-10 00:00:00,2014,Meteorological,0.18037,INDECI
2014-05-16 00:00:00,2014,Meteorological,0.081643,INDECI
2014-05-22 00:00:00,2014,Meteorological,0.0273,INDECI
2014-05-30 00:00:00,2014,Meteorological,0.093732,INDECI
2014-06-08 00:00:00,2014,Meteorological,0.118043,INDECI
2014-06-15 00:00:00,2014,Meteorological,0.986322,INDECI
2014-06-22 00:00:00,2014,Meteorological,0.036143,INDECI
2014-07-02 00:00:00,2014,Meteorological,0.101928,INDECI
2014-07-10 00:00:00,2014,Meteorological,0.25935,INDECI
2014-07-16 00:00:00,2014,Meteorological,0.107382,INDECI
2014-07-23 00:00:00,2014,Meteorological,0.05915,INDECI
2014-07-31 00:00:00,2014,Meteorological,0.30981,INDECI
2014-08-06 00:00:00,2014,Meteorological,0.252725,INDECI
2014-08-12 00:00:00,2014,Meteorological,0.229953,INDECI
2014-08-18 00:00:00,2014,Meteorological,0.30942,INDECI
2014-08-25 00:00:00,2014,Meteorological,0.294589,INDECI
2014-09-02 00:00:00,2014,Meteorological,0.515978,INDECI
2014-09-08 00:00:00,2014,Meteorological,0.538234,INDECI
2014-09-14 00:00:00,2014,Meteorological,0.77808,INDECI
2014-09-20 00:00:00,2014,Meteorological,0.147428,INDECI
2014-09-27 00:00:00,2014,Meteorological,0.138975,INDECI
2014-10-06 00:00:00,2014,Meteorological,0.125582,INDECI
2014-10-12 00:00:00,2014,Meteorological,1.576766,INDECI
2014-10-18 00:00:00,2014,Meteorological,0.7119,INDECI
2014-10-24 00:00:00,2014,Meteorological,0.1005,INDECI
2014-10-31 00:00:00,2014,Meteorological,0.263742,INDECI
2014-11-06 00:00:00,2014,Meteorological,3.1812017999999997,INDECI
2014-11-12 00:00:00,2014,Meteorological,0.0364,INDECI
2014-11-18 00:00:00,2014,Meteorological,0.210614,INDECI
2014-11-24 00:00:00,2014,Meteorological,0.181096,INDECI
2014-11-30 00:00:00,2014,Meteorological,0.177193,INDECI
2014-12-07 00:00:00,2014,Meteorological,0.063443,INDECI
2014-12-13 00:00:00,2014,Meteorological,0.00455,INDECI
2015-01-03 00:00:00,2015,Climatological,8.0580956,INDECI
2015-01-19 00:00:00,2015,Climatological,6.042126,INDECI
2015-02-04 00:00:00,2015,Climatological,5.474048,INDECI
2015-02-21 00:00:00,2015,Climatological,1.77381964,INDECI
2015-03-18 00:00:00,2015,Climatological,1.72079712,INDECI
2015-04-03 00:00:00,2015,Climatological,8.3979978,INDECI
2015-04-27 00:00:00,2015,Climatological,0.50351516,INDECI
2015-05-16 00:00:00,2015,Climatological,9.005521,INDECI
2015-06-01 00:00:00,2015,Climatological,18.2640398,INDECI
2015-06-18 00:00:00,2015,Climatological,54.4949258,INDECI
2015-07-04 00:00:00,2015,Climatological,182.06893624,INDECI
2015-07-20 00:00:00,2015,Climatological,6.76631476,INDECI
2015-08-06 00:00:00,2015,Climatological,96.78911907999999,INDECI
2015-08-24 00:00:00,2015,Climatological,0.2755094,INDECI
2015-09-09 00:00:00,2015,Climatological,1.01045114,INDECI
2015-09-27 00:00:00,2015,Climatological,4.2194842,INDECI
2015-10-14 00:00:00,2015,Climatological,4.1529,INDECI
2015-11-01 00:00:00,2015,Climatological,1.933566,INDECI
2015-11-27 00:00:00,2015,Climatological,2.04973372,INDECI
2015-12-21 00:00:00,2015,Climatological,1742.80687604,INDECI
2015-02-28 00:00:00,2015,Geophysical,0.7765291,INDECI
2015-04-08 00:00:00,2015,Geophysical,1.154368,INDECI
2015-06-29 00:00:00,2015,Geophysical,0.54145,INDECI
2015-11-24 00:00:00,2015,Geophysical,0.013393,INDECI
2015-12-13 00:00:00,2015,Geophysical,0.39131,INDECI
2015-01-01 00:00:00,2015,Hydrological,10.81716174,INDECI
2015-01-04 00:00:00,2015,Hydrological,11.36464384,INDECI
2015-01-07 00:00:00,2015,Hydrological,1.8423234199999998,INDECI
2015-01-10 00:00:00,2015,Hydrological,10.75790274,INDECI
2015-01-13 00:00:00,2015,Hydrological,8.4935627,INDECI
2015-01-16 00:00:00,2015,Hydrological,8.92278506,INDECI
2015-01-19 00:00:00,2015,Hydrological,3.95217066,INDECI
2015-01-22 00:00:00,2015,Hydrological,26.26456996,INDECI
2015-01-25 00:00:00,2015,Hydrological,25.14368458,INDECI
2015-01-28 00:00:00,2015,Hydrological,55.96343884,INDECI
2015-01-31 00:00:00,2015,Hydrological,33.32661732,INDECI
2015-02-03 00:00:00,2015,Hydrological,18.5681505,INDECI
2015-02-06 00:00:00,2015,Hydrological,27.17011102,INDECI
2015-02-09 00:00:00,2015,Hydrological,17.9101143,INDECI
2015-02-12 00:00:00,2015,Hydrological,14.55192894,INDECI
2015-02-15 00:00:00,2015,Hydrological,37.89428864,INDECI
2015-02-18 00:00:00,2015,Hydrological,15.456979039999998,INDECI
2015-02-21 00:00:00,2015,Hydrological,0.8618353599999999,INDECI
2015-02-24 00:00:00,2015,Hydrological,3.3579138399999997,INDECI
2015-02-27 00:00:00,2015,Hydrological,11.1782883,INDECI
2015-03-02 00:00:00,2015,Hydrological,4.1571769199999995,INDECI
2015-03-05 00:00:00,2015,Hydrological,16.99379966,INDECI
2015-03-08 00:00:00,2015,Hydrological,23.12362998,INDECI
2015-03-11 00:00:00,2015,Hydrological,1.73218448,INDECI
2015-03-14 00:00:00,2015,Hydrological,13.29604906,INDECI
2015-03-17 00:00:00,2015,Hydrological,28.60996932,INDECI
2015-03-20 00:00:00,2015,Hydrological,46.90205824,INDECI
2015-03-23 00:00:00,2015,Hydrological,66.94834594,INDECI
2015-03-26 00:00:00,2015,Hydrological,69.38509268000001,INDECI
2015-03-29 00:00:00,2015,Hydrological,79.6801788,INDECI
2015-04-01 00:00:00,2015,Hydrological,8.775652,INDECI
2015-04-04 00:00:00,2015,Hydrological,3.34454024,INDECI
2015-04-07 00:00:00,2015,Hydrological,8.0917159,INDECI
2015-04-10 00:00:00,2015,Hydrological,0.78861042,INDECI
2015-04-13 00:00:00,2015,Hydrological,2.71296138,INDECI
2015-04-16 00:00:00,2015,Hydrological,2.48920732,INDECI
2015-04-19 00:00:00,2015,Hydrological,4.8945249,INDECI
2015-04-22 00:00:00,2015,Hydrological,0.17558420000000002,INDECI
2015-04-25 00:00:00,2015,Hydrological,0.16744542,INDECI
2015-04-28 00:00:00,2015,Hydrological,0.96836248,INDECI
2015-05-02 00:00:00,2015,Hydrological,2.90089144,INDECI
2015-05-05 00:00:00,2015,Hydrological,0.1512188,INDECI
2015-05-10 00:00:00,2015,Hydrological,0.4541,INDECI
2015-05-13 00:00:00,2015,Hydrological,0.082352,INDECI
2015-05-16 00:00:00,2015,Hydrological,3.5038862,INDECI
2015-05-19 00:00:00,2015,Hydrological,1.06256094,INDECI
2015-05-22 00:00:00,2015,Hydrological,0.02285716,INDECI
2015-05-25 00:00:00,2015,Hydrological,0.22703242,INDECI
2015-05-28 00:00:00,2015,Hydrological,0.273943,INDECI
2015-05-31 00:00:00,2015,Hydrological,0.7047894,INDECI
2015-06-04 00:00:00,2015,Hydrological,0.1137138,INDECI
2015-06-07 00:00:00,2015,Hydrological,0.025688799999999998,INDECI
2015-06-12 00:00:00,2015,Hydrological,0.001875,INDECI
2015-06-15 00:00:00,2015,Hydrological,0.0360184,INDECI
2015-06-18 00:00:00,2015,Hydrological,0.00455,INDECI
2015-06-22 00:00:00,2015,Hydrological,1.3766213,INDECI
2015-06-30 00:00:00,2015,Hydrological,0.02943,INDECI
2015-07-03 00:00:00,2015,Hydrological,0.00455,INDECI
2015-07-13 00:00:00,2015,Hydrological,0.303056,INDECI
2015-07-16 00:00:00,2015,Hydrological,0.091674,INDECI
2015-07-20 00:00:00,2015,Hydrological,0.01872,INDECI
2015-07-26 00:00:00,2015,Hydrological,1.637086,INDECI
2015-07-29 00:00:00,2015,Hydrological,0.270278,INDECI
2015-08-02 00:00:00,2015,Hydrological,0.75489584,INDECI
2015-08-05 00:00:00,2015,Hydrological,0.03402574,INDECI
2015-08-10 00:00:00,2015,Hydrological,3.44824384,INDECI
2015-08-13 00:00:00,2015,Hydrological,0.0300508,INDECI
2015-08-17 00:00:00,2015,Hydrological,0.085302,INDECI
2015-08-20 00:00:00,2015,Hydrological,0.654716,INDECI
2015-08-23 00:00:00,2015,Hydrological,0.001128,INDECI
2015-08-26 00:00:00,2015,Hydrological,0.20241,INDECI
2015-08-29 00:00:00,2015,Hydrological,0.0300884,INDECI
2015-09-01 00:00:00,2015,Hydrological,0.0631,INDECI
2015-09-04 00:00:00,2015,Hydrological,0.00925,INDECI
2015-09-07 00:00:00,2015,Hydrological,0.0307048,INDECI
2015-09-10 00:00:00,2015,Hydrological,0.0212405,INDECI
2015-09-13 00:00:00,2015,Hydrological,1.06125954,INDECI
2015-09-16 00:00:00,2015,Hydrological,0.3167828,INDECI
2015-09-20 00:00:00,2015,Hydrological,0.099843,INDECI
2015-09-23 00:00:00,2015,Hydrological,0.081643,INDECI
2015-09-27 00:00:00,2015,Hydrological,0.139232,INDECI
2015-09-30 00:00:00,2015,Hydrological,0.05945378,INDECI
2015-10-03 00:00:00,2015,Hydrological,0.331507,INDECI
2015-10-06 00:00:00,2015,Hydrological,2.5840338,INDECI
2015-10-13 00:00:00,2015,Hydrological,0.050057519999999994,INDECI
2015-10-17 00:00:00,2015,Hydrological,0.5138962,INDECI
2015-10-20 00:00:00,2015,Hydrological,0.102425,INDECI
2015-10-23 00:00:00,2015,Hydrological,0.17313134,INDECI
2015-10-27 00:00:00,2015,Hydrological,0.10459961999999999,INDECI
2015-10-30 00:00:00,2015,Hydrological,0.01365,INDECI
2015-11-02 00:00:00,2015,Hydrological,1.6969381000000001,INDECI
2015-11-05 00:00:00,2015,Hydrological,0.005114,INDECI
2015-11-09 00:00:00,2015,Hydrological,0.05764708,INDECI
2015-11-12 00:00:00,2015,Hydrological,0.27762144,INDECI
2015-11-15 00:00:00,2015,Hydrological,0.045641,INDECI
2015-11-18 00:00:00,2015,Hydrological,0.09192383999999999,INDECI
2015-11-22 00:00:00,2015,Hydrological,0.025785759999999998,INDECI
2015-11-25 00:00:00,2015,Hydrological,0.33417904,INDECI
2015-11-29 00:00:00,2015,Hydrological,18.374494,INDECI
2015-12-02 00:00:00,2015,Hydrological,1.80722754,INDECI
2015-12-07 00:00:00,2015,Hydrological,0.004832,INDECI
2015-12-10 00:00:00,2015,Hydrological,4.7e-05,INDECI
2015-12-13 00:00:00,2015,Hydrological,0.33975120000000003,INDECI
2015-12-16 00:00:00,2015,Hydrological,0.0049166,INDECI
2015-12-19 00:00:00,2015,Hydrological,0.237938,INDECI
2015-12-22 00:00:00,2015,Hydrological,0.31645714,INDECI
2015-12-26 00:00:00,2015,Hydrological,0.48568288,INDECI
2015-12-29 00:00:00,2015,Hydrological,0.054484,INDECI
2015-01-03 00:00:00,2015,Meteorological,0.206374,INDECI
2015-01-11 00:00:00,2015,Meteorological,0.03325,INDECI
2015-01-17 00:00:00,2015,Meteorological,0.31837879999999996,INDECI
2015-01-23 00:00:00,2015,Meteorological,0.0546,INDECI
2015-01-30 00:00:00,2015,Meteorological,0.103,INDECI
2015-02-05 00:00:00,2015,Meteorological,0.03185,INDECI
2015-02-11 00:00:00,2015,Meteorological,0.039132,INDECI
2015-02-17 00:00:00,2015,Meteorological,0.0838674,INDECI
2015-02-23 00:00:00,2015,Meteorological,1.064443,INDECI
2015-03-03 00:00:00,2015,Meteorological,0.017943,INDECI
2015-03-11 00:00:00,2015,Meteorological,0.100757,INDECI
2015-03-18 00:00:00,2015,Meteorological,0.029857,INDECI
2015-03-24 00:00:00,2015,Meteorological,0.066432,INDECI
2015-03-30 00:00:00,2015,Meteorological,0.092614,INDECI
2015-04-05 00:00:00,2015,Meteorological,0.060064,INDECI
2015-04-23 00:00:00,2015,Meteorological,0.055514,INDECI
2015-04-30 00:00:00,2015,Meteorological,0.00455,INDECI
2015-05-07 00:00:00,2015,Meteorological,0.23205,INDECI
2015-05-14 00:00:00,2015,Meteorological,0.054343,INDECI
2015-05-22 00:00:00,2015,Meteorological,0.061882,INDECI
2015-05-29 00:00:00,2015,Meteorological,0.017943,INDECI
2015-06-06 00:00:00,2015,Meteorological,0.0364,INDECI
2015-06-19 00:00:00,2015,Meteorological,0.501722,INDECI
2015-06-25 00:00:00,2015,Meteorological,4.200999,INDECI
2015-07-01 00:00:00,2015,Meteorological,1.284133,INDECI
2015-07-07 00:00:00,2015,Meteorological,1.536082,INDECI
2015-07-14 00:00:00,2015,Meteorological,0.261825,INDECI
2015-07-20 00:00:00,2015,Meteorological,0.1365,INDECI
2015-07-26 00:00:00,2015,Meteorological,1.05105,INDECI
2015-08-03 00:00:00,2015,Meteorological,0.3458,INDECI
2015-08-09 00:00:00,2015,Meteorological,0.225268,INDECI
2015-08-16 00:00:00,2015,Meteorological,0.535225,INDECI
2015-08-23 00:00:00,2015,Meteorological,0.458265,INDECI
2015-08-29 00:00:00,2015,Meteorological,0.555358,INDECI
2015-09-04 00:00:00,2015,Meteorological,0.326839,INDECI
2015-09-12 00:00:00,2015,Meteorological,0.650557,INDECI
2015-09-18 00:00:00,2015,Meteorological,1.789659,INDECI
2015-09-25 00:00:00,2015,Meteorological,1.405768,INDECI
2015-10-01 00:00:00,2015,Meteorological,0.478664,INDECI
2015-10-07 00:00:00,2015,Meteorological,0.414742,INDECI
2015-10-13 00:00:00,2015,Meteorological,0.111675,INDECI
2015-10-20 00:00:00,2015,Meteorological,1.1501508,INDECI
2015-10-26 00:00:00,2015,Meteorological,1.5563824,INDECI
2015-11-01 00:00:00,2015,Meteorological,0.26638628000000003,INDECI
2015-11-08 00:00:00,2015,Meteorological,0.098963,INDECI
2015-11-15 00:00:00,2015,Meteorological,0.38811776000000003,INDECI
2015-11-21 00:00:00,2015,Meteorological,0.741393,INDECI
2015-11-27 00:00:00,2015,Meteorological,0.083861,INDECI
2015-12-03 00:00:00,2015,Meteorological,0.4225348,INDECI
2015-12-09 00:00:00,2015,Meteorological,5.94482008,INDECI
2015-12-15 00:00:00,2015,Meteorological,0.0182,INDECI
2015-12-22 00:00:00,2015,Meteorological,0.082336,INDECI
2015-12-28 00:00:00,2015,Meteorological,0.05005,INDECI
2016-01-06 00:00:00,2016,Climatological,66.45690388,INDECI
2016-01-22 00:00:00,2016,Climatological,147.2469907,INDECI
2016-02-07 00:00:00,2016,Climatological,24.48640706,INDECI
2016-02-23 00:00:00,2016,Climatological,3.89203926,INDECI
2016-03-10 00:00:00,2016,Climatological,0.19716316,INDECI
2016-03-28 00:00:00,2016,Climatological,1.6532876,INDECI
2016-04-15 00:00:00,2016,Climatological,0.87845,INDECI
2016-05-01 00:00:00,2016,Climatological,16.852261,INDECI
2016-05-17 00:00:00,2016,Climatological,37.361598,INDECI
2016-06-02 00:00:00,2016,Climatological,126.85750759999999,INDECI
2016-06-18 00:00:00,2016,Climatological,31.11306748,INDECI
2016-07-04 00:00:00,2016,Climatological,25.920078399999998,INDECI
2016-07-21 00:00:00,2016,Climatological,21.008803399999998,INDECI
2016-08-06 00:00:00,2016,Climatological,4.291128,INDECI
2016-08-22 00:00:00,2016,Climatological,3.737749,INDECI
2016-09-07 00:00:00,2016,Climatological,8.4604478,INDECI
2016-09-23 00:00:00,2016,Climatological,10.039775,INDECI
2016-10-09 00:00:00,2016,Climatological,2.955005,INDECI
2016-10-25 00:00:00,2016,Climatological,106.76348864,INDECI
2016-11-10 00:00:00,2016,Climatological,180.02485816,INDECI
2016-11-26 00:00:00,2016,Climatological,49.885935,INDECI
2016-12-12 00:00:00,2016,Climatological,18.735823,INDECI
2016-02-19 00:00:00,2016,Geophysical,1.39919292,INDECI
2016-02-28 00:00:00,2016,Geophysical,0.346724,INDECI
2016-03-30 00:00:00,2016,Geophysical,0.0091564,INDECI
2016-04-18 00:00:00,2016,Geophysical,0.0182,INDECI
2016-08-14 00:00:00,2016,Geophysical,16.58546024,INDECI
2016-08-18 00:00:00,2016,Geophysical,0.681606,INDECI
2016-09-08 00:00:00,2016,Geophysical,0.00455,INDECI
2016-09-19 00:00:00,2016,Geophysical,0.424074,INDECI
2016-10-01 00:00:00,2016,Geophysical,0.586623,INDECI
2016-10-28 00:00:00,2016,Geophysical,0.16835,INDECI
2016-12-01 00:00:00,2016,Geophysical,20.28518816,INDECI
2016-12-15 00:00:00,2016,Geophysical,1.095726,INDECI
2016-12-24 00:00:00,2016,Geophysical,0.2184,INDECI
2016-01-01 00:00:00,2016,Hydrological,0.0910142,INDECI
2016-01-04 00:00:00,2016,Hydrological,0.59653432,INDECI
2016-01-07 00:00:00,2016,Hydrological,0.93259828,INDECI
2016-01-10 00:00:00,2016,Hydrological,3.10228336,INDECI
2016-01-13 00:00:00,2016,Hydrological,0.7830189200000001,INDECI
2016-01-16 00:00:00,2016,Hydrological,1.3760629199999999,INDECI
2016-01-19 00:00:00,2016,Hydrological,0.31439752000000004,INDECI
2016-01-22 00:00:00,2016,Hydrological,0.11015348,INDECI
2016-01-25 00:00:00,2016,Hydrological,0.7521832199999999,INDECI
2016-01-28 00:00:00,2016,Hydrological,0.36314398,INDECI
2016-01-31 00:00:00,2016,Hydrological,5.15359112,INDECI
2016-02-03 00:00:00,2016,Hydrological,4.42380296,INDECI
2016-02-06 00:00:00,2016,Hydrological,6.75885812,INDECI
2016-02-09 00:00:00,2016,Hydrological,4.5845732,INDECI
2016-02-12 00:00:00,2016,Hydrological,0.21008584,INDECI
2016-02-15 00:00:00,2016,Hydrological,8.28911388,INDECI
2016-02-18 00:00:00,2016,Hydrological,3.15278872,INDECI
2016-02-21 00:00:00,2016,Hydrological,26.4238363,INDECI
2016-02-24 00:00:00,2016,Hydrological,38.54695306,INDECI
2016-02-27 00:00:00,2016,Hydrological,8.03203542,INDECI
2016-03-01 00:00:00,2016,Hydrological,20.6094958,INDECI
2016-03-04 00:00:00,2016,Hydrological,51.9035048,INDECI
2016-03-07 00:00:00,2016,Hydrological,5.47583148,INDECI
2016-03-10 00:00:00,2016,Hydrological,8.009555559999999,INDECI
2016-03-13 00:00:00,2016,Hydrological,3.07926712,INDECI
2016-03-16 00:00:00,2016,Hydrological,1.3689103200000001,INDECI
2016-03-19 00:00:00,2016,Hydrological,0.20400564000000002,INDECI
2016-03-22 00:00:00,2016,Hydrological,0.0452524,INDECI
2016-03-25 00:00:00,2016,Hydrological,0.3891458,INDECI
2016-03-28 00:00:00,2016,Hydrological,0.49783548,INDECI
2016-03-31 00:00:00,2016,Hydrological,0.36358344,INDECI
2016-04-03 00:00:00,2016,Hydrological,4.7416361600000005,INDECI
2016-04-07 00:00:00,2016,Hydrological,0.401252,INDECI
2016-04-11 00:00:00,2016,Hydrological,0.41491726,INDECI
2016-04-14 00:00:00,2016,Hydrological,0.08655336,INDECI
2016-04-17 00:00:00,2016,Hydrological,8.39201666,INDECI
2016-04-20 00:00:00,2016,Hydrological,19.19260264,INDECI
2016-04-25 00:00:00,2016,Hydrological,1.8048619,INDECI
2016-04-29 00:00:00,2016,Hydrological,0.028482,INDECI
2016-05-02 00:00:00,2016,Hydrological,0.196634,INDECI
2016-05-05 00:00:00,2016,Hydrological,0.000423,INDECI
2016-05-09 00:00:00,2016,Hydrological,0.05108432,INDECI
2016-05-12 00:00:00,2016,Hydrological,0.015047399999999999,INDECI
2016-05-16 00:00:00,2016,Hydrological,0.0091,INDECI
2016-05-20 00:00:00,2016,Hydrological,0.0259708,INDECI
2016-05-23 00:00:00,2016,Hydrological,0.046070599999999996,INDECI
2016-05-28 00:00:00,2016,Hydrological,0.03701,INDECI
2016-05-31 00:00:00,2016,Hydrological,5.6833722,INDECI
2016-06-06 00:00:00,2016,Hydrological,1.721144,INDECI
2016-06-09 00:00:00,2016,Hydrological,3.67579116,INDECI
2016-06-18 00:00:00,2016,Hydrological,4.5348497199999995,INDECI
2016-06-22 00:00:00,2016,Hydrological,0.06370564,INDECI
2016-06-25 00:00:00,2016,Hydrological,0.10012256,INDECI
2016-06-29 00:00:00,2016,Hydrological,0.0275826,INDECI
2016-07-05 00:00:00,2016,Hydrological,0.00738316,INDECI
2016-07-09 00:00:00,2016,Hydrological,3.8905316,INDECI
2016-07-13 00:00:00,2016,Hydrological,0.013386,INDECI
2016-07-16 00:00:00,2016,Hydrological,0.12741,INDECI
2016-07-19 00:00:00,2016,Hydrological,0.027738,INDECI
2016-07-29 00:00:00,2016,Hydrological,0.000658,INDECI
2016-08-10 00:00:00,2016,Hydrological,0.0182,INDECI
2016-08-19 00:00:00,2016,Hydrological,0.030596,INDECI
2016-08-22 00:00:00,2016,Hydrological,0.006509,INDECI
2016-08-30 00:00:00,2016,Hydrological,2.60464804,INDECI
2016-09-14 00:00:00,2016,Hydrological,0.00455,INDECI
2016-09-18 00:00:00,2016,Hydrological,0.00720492,INDECI
2016-09-21 00:00:00,2016,Hydrological,0.19869676,INDECI
2016-09-24 00:00:00,2016,Hydrological,0.16685160000000002,INDECI
2016-09-27 00:00:00,2016,Hydrological,0.00075,INDECI
2016-09-30 00:00:00,2016,Hydrological,0.13196,INDECI
2016-10-04 00:00:00,2016,Hydrological,0.041007,INDECI
2016-10-07 00:00:00,2016,Hydrological,0.0049353999999999995,INDECI
2016-10-10 00:00:00,2016,Hydrological,0.057075,INDECI
2016-10-13 00:00:00,2016,Hydrological,0.225003,INDECI
2016-10-17 00:00:00,2016,Hydrological,0.009111280000000001,INDECI
2016-10-20 00:00:00,2016,Hydrological,0.052956800000000005,INDECI
2016-10-23 00:00:00,2016,Hydrological,6e-05,INDECI
2016-10-27 00:00:00,2016,Hydrological,0.298482,INDECI
2016-10-30 00:00:00,2016,Hydrological,0.00455,INDECI
2016-11-02 00:00:00,2016,Hydrological,0.176432,INDECI
2016-11-07 00:00:00,2016,Hydrological,0.49961816,INDECI
2016-11-11 00:00:00,2016,Hydrological,0.897993,INDECI
2016-11-15 00:00:00,2016,Hydrological,0.214507,INDECI
2016-11-18 00:00:00,2016,Hydrological,0.00065048,INDECI
2016-11-22 00:00:00,2016,Hydrological,0.022493,INDECI
2016-11-28 00:00:00,2016,Hydrological,0.5225787199999999,INDECI
2016-12-01 00:00:00,2016,Hydrological,9.023999999999999e-05,INDECI
2016-12-04 00:00:00,2016,Hydrological,0.008634639999999999,INDECI
2016-12-07 00:00:00,2016,Hydrological,0.000203,INDECI
2016-12-10 00:00:00,2016,Hydrological,0.005315,INDECI
2016-12-13 00:00:00,2016,Hydrological,0.23955528,INDECI
2016-12-16 00:00:00,2016,Hydrological,0.053665239999999996,INDECI
2016-12-20 00:00:00,2016,Hydrological,0.42137159999999996,INDECI
2016-12-25 00:00:00,2016,Hydrological,0.0182188,INDECI
2016-12-29 00:00:00,2016,Hydrological,0.04095,INDECI
2016-01-03 00:00:00,2016,Meteorological,0.550736,INDECI
2016-01-09 00:00:00,2016,Meteorological,0.590722,INDECI
2016-01-15 00:00:00,2016,Meteorological,0.103746,INDECI
2016-01-21 00:00:00,2016,Meteorological,3.8698,INDECI
2016-01-27 00:00:00,2016,Meteorological,0.7212908,INDECI
2016-02-02 00:00:00,2016,Meteorological,0.110114,INDECI
2016-02-08 00:00:00,2016,Meteorological,0.0182,INDECI
2016-02-15 00:00:00,2016,Meteorological,0.084632,INDECI
2016-02-21 00:00:00,2016,Meteorological,0.106174,INDECI
2016-02-28 00:00:00,2016,Meteorological,0.0835328,INDECI
2016-03-05 00:00:00,2016,Meteorological,0.4282114,INDECI
2016-03-11 00:00:00,2016,Meteorological,0.091496,INDECI
2016-03-20 00:00:00,2016,Meteorological,0.095139,INDECI
2016-03-28 00:00:00,2016,Meteorological,0.0869,INDECI
2016-04-08 00:00:00,2016,Meteorological,0.035886,INDECI
2016-04-18 00:00:00,2016,Meteorological,0.225743,INDECI
2016-04-25 00:00:00,2016,Meteorological,12.486631,INDECI
2016-05-03 00:00:00,2016,Meteorological,0.112332,INDECI
2016-05-09 00:00:00,2016,Meteorological,0.3705,INDECI
2016-05-15 00:00:00,2016,Meteorological,0.409458,INDECI
2016-05-25 00:00:00,2016,Meteorological,0.069,INDECI
2016-05-31 00:00:00,2016,Meteorological,0.039132,INDECI
2016-06-06 00:00:00,2016,Meteorological,0.10920376,INDECI
2016-06-12 00:00:00,2016,Meteorological,0.205975,INDECI
2016-06-21 00:00:00,2016,Meteorological,0.1389938,INDECI
2016-06-27 00:00:00,2016,Meteorological,11.7186276,INDECI
2016-07-03 00:00:00,2016,Meteorological,0.02275,INDECI
2016-07-09 00:00:00,2016,Meteorological,0.581496,INDECI
2016-07-16 00:00:00,2016,Meteorological,0.07739,INDECI
2016-08-01 00:00:00,2016,Meteorological,0.173557,INDECI
2016-08-07 00:00:00,2016,Meteorological,0.069607,INDECI
2016-08-16 00:00:00,2016,Meteorological,1.263171,INDECI
2016-08-22 00:00:00,2016,Meteorological,0.42775,INDECI
2016-08-28 00:00:00,2016,Meteorological,0.727116,INDECI
2016-09-03 00:00:00,2016,Meteorological,0.69471,INDECI
2016-09-09 00:00:00,2016,Meteorological,1.696552,INDECI
2016-09-15 00:00:00,2016,Meteorological,0.128314,INDECI
2016-09-21 00:00:00,2016,Meteorological,2.160823,INDECI
2016-09-27 00:00:00,2016,Meteorological,1.091939,INDECI
2016-10-03 00:00:00,2016,Meteorological,0.7917,INDECI
2016-10-10 00:00:00,2016,Meteorological,0.460321,INDECI
2016-10-16 00:00:00,2016,Meteorological,0.244364,INDECI
2016-10-23 00:00:00,2016,Meteorological,0.1365,INDECI
2016-10-29 00:00:00,2016,Meteorological,0.803532,INDECI
2016-11-04 00:00:00,2016,Meteorological,2.99725968,INDECI
2016-11-10 00:00:00,2016,Meteorological,0.660664,INDECI
2016-11-16 00:00:00,2016,Meteorological,0.831489,INDECI
2016-11-22 00:00:00,2016,Meteorological,0.941613,INDECI
2016-11-28 00:00:00,2016,Meteorological,0.289269,INDECI
2016-12-04 00:00:00,2016,Meteorological,0.512586,INDECI
2016-12-11 00:00:00,2016,Meteorological,0.098282,INDECI
2016-12-18 00:00:00,2016,Meteorological,0.381686,INDECI
2016-12-25 00:00:00,2016,Meteorological,0.03185,INDECI
2017-01-01 00:00:00,2017,Climatological,18.06008784,INDECI
2017-01-18 00:00:00,2017,Climatological,3.9750218,INDECI
2017-02-03 00:00:00,2017,Climatological,4.774656,INDECI
2017-02-19 00:00:00,2017,Climatological,1.98219108,INDECI
2017-03-08 00:00:00,2017,Climatological,1.5956870600000002,INDECI
2017-03-24 00:00:00,2017,Climatological,0.6653346,INDECI
2017-04-10 00:00:00,2017,Climatological,1.040925,INDECI
2017-04-29 00:00:00,2017,Climatological,16.300039,INDECI
2017-05-15 00:00:00,2017,Climatological,17.9126046,INDECI
2017-06-01 00:00:00,2017,Climatological,3.94468,INDECI
2017-06-17 00:00:00,2017,Climatological,1.07989,INDECI
2017-07-03 00:00:00,2017,Climatological,8.13633,INDECI
2017-07-21 00:00:00,2017,Climatological,4.635107,INDECI
2017-08-06 00:00:00,2017,Climatological,3.257422,INDECI
2017-08-29 00:00:00,2017,Climatological,0.163011,INDECI
2017-09-25 00:00:00,2017,Climatological,1.969913,INDECI
2017-10-14 00:00:00,2017,Climatological,1.0015546,INDECI
2017-10-30 00:00:00,2017,Climatological,0.40604,INDECI
2017-11-17 00:00:00,2017,Climatological,0.806991,INDECI
2017-12-05 00:00:00,2017,Climatological,2.2156902,INDECI
2017-12-22 00:00:00,2017,Climatological,1.098125,INDECI
2017-02-01 00:00:00,2017,Geophysical,1.240014,INDECI
2017-03-07 00:00:00,2017,Geophysical,0.92539536,INDECI
2017-05-03 00:00:00,2017,Geophysical,0.05264,INDECI
2017-05-16 00:00:00,2017,Geophysical,0.258375,INDECI
2017-05-22 00:00:00,2017,Geophysical,0.972609,INDECI
2017-06-05 00:00:00,2017,Geophysical,0.0091,INDECI
2017-07-08 00:00:00,2017,Geophysical,0.000188,INDECI
2017-07-17 00:00:00,2017,Geophysical,0.0960308,INDECI
2017-07-24 00:00:00,2017,Geophysical,0.013393,INDECI
2017-08-24 00:00:00,2017,Geophysical,0.533193,INDECI
2017-08-28 00:00:00,2017,Geophysical,0.552236,INDECI
2017-09-14 00:00:00,2017,Geophysical,0.1093628,INDECI
2017-10-10 00:00:00,2017,Geophysical,0.02743732,INDECI
2017-10-14 00:00:00,2017,Geophysical,0.022493,INDECI
2017-01-01 00:00:00,2017,Hydrological,10.97756324,INDECI
2017-01-04 00:00:00,2017,Hydrological,6.7660862999999996,INDECI
2017-01-07 00:00:00,2017,Hydrological,13.35063556,INDECI
2017-01-10 00:00:00,2017,Hydrological,56.703604420000005,INDECI
2017-01-13 00:00:00,2017,Hydrological,76.89379448000001,INDECI
2017-01-16 00:00:00,2017,Hydrological,5.6133985,INDECI
2017-01-19 00:00:00,2017,Hydrological,31.13597974,INDECI
2017-01-22 00:00:00,2017,Hydrological,74.63756168,INDECI
2017-01-25 00:00:00,2017,Hydrological,47.10080532,INDECI
2017-01-28 00:00:00,2017,Hydrological,66.25036092,INDECI
2017-01-31 00:00:00,2017,Hydrological,205.71567912,INDECI
2017-02-03 00:00:00,2017,Hydrological,28.23936678,INDECI
2017-02-06 00:00:00,2017,Hydrological,21.17945216,INDECI
2017-02-09 00:00:00,2017,Hydrological,23.467973699999998,INDECI
2017-02-12 00:00:00,2017,Hydrological,18.91246714,INDECI
2017-02-15 00:00:00,2017,Hydrological,46.00698888,INDECI
2017-02-18 00:00:00,2017,Hydrological,24.60333868,INDECI
2017-02-21 00:00:00,2017,Hydrological,10.73269746,INDECI
2017-02-24 00:00:00,2017,Hydrological,33.35887108,INDECI
2017-02-27 00:00:00,2017,Hydrological,42.631376100000004,INDECI
2017-03-02 00:00:00,2017,Hydrological,87.08468508,INDECI
2017-03-05 00:00:00,2017,Hydrological,85.98893498000001,INDECI
2017-03-08 00:00:00,2017,Hydrological,74.77030137999999,INDECI
2017-03-11 00:00:00,2017,Hydrological,166.96852218,INDECI
2017-03-14 00:00:00,2017,Hydrological,776.3711331799999,INDECI
2017-03-17 00:00:00,2017,Hydrological,247.49407206,INDECI
2017-03-20 00:00:00,2017,Hydrological,157.96634115999998,INDECI
2017-03-23 00:00:00,2017,Hydrological,106.50400904,INDECI
2017-03-26 00:00:00,2017,Hydrological,235.71406996000002,INDECI
2017-03-29 00:00:00,2017,Hydrological,22.18083882,INDECI
2017-04-01 00:00:00,2017,Hydrological,16.3929176,INDECI
2017-04-04 00:00:00,2017,Hydrological,13.4642941,INDECI
2017-04-07 00:00:00,2017,Hydrological,15.399829800000001,INDECI
2017-04-10 00:00:00,2017,Hydrological,3.6089083399999997,INDECI
2017-04-13 00:00:00,2017,Hydrological,8.7385144,INDECI
2017-04-16 00:00:00,2017,Hydrological,11.58467882,INDECI
2017-04-19 00:00:00,2017,Hydrological,0.33542540000000004,INDECI
2017-04-22 00:00:00,2017,Hydrological,3.06746332,INDECI
2017-04-25 00:00:00,2017,Hydrological,4.52032234,INDECI
2017-04-28 00:00:00,2017,Hydrological,1.9378718000000001,INDECI
2017-05-01 00:00:00,2017,Hydrological,4.02629734,INDECI
2017-05-04 00:00:00,2017,Hydrological,57.187317840000006,INDECI
2017-05-07 00:00:00,2017,Hydrological,25.07327944,INDECI
2017-05-10 00:00:00,2017,Hydrological,10.325061380000001,INDECI
2017-05-14 00:00:00,2017,Hydrological,1.4921678999999999,INDECI
2017-05-17 00:00:00,2017,Hydrological,0.151493,INDECI
2017-05-21 00:00:00,2017,Hydrological,0.6255344,INDECI
2017-05-24 00:00:00,2017,Hydrological,0.05536568,INDECI
2017-05-28 00:00:00,2017,Hydrological,0.13976562,INDECI
2017-05-31 00:00:00,2017,Hydrological,0.0179946,INDECI
2017-06-03 00:00:00,2017,Hydrological,0.27158824,INDECI
2017-06-12 00:00:00,2017,Hydrological,5.447264,INDECI
2017-06-16 00:00:00,2017,Hydrological,0.03713464,INDECI
2017-06-20 00:00:00,2017,Hydrological,0.0256136,INDECI
2017-06-23 00:00:00,2017,Hydrological,2.70725536,INDECI
2017-06-26 00:00:00,2017,Hydrological,0.07808003999999999,INDECI
2017-06-29 00:00:00,2017,Hydrological,2.6012874,INDECI
2017-07-03 00:00:00,2017,Hydrological,0.728,INDECI
2017-07-10 00:00:00,2017,Hydrological,0.013393,INDECI
2017-07-13 00:00:00,2017,Hydrological,0.03185,INDECI
2017-07-16 00:00:00,2017,Hydrological,0.2457,INDECI
2017-07-24 00:00:00,2017,Hydrological,0.00020868,INDECI
2017-07-30 00:00:00,2017,Hydrological,0.00576636,INDECI
2017-08-02 00:00:00,2017,Hydrological,0.214358,INDECI
2017-08-05 00:00:00,2017,Hydrological,0.19253444,INDECI
2017-08-08 00:00:00,2017,Hydrological,0.000235,INDECI
2017-08-12 00:00:00,2017,Hydrological,0.023314,INDECI
2017-08-15 00:00:00,2017,Hydrological,0.0138,INDECI
2017-08-19 00:00:00,2017,Hydrological,0.19673648000000002,INDECI
2017-08-22 00:00:00,2017,Hydrological,0.107214,INDECI
2017-08-27 00:00:00,2017,Hydrological,0.18906132,INDECI
2017-08-31 00:00:00,2017,Hydrological,0.012594,INDECI
2017-09-03 00:00:00,2017,Hydrological,0.077344,INDECI
2017-09-07 00:00:00,2017,Hydrological,0.192814,INDECI
2017-09-10 00:00:00,2017,Hydrological,0.004644,INDECI
2017-09-13 00:00:00,2017,Hydrological,0.0247052,INDECI
2017-09-17 00:00:00,2017,Hydrological,0.00010339999999999999,INDECI
2017-09-20 00:00:00,2017,Hydrological,0.033464,INDECI
2017-09-23 00:00:00,2017,Hydrological,0.3273566,INDECI
2017-09-26 00:00:00,2017,Hydrological,0.20024135999999998,INDECI
2017-10-03 00:00:00,2017,Hydrological,0.35906,INDECI
2017-10-06 00:00:00,2017,Hydrological,0.0255008,INDECI
2017-10-09 00:00:00,2017,Hydrological,0.031724,INDECI
2017-10-12 00:00:00,2017,Hydrological,0.0356476,INDECI
2017-10-15 00:00:00,2017,Hydrological,0.19452848,INDECI
2017-10-20 00:00:00,2017,Hydrological,0.10438539999999999,INDECI
2017-10-23 00:00:00,2017,Hydrological,0.06741,INDECI
2017-10-29 00:00:00,2017,Hydrological,0.1875058,INDECI
2017-11-01 00:00:00,2017,Hydrological,4.50418864,INDECI
2017-11-04 00:00:00,2017,Hydrological,0.28327904,INDECI
2017-11-07 00:00:00,2017,Hydrological,0.07905936,INDECI
2017-11-11 00:00:00,2017,Hydrological,8.36680122,INDECI
2017-11-14 00:00:00,2017,Hydrological,0.27229,INDECI
2017-11-17 00:00:00,2017,Hydrological,0.12899439999999998,INDECI
2017-11-21 00:00:00,2017,Hydrological,0.585868,INDECI
2017-11-24 00:00:00,2017,Hydrological,0.8835088000000001,INDECI
2017-11-27 00:00:00,2017,Hydrological,0.153539,INDECI
2017-11-30 00:00:00,2017,Hydrological,0.40463704,INDECI
2017-12-03 00:00:00,2017,Hydrological,0.3235948,INDECI
2017-12-06 00:00:00,2017,Hydrological,0.5330355600000001,INDECI
2017-12-10 00:00:00,2017,Hydrological,0.20463084,INDECI
2017-12-13 00:00:00,2017,Hydrological,0.115026,INDECI
2017-12-16 00:00:00,2017,Hydrological,0.0525372,INDECI
2017-12-19 00:00:00,2017,Hydrological,0.1968169,INDECI
2017-12-23 00:00:00,2017,Hydrological,0.1963258,INDECI
2017-12-26 00:00:00,2017,Hydrological,0.19325895999999998,INDECI
2017-12-29 00:00:00,2017,Hydrological,0.095036,INDECI
2017-01-01 00:00:00,2017,Meteorological,0.061882,INDECI
2017-01-07 00:00:00,2017,Meteorological,0.34582,INDECI
2017-01-14 00:00:00,2017,Meteorological,0.226019,INDECI
2017-01-20 00:00:00,2017,Meteorological,0.9477232800000001,INDECI
2017-01-29 00:00:00,2017,Meteorological,0.318945,INDECI
2017-02-04 00:00:00,2017,Meteorological,0.63025886,INDECI
2017-02-11 00:00:00,2017,Meteorological,0.338777,INDECI
2017-02-17 00:00:00,2017,Meteorological,0.078264,INDECI
2017-02-24 00:00:00,2017,Meteorological,2.4693531,INDECI
2017-03-03 00:00:00,2017,Meteorological,3.010798,INDECI
2017-03-12 00:00:00,2017,Meteorological,0.9849458000000001,INDECI
2017-03-18 00:00:00,2017,Meteorological,8.532736,INDECI
2017-03-24 00:00:00,2017,Meteorological,0.0445,INDECI
2017-03-31 00:00:00,2017,Meteorological,0.067782,INDECI
2017-04-07 00:00:00,2017,Meteorological,0.182781,INDECI
2017-04-17 00:00:00,2017,Meteorological,0.043425,INDECI
2017-04-24 00:00:00,2017,Meteorological,0.043682,INDECI
2017-05-10 00:00:00,2017,Meteorological,0.00455,INDECI
2017-05-18 00:00:00,2017,Meteorological,0.034582,INDECI
2017-05-25 00:00:00,2017,Meteorological,0.00455,INDECI
2017-05-31 00:00:00,2017,Meteorological,0.0021,INDECI
2017-06-09 00:00:00,2017,Meteorological,0.149903,INDECI
2017-06-19 00:00:00,2017,Meteorological,0.258456,INDECI
2017-06-25 00:00:00,2017,Meteorological,0.080996,INDECI
2017-07-01 00:00:00,2017,Meteorological,0.0182,INDECI
2017-07-11 00:00:00,2017,Meteorological,0.13195,INDECI
2017-07-18 00:00:00,2017,Meteorological,0.884035,INDECI
2017-07-24 00:00:00,2017,Meteorological,0.0091,INDECI
2017-08-02 00:00:00,2017,Meteorological,0.154186,INDECI
2017-08-09 00:00:00,2017,Meteorological,0.383403,INDECI
2017-08-15 00:00:00,2017,Meteorological,0.206978,INDECI
2017-08-21 00:00:00,2017,Meteorological,0.190196,INDECI
2017-08-27 00:00:00,2017,Meteorological,0.694362,INDECI
2017-09-02 00:00:00,2017,Meteorological,1.248588,INDECI
2017-09-08 00:00:00,2017,Meteorological,0.11375,INDECI
2017-09-14 00:00:00,2017,Meteorological,0.22335,INDECI
2017-09-20 00:00:00,2017,Meteorological,0.03185,INDECI
2017-09-26 00:00:00,2017,Meteorological,0.571678,INDECI
2017-10-03 00:00:00,2017,Meteorological,0.900158,INDECI
2017-10-09 00:00:00,2017,Meteorological,0.27624879999999996,INDECI
2017-10-18 00:00:00,2017,Meteorological,0.355577,INDECI
2017-10-25 00:00:00,2017,Meteorological,0.407825,INDECI
2017-11-01 00:00:00,2017,Meteorological,0.212382,INDECI
2017-11-07 00:00:00,2017,Meteorological,0.420709,INDECI
2017-11-13 00:00:00,2017,Meteorological,0.051481,INDECI
2017-11-19 00:00:00,2017,Meteorological,0.05075,INDECI
2017-11-25 00:00:00,2017,Meteorological,0.03185,INDECI
2017-12-01 00:00:00,2017,Meteorological,0.519864,INDECI
2017-12-07 00:00:00,2017,Meteorological,2.4645294,INDECI
2017-12-13 00:00:00,2017,Meteorological,0.841442,INDECI
2017-12-20 00:00:00,2017,Meteorological,0.06825,INDECI
2017-12-28 00:00:00,2017,Meteorological,0.0914,INDECI
2018-01-07 00:00:00,2018,Climatological,1.776571,INDECI
2018-01-23 00:00:00,2018,Climatological,3.0471984,INDECI
2018-02-08 00:00:00,2018,Climatological,10.6909384,INDECI
2018-02-24 00:00:00,2018,Climatological,1.72520352,INDECI
2018-03-12 00:00:00,2018,Climatological,3.694124,INDECI
2018-03-29 00:00:00,2018,Climatological,0.475321,INDECI
2018-04-14 00:00:00,2018,Climatological,1.405195,INDECI
2018-04-30 00:00:00,2018,Climatological,4.401232,INDECI
2018-05-17 00:00:00,2018,Climatological,4.5048405,INDECI
2018-06-02 00:00:00,2018,Climatological,43.94722512999999,INDECI
2018-06-18 00:00:00,2018,Climatological,36.57743916,INDECI
2018-07-05 00:00:00,2018,Climatological,26.35878568,INDECI
2018-07-21 00:00:00,2018,Climatological,22.1995512,INDECI
2018-08-06 00:00:00,2018,Climatological,15.72107904,INDECI
2018-08-22 00:00:00,2018,Climatological,0.235619,INDECI
2018-09-07 00:00:00,2018,Climatological,3.001264,INDECI
2018-10-03 00:00:00,2018,Climatological,0.342084,INDECI
2018-10-20 00:00:00,2018,Climatological,0.802418,INDECI
2018-11-06 00:00:00,2018,Climatological,0.5230414,INDECI
2018-11-22 00:00:00,2018,Climatological,106.102166,INDECI
2018-12-08 00:00:00,2018,Climatological,24.531209,INDECI
2018-12-24 00:00:00,2018,Climatological,1.4789,INDECI
2018-01-14 00:00:00,2018,Geophysical,20.42887398,INDECI
2018-01-20 00:00:00,2018,Geophysical,0.000376,INDECI
2018-01-28 00:00:00,2018,Geophysical,0.01341556,INDECI
2018-02-04 00:00:00,2018,Geophysical,0.025482,INDECI
2018-05-17 00:00:00,2018,Geophysical,0.39893474,INDECI
2018-05-31 00:00:00,2018,Geophysical,0.612462,INDECI
2018-06-12 00:00:00,2018,Geophysical,2.0339864,INDECI
2018-07-10 00:00:00,2018,Geophysical,0.013393,INDECI
2018-10-04 00:00:00,2018,Geophysical,0.611057,INDECI
2018-10-25 00:00:00,2018,Geophysical,0.65975,INDECI
2018-10-29 00:00:00,2018,Geophysical,0.00455,INDECI
2018-01-01 00:00:00,2018,Hydrological,0.18053162,INDECI
2018-01-04 00:00:00,2018,Hydrological,1.3315136200000002,INDECI
2018-01-07 00:00:00,2018,Hydrological,0.6916168,INDECI
2018-01-10 00:00:00,2018,Hydrological,2.16932294,INDECI
2018-01-13 00:00:00,2018,Hydrological,2.08402042,INDECI
2018-01-16 00:00:00,2018,Hydrological,2.51092104,INDECI
2018-01-19 00:00:00,2018,Hydrological,3.571165,INDECI
2018-01-22 00:00:00,2018,Hydrological,5.79597902,INDECI
2018-01-25 00:00:00,2018,Hydrological,4.232326400000001,INDECI
2018-01-28 00:00:00,2018,Hydrological,1.90318004,INDECI
2018-01-31 00:00:00,2018,Hydrological,2.09926144,INDECI
2018-02-03 00:00:00,2018,Hydrological,1.0229962,INDECI
2018-02-06 00:00:00,2018,Hydrological,2.1858302000000003,INDECI
2018-02-09 00:00:00,2018,Hydrological,0.0747909,INDECI
2018-02-12 00:00:00,2018,Hydrological,1.5717008000000001,INDECI
2018-02-15 00:00:00,2018,Hydrological,9.56024438,INDECI
2018-02-18 00:00:00,2018,Hydrological,1.24729402,INDECI
2018-02-21 00:00:00,2018,Hydrological,1.63351188,INDECI
2018-02-24 00:00:00,2018,Hydrological,1.9824006,INDECI
2018-02-27 00:00:00,2018,Hydrological,2.49796696,INDECI
2018-03-02 00:00:00,2018,Hydrological,9.66269524,INDECI
2018-03-05 00:00:00,2018,Hydrological,1.28784594,INDECI
2018-03-08 00:00:00,2018,Hydrological,1.30750886,INDECI
2018-03-11 00:00:00,2018,Hydrological,1.6665822,INDECI
2018-03-14 00:00:00,2018,Hydrological,3.88335428,INDECI
2018-03-17 00:00:00,2018,Hydrological,5.7655029,INDECI
2018-03-20 00:00:00,2018,Hydrological,5.246526240000001,INDECI
2018-03-23 00:00:00,2018,Hydrological,2.03637954,INDECI
2018-03-26 00:00:00,2018,Hydrological,5.266516360000001,INDECI
2018-03-29 00:00:00,2018,Hydrological,0.0795868,INDECI
2018-04-01 00:00:00,2018,Hydrological,9.722223199999998,INDECI
2018-04-04 00:00:00,2018,Hydrological,1.97895832,INDECI
2018-04-07 00:00:00,2018,Hydrological,1.2402556,INDECI
2018-04-10 00:00:00,2018,Hydrological,0.50218904,INDECI
2018-04-13 00:00:00,2018,Hydrological,1.49736648,INDECI
2018-04-16 00:00:00,2018,Hydrological,0.33736328000000004,INDECI
2018-04-19 00:00:00,2018,Hydrological,4.935174320000001,INDECI
2018-04-22 00:00:00,2018,Hydrological,0.9797100400000001,INDECI
2018-04-25 00:00:00,2018,Hydrological,0.19859107999999998,INDECI
2018-04-28 00:00:00,2018,Hydrological,0.061867,INDECI
2018-05-01 00:00:00,2018,Hydrological,0.1883648,INDECI
2018-05-04 00:00:00,2018,Hydrological,0.46351888,INDECI
2018-05-07 00:00:00,2018,Hydrological,0.69970916,INDECI
2018-05-10 00:00:00,2018,Hydrological,0.5834078,INDECI
2018-05-13 00:00:00,2018,Hydrological,0.63535758,INDECI
2018-05-17 00:00:00,2018,Hydrological,0.17776451999999998,INDECI
2018-05-20 00:00:00,2018,Hydrological,0.04431368,INDECI
2018-05-24 00:00:00,2018,Hydrological,0.18272439999999998,INDECI
2018-05-27 00:00:00,2018,Hydrological,0.00583074,INDECI
2018-05-30 00:00:00,2018,Hydrological,0.159191,INDECI
2018-06-02 00:00:00,2018,Hydrological,0.49543052000000004,INDECI
2018-06-05 00:00:00,2018,Hydrological,4.6909084000000005,INDECI
2018-06-09 00:00:00,2018,Hydrological,3.746499,INDECI
2018-06-12 00:00:00,2018,Hydrological,0.10704116000000001,INDECI
2018-06-15 00:00:00,2018,Hydrological,0.058,INDECI
2018-06-18 00:00:00,2018,Hydrological,0.186075,INDECI
2018-06-25 00:00:00,2018,Hydrological,0.0131976,INDECI
2018-06-28 00:00:00,2018,Hydrological,0.02275,INDECI
2018-07-02 00:00:00,2018,Hydrological,0.098658,INDECI
2018-07-07 00:00:00,2018,Hydrological,0.042441,INDECI
2018-07-10 00:00:00,2018,Hydrological,0.2815876,INDECI
2018-07-13 00:00:00,2018,Hydrological,0.0258875,INDECI
2018-07-16 00:00:00,2018,Hydrological,0.0549572,INDECI
2018-07-20 00:00:00,2018,Hydrological,0.1671956,INDECI
2018-07-24 00:00:00,2018,Hydrological,0.07469880000000001,INDECI
2018-07-27 00:00:00,2018,Hydrological,5.640000000000001e-05,INDECI
2018-07-31 00:00:00,2018,Hydrological,0.01365,INDECI
2018-08-04 00:00:00,2018,Hydrological,0.10450580000000001,INDECI
2018-08-08 00:00:00,2018,Hydrological,0.8207888000000001,INDECI
2018-08-12 00:00:00,2018,Hydrological,0.0091,INDECI
2018-08-15 00:00:00,2018,Hydrological,0.1048405,INDECI
2018-08-18 00:00:00,2018,Hydrological,1.5040000000000002e-05,INDECI
2018-08-21 00:00:00,2018,Hydrological,0.5460752,INDECI
2018-08-24 00:00:00,2018,Hydrological,0.014333,INDECI
2018-08-27 00:00:00,2018,Hydrological,0.0364188,INDECI
2018-09-01 00:00:00,2018,Hydrological,0.01365,INDECI
2018-09-07 00:00:00,2018,Hydrological,0.00455,INDECI
2018-09-10 00:00:00,2018,Hydrological,0.004597,INDECI
2018-09-15 00:00:00,2018,Hydrological,0.0037876,INDECI
2018-09-21 00:00:00,2018,Hydrological,0.00502,INDECI
2018-09-24 00:00:00,2018,Hydrological,0.0134494,INDECI
2018-09-28 00:00:00,2018,Hydrological,0.474892,INDECI
2018-10-01 00:00:00,2018,Hydrological,0.3004432,INDECI
2018-10-06 00:00:00,2018,Hydrological,0.00455,INDECI
2018-10-10 00:00:00,2018,Hydrological,2.1542966,INDECI
2018-10-14 00:00:00,2018,Hydrological,0.289886,INDECI
2018-10-17 00:00:00,2018,Hydrological,0.013273599999999998,INDECI
2018-10-20 00:00:00,2018,Hydrological,0.3822652,INDECI
2018-10-23 00:00:00,2018,Hydrological,0.19498020000000002,INDECI
2018-10-27 00:00:00,2018,Hydrological,0.021428,INDECI
2018-10-30 00:00:00,2018,Hydrological,0.11432903999999999,INDECI
2018-11-02 00:00:00,2018,Hydrological,0.0363404,INDECI
2018-11-06 00:00:00,2018,Hydrological,0.04251956,INDECI
2018-11-09 00:00:00,2018,Hydrological,0.1708325,INDECI
2018-11-12 00:00:00,2018,Hydrological,1.2166953999999999,INDECI
2018-11-15 00:00:00,2018,Hydrological,0.39039406,INDECI
2018-11-18 00:00:00,2018,Hydrological,0.67045734,INDECI
2018-11-21 00:00:00,2018,Hydrological,0.1084156,INDECI
2018-11-24 00:00:00,2018,Hydrological,2.00498166,INDECI
2018-11-27 00:00:00,2018,Hydrological,0.7125920600000001,INDECI
2018-11-30 00:00:00,2018,Hydrological,0.595161,INDECI
2018-12-03 00:00:00,2018,Hydrological,0.0011468,INDECI
2018-12-06 00:00:00,2018,Hydrological,0.03372688,INDECI
2018-12-09 00:00:00,2018,Hydrological,0.027934,INDECI
2018-12-12 00:00:00,2018,Hydrological,0.39970491999999996,INDECI
2018-12-16 00:00:00,2018,Hydrological,0.0810472,INDECI
2018-12-19 00:00:00,2018,Hydrological,0.74291136,INDECI
2018-12-22 00:00:00,2018,Hydrological,0.1683875,INDECI
2018-01-03 00:00:00,2018,Meteorological,0.057075,INDECI
2018-01-09 00:00:00,2018,Meteorological,0.041125,INDECI
2018-01-15 00:00:00,2018,Meteorological,0.254264,INDECI
2018-01-21 00:00:00,2018,Meteorological,1.8878938,INDECI
2018-01-27 00:00:00,2018,Meteorological,0.489186,INDECI
2018-02-02 00:00:00,2018,Meteorological,0.128314,INDECI
2018-02-09 00:00:00,2018,Meteorological,0.111932,INDECI
2018-02-17 00:00:00,2018,Meteorological,0.130482,INDECI
2018-02-25 00:00:00,2018,Meteorological,0.321232,INDECI
2018-03-03 00:00:00,2018,Meteorological,0.530296,INDECI
2018-03-13 00:00:00,2018,Meteorological,0.29888,INDECI
2018-03-21 00:00:00,2018,Meteorological,0.0819,INDECI
2018-03-27 00:00:00,2018,Meteorological,0.120775,INDECI
2018-04-02 00:00:00,2018,Meteorological,0.13559976,INDECI
2018-04-08 00:00:00,2018,Meteorological,0.442778,INDECI
2018-04-14 00:00:00,2018,Meteorological,0.086625,INDECI
2018-04-20 00:00:00,2018,Meteorological,0.238667,INDECI
2018-04-26 00:00:00,2018,Meteorological,0.044986,INDECI
2018-05-05 00:00:00,2018,Meteorological,0.088717,INDECI
2018-05-12 00:00:00,2018,Meteorological,0.146793,INDECI
2018-05-18 00:00:00,2018,Meteorological,0.352711,INDECI
2018-05-25 00:00:00,2018,Meteorological,0.093475,INDECI
2018-05-31 00:00:00,2018,Meteorological,0.894761,INDECI
2018-06-06 00:00:00,2018,Meteorological,0.0091,INDECI
2018-06-14 00:00:00,2018,Meteorological,0.179875,INDECI
2018-06-21 00:00:00,2018,Meteorological,0.00455,INDECI
2018-06-27 00:00:00,2018,Meteorological,0.075556,INDECI
2018-07-04 00:00:00,2018,Meteorological,0.025875,INDECI
2018-07-10 00:00:00,2018,Meteorological,0.048232,INDECI
2018-07-25 00:00:00,2018,Meteorological,0.04095,INDECI
2018-08-05 00:00:00,2018,Meteorological,1.710492,INDECI
2018-08-11 00:00:00,2018,Meteorological,0.325525,INDECI
2018-08-17 00:00:00,2018,Meteorological,0.201114,INDECI
2018-08-23 00:00:00,2018,Meteorological,0.130132,INDECI
2018-08-29 00:00:00,2018,Meteorological,0.07735,INDECI
2018-09-04 00:00:00,2018,Meteorological,0.193114,INDECI
2018-09-10 00:00:00,2018,Meteorological,1.50504928,INDECI
2018-09-16 00:00:00,2018,Meteorological,0.313693,INDECI
2018-09-22 00:00:00,2018,Meteorological,1.040418,INDECI
2018-09-29 00:00:00,2018,Meteorological,0.38222,INDECI
2018-10-05 00:00:00,2018,Meteorological,0.204493,INDECI
2018-10-11 00:00:00,2018,Meteorological,0.192175,INDECI
2018-10-17 00:00:00,2018,Meteorological,0.65,INDECI
2018-10-23 00:00:00,2018,Meteorological,0.102832,INDECI
2018-10-29 00:00:00,2018,Meteorological,0.00455,INDECI
2018-11-05 00:00:00,2018,Meteorological,0.09735,INDECI
2018-11-11 00:00:00,2018,Meteorological,0.096207,INDECI
2018-11-19 00:00:00,2018,Meteorological,2.1067,INDECI
2018-11-25 00:00:00,2018,Meteorological,0.0273,INDECI
2018-12-02 00:00:00,2018,Meteorological,0.022493,INDECI
2018-12-09 00:00:00,2018,Meteorological,2.255037,INDECI
2018-12-16 00:00:00,2018,Meteorological,0.00455,INDECI
2018-12-25 00:00:00,2018,Meteorological,0.02275,INDECI
2019-01-15 00:00:00,2019,Climatological,0.196963,INDECI
2019-01-31 00:00:00,2019,Climatological,0.794518,INDECI
2019-02-18 00:00:00,2019,Climatological,2.470376,INDECI
2019-03-07 00:00:00,2019,Climatological,1.5650755,INDECI
2019-03-26 00:00:00,2019,Climatological,4.1492165,INDECI
2019-04-16 00:00:00,2019,Climatological,0.92239075,INDECI
2019-05-03 00:00:00,2019,Climatological,16.2855795,INDECI
2019-05-20 00:00:00,2019,Climatological,4.2331381200000004,INDECI
2019-06-05 00:00:00,2019,Climatological,3.93921575,INDECI
2019-06-21 00:00:00,2019,Climatological,15.158667,INDECI
2019-07-07 00:00:00,2019,Climatological,74.32940118,INDECI
2019-07-23 00:00:00,2019,Climatological,29.0633465,INDECI
2019-08-08 00:00:00,2019,Climatological,22.40545625,INDECI
2019-08-25 00:00:00,2019,Climatological,33.64109725,INDECI
2019-09-10 00:00:00,2019,Climatological,4.91289175,INDECI
2019-09-26 00:00:00,2019,Climatological,2.62430725,INDECI
2019-10-12 00:00:00,2019,Climatological,0.5268955,INDECI
2019-10-31 00:00:00,2019,Climatological,6.186787,INDECI
2019-11-22 00:00:00,2019,Climatological,0.30899325,INDECI
2019-12-08 00:00:00,2019,Climatological,13.068936599999999,INDECI
2019-12-25 00:00:00,2019,Climatological,4.61139225,INDECI
2019-01-24 00:00:00,2019,Geophysical,0.025482,INDECI
2019-02-06 00:00:00,2019,Geophysical,0.010714,INDECI
2019-02-14 00:00:00,2019,Geophysical,2.242396,INDECI
2019-02-22 00:00:00,2019,Geophysical,0.238782,INDECI
2019-03-01 00:00:00,2019,Geophysical,0.75895,INDECI
2019-03-07 00:00:00,2019,Geophysical,0.561508,INDECI
2019-03-14 00:00:00,2019,Geophysical,0.01875,INDECI
2019-03-24 00:00:00,2019,Geophysical,0.00376,INDECI
2019-04-03 00:00:00,2019,Geophysical,0.04095,INDECI
2019-05-13 00:00:00,2019,Geophysical,0.00455,INDECI
2019-05-26 00:00:00,2019,Geophysical,52.6815035,INDECI
2019-05-31 00:00:00,2019,Geophysical,0.049579,INDECI
2019-07-16 00:00:00,2019,Geophysical,22.473722,INDECI
2019-08-13 00:00:00,2019,Geophysical,0.33671,INDECI
2019-08-18 00:00:00,2019,Geophysical,1.01892375,INDECI
2019-08-27 00:00:00,2019,Geophysical,0.024375,INDECI
2019-10-01 00:00:00,2019,Geophysical,0.445793,INDECI
2019-01-02 00:00:00,2019,Hydrological,0.466434,INDECI
2019-01-05 00:00:00,2019,Hydrological,0.929183,INDECI
2019-01-08 00:00:00,2019,Hydrological,1.786521,INDECI
2019-01-11 00:00:00,2019,Hydrological,120.5701095,INDECI
2019-01-14 00:00:00,2019,Hydrological,2.031281,INDECI
2019-01-17 00:00:00,2019,Hydrological,3.4109517,INDECI
2019-01-20 00:00:00,2019,Hydrological,5.79583925,INDECI
2019-01-23 00:00:00,2019,Hydrological,17.696715949999998,INDECI
2019-01-26 00:00:00,2019,Hydrological,8.0327265,INDECI
2019-01-29 00:00:00,2019,Hydrological,14.019564,INDECI
2019-02-01 00:00:00,2019,Hydrological,23.266316,INDECI
2019-02-04 00:00:00,2019,Hydrological,50.07743085,INDECI
2019-02-07 00:00:00,2019,Hydrological,81.72747675,INDECI
2019-02-10 00:00:00,2019,Hydrological,25.48332675,INDECI
2019-02-13 00:00:00,2019,Hydrological,32.800729,INDECI
2019-02-16 00:00:00,2019,Hydrological,16.0687498,INDECI
2019-02-19 00:00:00,2019,Hydrological,28.67591575,INDECI
2019-02-22 00:00:00,2019,Hydrological,26.493492,INDECI
2019-02-25 00:00:00,2019,Hydrological,24.776936,INDECI
2019-02-28 00:00:00,2019,Hydrological,27.61907845,INDECI
2019-03-03 00:00:00,2019,Hydrological,25.1134215,INDECI
2019-03-06 00:00:00,2019,Hydrological,44.31461475,INDECI
2019-03-09 00:00:00,2019,Hydrological,23.127639,INDECI
2019-03-12 00:00:00,2019,Hydrological,14.1151015,INDECI
2019-03-15 00:00:00,2019,Hydrological,25.5185685,INDECI
2019-03-18 00:00:00,2019,Hydrological,23.769254699999998,INDECI
2019-03-21 00:00:00,2019,Hydrological,86.97152997000002,INDECI
2019-03-24 00:00:00,2019,Hydrological,17.8603895,INDECI
2019-03-27 00:00:00,2019,Hydrological,32.20008736,INDECI
2019-03-30 00:00:00,2019,Hydrological,7.7020455,INDECI
2019-04-02 00:00:00,2019,Hydrological,24.4608885,INDECI
2019-04-05 00:00:00,2019,Hydrological,21.236893,INDECI
2019-04-08 00:00:00,2019,Hydrological,10.056651,INDECI
2019-04-11 00:00:00,2019,Hydrological,1.509345,INDECI
2019-04-14 00:00:00,2019,Hydrological,2.5913285,INDECI
2019-04-17 00:00:00,2019,Hydrological,3.297829,INDECI
2019-04-20 00:00:00,2019,Hydrological,2.641268,INDECI
2019-04-23 00:00:00,2019,Hydrological,2.787712,INDECI
2019-04-26 00:00:00,2019,Hydrological,0.306936,INDECI
2019-04-29 00:00:00,2019,Hydrological,1.913497,INDECI
2019-05-02 00:00:00,2019,Hydrological,0.37811875,INDECI
2019-05-06 00:00:00,2019,Hydrological,28.475929,INDECI
2019-05-09 00:00:00,2019,Hydrological,0.511341,INDECI
2019-05-12 00:00:00,2019,Hydrological,2.394989,INDECI
2019-05-15 00:00:00,2019,Hydrological,2.511464,INDECI
2019-05-18 00:00:00,2019,Hydrological,1.100383,INDECI
2019-05-21 00:00:00,2019,Hydrological,0.0864,INDECI
2019-05-24 00:00:00,2019,Hydrological,1.2376,INDECI
2019-05-27 00:00:00,2019,Hydrological,0.77284975,INDECI
2019-06-03 00:00:00,2019,Hydrological,0.5494495,INDECI
2019-06-06 00:00:00,2019,Hydrological,0.3361,INDECI
2019-06-09 00:00:00,2019,Hydrological,0.00455,INDECI
2019-06-12 00:00:00,2019,Hydrological,2.596574,INDECI
2019-06-15 00:00:00,2019,Hydrological,0.18275,INDECI
2019-06-18 00:00:00,2019,Hydrological,0.080082,INDECI
2019-06-21 00:00:00,2019,Hydrological,0.0364,INDECI
2019-06-24 00:00:00,2019,Hydrological,0.7098,INDECI
2019-06-28 00:00:00,2019,Hydrological,1.05627,INDECI
2019-07-02 00:00:00,2019,Hydrological,1.14283825,INDECI
2019-07-06 00:00:00,2019,Hydrological,4.8867,INDECI
2019-07-12 00:00:00,2019,Hydrological,0.0191375,INDECI
2019-07-15 00:00:00,2019,Hydrological,0.10465,INDECI
2019-07-18 00:00:00,2019,Hydrological,14.972337,INDECI
2019-07-22 00:00:00,2019,Hydrological,0.1704515,INDECI
2019-08-02 00:00:00,2019,Hydrological,0.1189375,INDECI
2019-08-06 00:00:00,2019,Hydrological,0.01365,INDECI
2019-08-22 00:00:00,2019,Hydrological,0.305784,INDECI
2019-08-26 00:00:00,2019,Hydrological,7.66106,INDECI
2019-09-02 00:00:00,2019,Hydrological,0.02614375,INDECI
2019-09-05 00:00:00,2019,Hydrological,0.0637,INDECI
2019-09-10 00:00:00,2019,Hydrological,0.222482,INDECI
2019-09-13 00:00:00,2019,Hydrological,4.518137,INDECI
2019-09-19 00:00:00,2019,Hydrological,0.2366,INDECI
2019-09-24 00:00:00,2019,Hydrological,0.13037,INDECI
2019-09-27 00:00:00,2019,Hydrological,1.298742,INDECI
2019-10-03 00:00:00,2019,Hydrological,0.199674,INDECI
2019-10-06 00:00:00,2019,Hydrological,0.75,INDECI
2019-10-09 00:00:00,2019,Hydrological,0.176784,INDECI
2019-10-12 00:00:00,2019,Hydrological,6.169475,INDECI
2019-10-15 00:00:00,2019,Hydrological,0.466842,INDECI
2019-10-18 00:00:00,2019,Hydrological,1.90294,INDECI
2019-10-21 00:00:00,2019,Hydrological,9.480379,INDECI
2019-10-24 00:00:00,2019,Hydrological,0.742036,INDECI
2019-10-27 00:00:00,2019,Hydrological,0.201246,INDECI
2019-10-30 00:00:00,2019,Hydrological,0.922525,INDECI
2019-11-03 00:00:00,2019,Hydrological,1.987958,INDECI
2019-11-06 00:00:00,2019,Hydrological,0.857697,INDECI
2019-11-09 00:00:00,2019,Hydrological,1.285476,INDECI
2019-11-12 00:00:00,2019,Hydrological,2.247306,INDECI
2019-11-15 00:00:00,2019,Hydrological,0.619754,INDECI
2019-11-18 00:00:00,2019,Hydrological,1.0819835,INDECI
2019-11-22 00:00:00,2019,Hydrological,0.56347475,INDECI
2019-11-25 00:00:00,2019,Hydrological,0.369607,INDECI
2019-11-29 00:00:00,2019,Hydrological,1.640354,INDECI
2019-12-02 00:00:00,2019,Hydrological,1.21031,INDECI
2019-12-05 00:00:00,2019,Hydrological,1.91967,INDECI
2019-12-08 00:00:00,2019,Hydrological,0.61730025,INDECI
2019-12-11 00:00:00,2019,Hydrological,4.186887,INDECI
2019-12-14 00:00:00,2019,Hydrological,1.522329,INDECI
2019-12-17 00:00:00,2019,Hydrological,6.38939225,INDECI
2019-12-20 00:00:00,2019,Hydrological,4.0668285,INDECI
2019-12-23 00:00:00,2019,Hydrological,18.05389725,INDECI
2019-12-26 00:00:00,2019,Hydrological,17.34633125,INDECI
2019-12-29 00:00:00,2019,Hydrological,103.14617625,INDECI
2019-01-02 00:00:00,2019,Meteorological,0.638126,INDECI
2019-01-09 00:00:00,2019,Meteorological,0.331996,INDECI
2019-01-15 00:00:00,2019,Meteorological,0.039132,INDECI
2019-01-28 00:00:00,2019,Meteorological,0.154557,INDECI
2019-02-04 00:00:00,2019,Meteorological,0.073757,INDECI
2019-02-11 00:00:00,2019,Meteorological,1.848657,INDECI
2019-02-17 00:00:00,2019,Meteorological,0.485052,INDECI
2019-02-23 00:00:00,2019,Meteorological,0.9428485,INDECI
2019-03-01 00:00:00,2019,Meteorological,0.422349,INDECI
2019-03-08 00:00:00,2019,Meteorological,5.45283,INDECI
2019-03-17 00:00:00,2019,Meteorological,0.529089,INDECI
2019-03-23 00:00:00,2019,Meteorological,5.930059,INDECI
2019-03-29 00:00:00,2019,Meteorological,0.075532,INDECI
2019-04-04 00:00:00,2019,Meteorological,0.20595,INDECI
2019-04-22 00:00:00,2019,Meteorological,0.0091,INDECI
2019-04-29 00:00:00,2019,Meteorological,0.060064,INDECI
2019-05-05 00:00:00,2019,Meteorological,0.057214,INDECI
2019-05-15 00:00:00,2019,Meteorological,0.025482,INDECI
2019-05-27 00:00:00,2019,Meteorological,9.773229,INDECI
2019-06-04 00:00:00,2019,Meteorological,1.01665,INDECI
2019-06-17 00:00:00,2019,Meteorological,0.71612,INDECI
2019-06-23 00:00:00,2019,Meteorological,0.35393,INDECI
2019-06-29 00:00:00,2019,Meteorological,4.9904725,INDECI
2019-07-05 00:00:00,2019,Meteorological,4.1791655,INDECI
2019-07-11 00:00:00,2019,Meteorological,2.6684125,INDECI
2019-07-19 00:00:00,2019,Meteorological,0.624636,INDECI
2019-07-25 00:00:00,2019,Meteorological,14.380226,INDECI
2019-07-31 00:00:00,2019,Meteorological,1.866554,INDECI
2019-08-08 00:00:00,2019,Meteorological,3.88048,INDECI
2019-08-15 00:00:00,2019,Meteorological,27.588906,INDECI
2019-08-21 00:00:00,2019,Meteorological,22.069092649999998,INDECI
2019-08-27 00:00:00,2019,Meteorological,2.76341975,INDECI
2019-09-02 00:00:00,2019,Meteorological,0.56058,INDECI
2019-09-08 00:00:00,2019,Meteorological,0.998037,INDECI
2019-09-15 00:00:00,2019,Meteorological,1.602961,INDECI
2019-09-21 00:00:00,2019,Meteorological,8.58446875,INDECI
2019-09-28 00:00:00,2019,Meteorological,2.200199,INDECI
2019-10-04 00:00:00,2019,Meteorological,0.620636,INDECI
2019-10-10 00:00:00,2019,Meteorological,0.772272,INDECI
2019-10-16 00:00:00,2019,Meteorological,0.187474,INDECI
2019-10-23 00:00:00,2019,Meteorological,0.407331,INDECI
2019-10-29 00:00:00,2019,Meteorological,0.269007,INDECI
2019-11-04 00:00:00,2019,Meteorological,1.75759025,INDECI
2019-11-10 00:00:00,2019,Meteorological,2.049402,INDECI
2019-11-16 00:00:00,2019,Meteorological,1.10912425,INDECI
2019-11-22 00:00:00,2019,Meteorological,0.91880425,INDECI
2019-11-28 00:00:00,2019,Meteorological,0.60168825,INDECI
2019-12-05 00:00:00,2019,Meteorological,4.2114215,INDECI
2019-12-11 00:00:00,2019,Meteorological,0.952264,INDECI
2019-12-17 00:00:00,2019,Meteorological,0.07093375,INDECI
2019-12-26 00:00:00,2019,Meteorological,0.060064,INDECI
2020-01-10 00:00:00,2020,Climatological,6.27043525,INDECI
2020-01-26 00:00:00,2020,Climatological,4.11550175,INDECI
2020-02-11 00:00:00,2020,Climatological,9.129946,INDECI
2020-03-01 00:00:00,2020,Climatological,0.433222,INDECI
2020-03-17 00:00:00,2020,Climatological,5.46624125,INDECI
2020-04-02 00:00:00,2020,Climatological,0.26182575,INDECI
2020-04-23 00:00:00,2020,Climatological,0.2116,INDECI
2020-05-09 00:00:00,2020,Climatological,7.357147,INDECI
2020-05-25 00:00:00,2020,Climatological,13.11729125,INDECI
2020-06-10 00:00:00,2020,Climatological,12.7201325,INDECI
2020-06-26 00:00:00,2020,Climatological,33.661165,INDECI
2020-07-12 00:00:00,2020,Climatological,23.12012875,INDECI
2020-07-28 00:00:00,2020,Climatological,22.68113325,INDECI
2020-08-13 00:00:00,2020,Climatological,24.1145675,INDECI
2020-08-29 00:00:00,2020,Climatological,7.49157125,INDECI
2020-09-14 00:00:00,2020,Climatological,13.29636,INDECI
2020-10-01 00:00:00,2020,Climatological,6.985779,INDECI
2020-10-18 00:00:00,2020,Climatological,21.04735125,INDECI
2020-11-03 00:00:00,2020,Climatological,23.181744750000004,INDECI
2020-11-19 00:00:00,2020,Climatological,61.61446350000001,INDECI
2020-12-05 00:00:00,2020,Climatological,8.09410625,INDECI
2020-12-21 00:00:00,2020,Climatological,1.35313825,INDECI
2020-01-15 00:00:00,2020,Geophysical,0.015264,INDECI
2020-06-13 00:00:00,2020,Geophysical,0.672047,INDECI
2020-07-04 00:00:00,2020,Geophysical,0.025482,INDECI
2020-08-03 00:00:00,2020,Geophysical,2.977292,INDECI
2020-09-13 00:00:00,2020,Geophysical,0.0091,INDECI
2020-10-18 00:00:00,2020,Geophysical,0.030032,INDECI
2020-11-22 00:00:00,2020,Geophysical,0.8503545,INDECI
2020-12-16 00:00:00,2020,Geophysical,0.0182,INDECI
2020-12-27 00:00:00,2020,Geophysical,0.133546,INDECI
2020-01-01 00:00:00,2020,Hydrological,20.578698,INDECI
2020-01-04 00:00:00,2020,Hydrological,12.31029339,INDECI
2020-01-07 00:00:00,2020,Hydrological,22.23786125,INDECI
2020-01-10 00:00:00,2020,Hydrological,3.223257,INDECI
2020-01-13 00:00:00,2020,Hydrological,7.8946567000000005,INDECI
2020-01-16 00:00:00,2020,Hydrological,19.03550278,INDECI
2020-01-19 00:00:00,2020,Hydrological,278.38977285000004,INDECI
2020-01-22 00:00:00,2020,Hydrological,69.8087182,INDECI
2020-01-25 00:00:00,2020,Hydrological,22.46323025,INDECI
2020-01-28 00:00:00,2020,Hydrological,39.35584035,INDECI
2020-01-31 00:00:00,2020,Hydrological,6.355695,INDECI
2020-02-03 00:00:00,2020,Hydrological,75.66214025,INDECI
2020-02-06 00:00:00,2020,Hydrological,26.1403998,INDECI
2020-02-09 00:00:00,2020,Hydrological,15.4203525,INDECI
2020-02-12 00:00:00,2020,Hydrological,69.9492825,INDECI
2020-02-15 00:00:00,2020,Hydrological,16.09341825,INDECI
2020-02-18 00:00:00,2020,Hydrological,29.38036275,INDECI
2020-02-21 00:00:00,2020,Hydrological,56.415311700000004,INDECI
2020-02-24 00:00:00,2020,Hydrological,38.19505444,INDECI
2020-02-27 00:00:00,2020,Hydrological,16.57831075,INDECI
2020-03-01 00:00:00,2020,Hydrological,14.81186948,INDECI
2020-03-04 00:00:00,2020,Hydrological,12.13476125,INDECI
2020-03-07 00:00:00,2020,Hydrological,10.51999125,INDECI
2020-03-10 00:00:00,2020,Hydrological,12.006973,INDECI
2020-03-13 00:00:00,2020,Hydrological,12.485299,INDECI
2020-03-16 00:00:00,2020,Hydrological,29.0497945,INDECI
2020-03-19 00:00:00,2020,Hydrological,4.598709,INDECI
2020-03-22 00:00:00,2020,Hydrological,6.089134,INDECI
2020-03-25 00:00:00,2020,Hydrological,0.6935305,INDECI
2020-03-28 00:00:00,2020,Hydrological,1.91272,INDECI
2020-03-31 00:00:00,2020,Hydrological,0.7448105,INDECI
2020-04-03 00:00:00,2020,Hydrological,0.01207,INDECI
2020-04-07 00:00:00,2020,Hydrological,1.76210325,INDECI
2020-04-10 00:00:00,2020,Hydrological,0.218758,INDECI
2020-04-13 00:00:00,2020,Hydrological,1.224664,INDECI
2020-04-16 00:00:00,2020,Hydrological,1.51985325,INDECI
2020-04-19 00:00:00,2020,Hydrological,0.27755,INDECI
2020-04-23 00:00:00,2020,Hydrological,0.041282,INDECI
2020-04-26 00:00:00,2020,Hydrological,0.436964,INDECI
2020-04-29 00:00:00,2020,Hydrological,1.9597195,INDECI
2020-05-02 00:00:00,2020,Hydrological,0.6090985,INDECI
2020-05-05 00:00:00,2020,Hydrological,1.187583,INDECI
2020-05-09 00:00:00,2020,Hydrological,0.075425,INDECI
2020-05-12 00:00:00,2020,Hydrological,1.106189,INDECI
2020-05-15 00:00:00,2020,Hydrological,0.3352725,INDECI
2020-05-18 00:00:00,2020,Hydrological,0.109732,INDECI
2020-05-21 00:00:00,2020,Hydrological,0.043682,INDECI
2020-05-24 00:00:00,2020,Hydrological,0.347106,INDECI
2020-05-27 00:00:00,2020,Hydrological,0.06415625,INDECI
2020-06-05 00:00:00,2020,Hydrological,2.1524155,INDECI
2020-06-09 00:00:00,2020,Hydrological,0.080996,INDECI
2020-06-13 00:00:00,2020,Hydrological,3.9943945,INDECI
2020-06-16 00:00:00,2020,Hydrological,1.026204,INDECI
2020-06-20 00:00:00,2020,Hydrological,0.33999,INDECI
2020-06-26 00:00:00,2020,Hydrological,0.1255945,INDECI
2020-06-29 00:00:00,2020,Hydrological,0.0602875,INDECI
2020-07-04 00:00:00,2020,Hydrological,0.42613675,INDECI
2020-07-07 00:00:00,2020,Hydrological,2.866453,INDECI
2020-07-10 00:00:00,2020,Hydrological,0.91525,INDECI
2020-07-13 00:00:00,2020,Hydrological,0.14308476,INDECI
2020-07-19 00:00:00,2020,Hydrological,0.139375,INDECI
2020-07-22 00:00:00,2020,Hydrological,0.046782,INDECI
2020-07-25 00:00:00,2020,Hydrological,0.1082505,INDECI
2020-07-28 00:00:00,2020,Hydrological,0.0546,INDECI
2020-08-02 00:00:00,2020,Hydrological,0.048232,INDECI
2020-08-05 00:00:00,2020,Hydrological,0.0364,INDECI
2020-08-08 00:00:00,2020,Hydrological,0.610193,INDECI
2020-08-11 00:00:00,2020,Hydrological,0.269862,INDECI
2020-08-18 00:00:00,2020,Hydrological,0.451286,INDECI
2020-08-21 00:00:00,2020,Hydrological,0.183828,INDECI
2020-08-25 00:00:00,2020,Hydrological,0.025482,INDECI
2020-08-30 00:00:00,2020,Hydrological,0.025482,INDECI
2020-09-03 00:00:00,2020,Hydrological,0.845456,INDECI
2020-09-06 00:00:00,2020,Hydrological,0.567795,INDECI
2020-09-09 00:00:00,2020,Hydrological,0.025482,INDECI
2020-09-13 00:00:00,2020,Hydrological,0.3204285,INDECI
2020-09-16 00:00:00,2020,Hydrological,0.35077475,INDECI
2020-09-19 00:00:00,2020,Hydrological,0.29577,INDECI
2020-09-22 00:00:00,2020,Hydrological,0.493147,INDECI
2020-09-27 00:00:00,2020,Hydrological,0.51826375,INDECI
2020-09-30 00:00:00,2020,Hydrological,0.2090165,INDECI
2020-10-03 00:00:00,2020,Hydrological,0.34173275,INDECI
2020-10-07 00:00:00,2020,Hydrological,0.159171,INDECI
2020-10-10 00:00:00,2020,Hydrological,0.471325,INDECI
2020-10-13 00:00:00,2020,Hydrological,0.082814,INDECI
2020-10-17 00:00:00,2020,Hydrological,0.109707,INDECI
2020-10-20 00:00:00,2020,Hydrological,0.091914,INDECI
2020-10-24 00:00:00,2020,Hydrological,1.69151,INDECI
2020-10-27 00:00:00,2020,Hydrological,0.135375,INDECI
2020-10-30 00:00:00,2020,Hydrological,0.084889,INDECI
2020-11-02 00:00:00,2020,Hydrological,0.03185,INDECI
2020-11-05 00:00:00,2020,Hydrological,0.47367425,INDECI
2020-11-08 00:00:00,2020,Hydrological,0.140234,INDECI
2020-11-11 00:00:00,2020,Hydrological,0.286767,INDECI
2020-11-14 00:00:00,2020,Hydrological,2.3142025,INDECI
2020-11-18 00:00:00,2020,Hydrological,0.0091,INDECI
2020-11-21 00:00:00,2020,Hydrological,0.7828065,INDECI
2020-11-24 00:00:00,2020,Hydrological,0.142496,INDECI
2020-11-28 00:00:00,2020,Hydrological,0.16505075,INDECI
2020-12-01 00:00:00,2020,Hydrological,1.644193,INDECI
2020-12-04 00:00:00,2020,Hydrological,0.90104825,INDECI
2020-12-07 00:00:00,2020,Hydrological,1.2489105,INDECI
2020-12-10 00:00:00,2020,Hydrological,5.215136,INDECI
2020-12-13 00:00:00,2020,Hydrological,2.60219575,INDECI
2020-12-16 00:00:00,2020,Hydrological,2.689124,INDECI
2020-12-19 00:00:00,2020,Hydrological,0.30278725,INDECI
2020-12-22 00:00:00,2020,Hydrological,0.100832,INDECI
2020-12-25 00:00:00,2020,Hydrological,7.964321,INDECI
2020-12-28 00:00:00,2020,Hydrological,10.53294875,INDECI
2020-12-31 00:00:00,2020,Hydrological,2.225282,INDECI
2020-01-01 00:00:00,2020,Meteorological,0.585855,INDECI
2020-01-07 00:00:00,2020,Meteorological,0.743524,INDECI
2020-01-13 00:00:00,2020,Meteorological,0.768179,INDECI
2020-01-19 00:00:00,2020,Meteorological,1.16179675,INDECI
2020-01-25 00:00:00,2020,Meteorological,4.3757045,INDECI
2020-02-02 00:00:00,2020,Meteorological,0.76487,INDECI
2020-02-10 00:00:00,2020,Meteorological,0.67962675,INDECI
2020-02-17 00:00:00,2020,Meteorological,22.63903575,INDECI
2020-02-24 00:00:00,2020,Meteorological,1.144741,INDECI
2020-03-01 00:00:00,2020,Meteorological,0.39467225,INDECI
2020-03-09 00:00:00,2020,Meteorological,1.482311,INDECI
2020-03-16 00:00:00,2020,Meteorological,2.703604,INDECI
2020-03-24 00:00:00,2020,Meteorological,0.00455,INDECI
2020-03-30 00:00:00,2020,Meteorological,0.111028,INDECI
2020-04-07 00:00:00,2020,Meteorological,0.13241,INDECI
2020-04-18 00:00:00,2020,Meteorological,0.048232,INDECI
2020-05-04 00:00:00,2020,Meteorological,0.3379375,INDECI
2020-05-11 00:00:00,2020,Meteorological,0.39812,INDECI
2020-05-19 00:00:00,2020,Meteorological,0.27302,INDECI
2020-05-25 00:00:00,2020,Meteorological,0.9163905,INDECI
2020-06-01 00:00:00,2020,Meteorological,0.0273,INDECI
2020-06-08 00:00:00,2020,Meteorological,0.052782,INDECI
2020-06-14 00:00:00,2020,Meteorological,0.02281,INDECI
2020-06-22 00:00:00,2020,Meteorological,0.061882,INDECI
2020-06-29 00:00:00,2020,Meteorological,0.069557,INDECI
2020-07-06 00:00:00,2020,Meteorological,0.147345,INDECI
2020-07-12 00:00:00,2020,Meteorological,0.05255,INDECI
2020-07-19 00:00:00,2020,Meteorological,0.073714,INDECI
2020-07-25 00:00:00,2020,Meteorological,0.129678,INDECI
2020-08-01 00:00:00,2020,Meteorological,3.10589575,INDECI
2020-08-07 00:00:00,2020,Meteorological,5.039089,INDECI
2020-08-13 00:00:00,2020,Meteorological,0.196082,INDECI
2020-08-19 00:00:00,2020,Meteorological,0.3906,INDECI
2020-08-25 00:00:00,2020,Meteorological,0.771134,INDECI
2020-08-31 00:00:00,2020,Meteorological,1.22731,INDECI
2020-09-06 00:00:00,2020,Meteorological,1.6378625,INDECI
2020-09-12 00:00:00,2020,Meteorological,3.58778025,INDECI
2020-09-18 00:00:00,2020,Meteorological,1.834272,INDECI
2020-09-24 00:00:00,2020,Meteorological,1.001587,INDECI
2020-09-30 00:00:00,2020,Meteorological,3.94376125,INDECI
2020-10-06 00:00:00,2020,Meteorological,4.6461865,INDECI
2020-10-12 00:00:00,2020,Meteorological,3.68662825,INDECI
2020-10-18 00:00:00,2020,Meteorological,1.60345975,INDECI
2020-10-24 00:00:00,2020,Meteorological,3.43768075,INDECI
2020-10-30 00:00:00,2020,Meteorological,2.645461,INDECI
2020-11-05 00:00:00,2020,Meteorological,3.7776005,INDECI
2020-11-11 00:00:00,2020,Meteorological,0.697025,INDECI
2020-11-17 00:00:00,2020,Meteorological,1.864334,INDECI
2020-11-23 00:00:00,2020,Meteorological,3.542354,INDECI
2020-11-29 00:00:00,2020,Meteorological,0.780401,INDECI
2020-12-05 00:00:00,2020,Meteorological,1.841563,INDECI
2020-12-11 00:00:00,2020,Meteorological,0.606269,INDECI
2020-12-17 00:00:00,2020,Meteorological,0.091914,INDECI
2020-12-23 00:00:00,2020,Meteorological,0.178985,INDECI
2020-12-29 00:00:00,2020,Meteorological,0.052782,INDECI
2021-02-12,2021,Hydrological,28.941,EM-DAT
2022-12-15,2022,Hydrological,313.996,EM-DAT
2023-03-08,2023,Meteorological,725.794,EM-DAT
2024-07-01,2024,Climatological,190.0,EM-DAT
