start_date,year,cause,econ_loss,database
1970-01-06 00:00:00,1970,Climatological,0.025082,UNGRD
1970-01-24 00:00:00,1970,Climatological,0.526722,UNGRD
1970-03-23 00:00:00,1970,Climatological,0.025082,UNGRD
1970-04-27 00:00:00,1970,Climatological,0.050164,UNGRD
1970-05-18 00:00:00,1970,Climatological,0.025082,UNGRD
1970-09-12 00:00:00,1970,Climatological,0.083309,UNGRD
1970-10-13 00:00:00,1970,Climatological,0.004479,UNGRD
1970-11-04 00:00:00,1970,Climatological,0.054643,UNGRD
1970-11-25 00:00:00,1970,Climatological,0.225738,UNGRD
1970-12-18 00:00:00,1970,Climatological,0.025082,UNGRD
1970-09-26 00:00:00,1970,Geophysical,3.391454,UNGRD
1970-01-04 00:00:00,1970,Hydrological,0.025082,UNGRD
1970-02-03 00:00:00,1970,Hydrological,0.050164,UNGRD
1970-02-20 00:00:00,1970,Hydrological,0.4479,UNGRD
1970-03-04 00:00:00,1970,Hydrological,0.025082,UNGRD
1970-04-28 00:00:00,1970,Hydrological,2.5082,UNGRD
1970-05-02 00:00:00,1970,Hydrological,0.08958,UNGRD
1970-05-15 00:00:00,1970,Hydrological,1.780822,UNGRD
1970-06-02 00:00:00,1970,Hydrological,0.200656,UNGRD
1970-06-07 00:00:00,1970,Hydrological,0.351148,UNGRD
1970-06-12 00:00:00,1970,Hydrological,0.37623,UNGRD
1970-08-06 00:00:00,1970,Hydrological,1.2,UNGRD
1970-08-30 00:00:00,1970,Hydrological,0.025082,UNGRD
1970-09-04 00:00:00,1970,Hydrological,0.665482,UNGRD
1970-09-23 00:00:00,1970,Hydrological,0.088683,UNGRD
1970-10-01 00:00:00,1970,Hydrological,3.235583,UNGRD
1970-10-05 00:00:00,1970,Hydrological,0.243356,UNGRD
1970-10-09 00:00:00,1970,Hydrological,0.26874,UNGRD
1970-10-13 00:00:00,1970,Hydrological,3.875823,UNGRD
1970-10-16 00:00:00,1970,Hydrological,7.5246,UNGRD
1970-10-21 00:00:00,1970,Hydrological,2.432984,UNGRD
1970-10-24 00:00:00,1970,Hydrological,0.351148,UNGRD
1970-10-28 00:00:00,1970,Hydrological,3.12984,UNGRD
1970-11-01 00:00:00,1970,Hydrological,16.973328,UNGRD
1970-11-04 00:00:00,1970,Hydrological,6.945029,UNGRD
1970-11-08 00:00:00,1970,Hydrological,15.070667,UNGRD
1970-11-11 00:00:00,1970,Hydrological,0.861565,UNGRD
1970-11-16 00:00:00,1970,Hydrological,0.275902,UNGRD
1970-11-20 00:00:00,1970,Hydrological,4.41505,UNGRD
1970-11-23 00:00:00,1970,Hydrological,58.49032,UNGRD
1970-12-04 00:00:00,1970,Hydrological,2.2395,UNGRD
1970-12-10 00:00:00,1970,Hydrological,0.158519,UNGRD
1970-12-13 00:00:00,1970,Hydrological,1.6,UNGRD
1970-12-28 00:00:00,1970,Hydrological,0.46581,UNGRD
1970-03-12 00:00:00,1970,Meteorological,0.342787,UNGRD
1970-04-11 00:00:00,1970,Meteorological,1.028362,UNGRD
1970-04-28 00:00:00,1970,Meteorological,0.192595,UNGRD
1970-05-10 00:00:00,1970,Meteorological,0.041803,UNGRD
1970-07-18 00:00:00,1970,Meteorological,0.041803,UNGRD
1970-08-06 00:00:00,1970,Meteorological,3.7623,UNGRD
1970-08-22 00:00:00,1970,Meteorological,0.37623,UNGRD
1970-09-09 00:00:00,1970,Meteorological,1.125713,UNGRD
1970-09-15 00:00:00,1970,Meteorological,3.26962,UNGRD
1970-09-21 00:00:00,1970,Meteorological,0.031353,UNGRD
1970-09-29 00:00:00,1970,Meteorological,0.049269,UNGRD
1970-10-27 00:00:00,1970,Meteorological,0.064198,UNGRD
1970-11-25 00:00:00,1970,Meteorological,0.476558,UNGRD
1970-11-15,1970,Hydrological,1121.443,EM-DAT
1971-02-05 00:00:00,1971,Climatological,0.338607,UNGRD
1971-03-12 00:00:00,1971,Climatological,0.1354428,UNGRD
1971-04-01 00:00:00,1971,Climatological,0.4740498000000001,UNGRD
1971-06-10 00:00:00,1971,Climatological,0.1354428,UNGRD
1971-08-12 00:00:00,1971,Climatological,1.3496004000000001,UNGRD
1971-09-22 00:00:00,1971,Climatological,0.8126568,UNGRD
1971-10-20 00:00:00,1971,Climatological,0.1596294,UNGRD
1971-11-13 00:00:00,1971,Climatological,0.0677214,UNGRD
1971-12-08 00:00:00,1971,Climatological,0.17172270000000003,UNGRD
1971-01-01 00:00:00,1971,Hydrological,88.1443296,UNGRD
1971-01-06 00:00:00,1971,Hydrological,0.1354428,UNGRD
1971-01-12 00:00:00,1971,Hydrological,2.16,UNGRD
1971-01-15 00:00:00,1971,Hydrological,0.3507003,UNGRD
1971-01-18 00:00:00,1971,Hydrological,3.8751642000000004,UNGRD
1971-01-28 00:00:00,1971,Hydrological,8.64,UNGRD
1971-02-01 00:00:00,1971,Hydrological,0.1354428,UNGRD
1971-02-21 00:00:00,1971,Hydrological,0.2755593,UNGRD
1971-03-01 00:00:00,1971,Hydrological,13.7474442,UNGRD
1971-03-08 00:00:00,1971,Hydrological,1.4221494000000001,UNGRD
1971-03-12 00:00:00,1971,Hydrological,1.789803,UNGRD
1971-03-15 00:00:00,1971,Hydrological,2.6185599,UNGRD
1971-03-19 00:00:00,1971,Hydrological,17.948190600000004,UNGRD
1971-03-22 00:00:00,1971,Hydrological,0.7947936000000001,UNGRD
1971-03-27 00:00:00,1971,Hydrological,373.9508856,UNGRD
1971-04-01 00:00:00,1971,Hydrological,389.2406076,UNGRD
1971-04-04 00:00:00,1971,Hydrological,46.561899600000004,UNGRD
1971-04-11 00:00:00,1971,Hydrological,0.1813995,UNGRD
1971-04-15 00:00:00,1971,Hydrological,1.8120996,UNGRD
1971-04-22 00:00:00,1971,Hydrological,48.7047924,UNGRD
1971-04-28 00:00:00,1971,Hydrological,8.7077214,UNGRD
1971-05-02 00:00:00,1971,Hydrological,2.515374,UNGRD
1971-05-05 00:00:00,1971,Hydrological,3.313521,UNGRD
1971-05-09 00:00:00,1971,Hydrological,4.361337000000001,UNGRD
1971-05-13 00:00:00,1971,Hydrological,14.661229500000001,UNGRD
1971-05-20 00:00:00,1971,Hydrological,10.833777,UNGRD
1971-05-23 00:00:00,1971,Hydrological,43.780473,UNGRD
1971-05-26 00:00:00,1971,Hydrological,29.313883800000003,UNGRD
1971-05-29 00:00:00,1971,Hydrological,0.0677214,UNGRD
1971-06-01 00:00:00,1971,Hydrological,17.921079900000002,UNGRD
1971-06-04 00:00:00,1971,Hydrological,88.8379704,UNGRD
1971-06-07 00:00:00,1971,Hydrological,0.1596294,UNGRD
1971-06-14 00:00:00,1971,Hydrological,0.338607,UNGRD
1971-06-22 00:00:00,1971,Hydrological,18.31464,UNGRD
1971-06-25 00:00:00,1971,Hydrological,50.017149,UNGRD
1971-06-30 00:00:00,1971,Hydrological,0.4063284,UNGRD
1971-07-06 00:00:00,1971,Hydrological,14.3569368,UNGRD
1971-07-10 00:00:00,1971,Hydrological,4.063284,UNGRD
1971-07-13 00:00:00,1971,Hydrological,10.343349,UNGRD
1971-08-01 00:00:00,1971,Hydrological,0.0677214,UNGRD
1971-08-19 00:00:00,1971,Hydrological,0.2031642,UNGRD
1971-08-26 00:00:00,1971,Hydrological,0.6046650000000001,UNGRD
1971-08-29 00:00:00,1971,Hydrological,27.08856,UNGRD
1971-09-27 00:00:00,1971,Hydrological,0.0677214,UNGRD
1971-10-06 00:00:00,1971,Hydrological,16.9980714,UNGRD
1971-10-15 00:00:00,1971,Hydrological,0.2361879,UNGRD
1971-10-20 00:00:00,1971,Hydrological,0.18058950000000001,UNGRD
1971-10-25 00:00:00,1971,Hydrological,2.6895078000000003,UNGRD
1971-11-03 00:00:00,1971,Hydrological,31.3495758,UNGRD
1971-11-08 00:00:00,1971,Hydrological,1.015821,UNGRD
1971-11-11 00:00:00,1971,Hydrological,3.0233250000000003,UNGRD
1971-11-15 00:00:00,1971,Hydrological,96.1612614,UNGRD
1971-11-20 00:00:00,1971,Hydrological,1.2238398000000001,UNGRD
1971-11-23 00:00:00,1971,Hydrological,9.819603,UNGRD
1971-11-27 00:00:00,1971,Hydrological,0.11286810000000001,UNGRD
1971-12-23 00:00:00,1971,Hydrological,0.648,UNGRD
1971-03-23 00:00:00,1971,Meteorological,0.11286810000000001,UNGRD
1971-04-05 00:00:00,1971,Meteorological,0.036279900000000004,UNGRD
1971-04-29 00:00:00,1971,Meteorological,0.48373200000000005,UNGRD
1971-06-27 00:00:00,1971,Meteorological,0.012093300000000001,UNGRD
1971-07-19 00:00:00,1971,Meteorological,3.4180353,UNGRD
1971-08-08 00:00:00,1971,Meteorological,0.362799,UNGRD
1971-09-14 00:00:00,1971,Meteorological,0.0722358,UNGRD
1971-10-11 00:00:00,1971,Meteorological,5.200065,UNGRD
1971-10-30 00:00:00,1971,Meteorological,18.13995,UNGRD
1971-11-23 00:00:00,1971,Meteorological,0.11286810000000001,UNGRD
1971-12-19 00:00:00,1971,Meteorological,0.2579877,UNGRD
1972-01-04 00:00:00,1972,Climatological,0.2708856,UNGRD
1972-02-07 00:00:00,1972,Climatological,0.5732856000000001,UNGRD
1972-02-27 00:00:00,1972,Climatological,0.2708856,UNGRD
1972-04-01 00:00:00,1972,Climatological,0.1354428,UNGRD
1972-05-22 00:00:00,1972,Climatological,0.0722358,UNGRD
1972-06-19 00:00:00,1972,Climatological,0.2708856,UNGRD
1972-07-11 00:00:00,1972,Climatological,0.2708856,UNGRD
1972-08-01 00:00:00,1972,Climatological,1.1512638000000002,UNGRD
1972-08-24 00:00:00,1972,Climatological,0.0677214,UNGRD
1972-10-10 00:00:00,1972,Climatological,0.7900821000000001,UNGRD
1972-11-03 00:00:00,1972,Climatological,0.0677214,UNGRD
1972-11-21 00:00:00,1972,Climatological,1.354428,UNGRD
1972-12-27 00:00:00,1972,Climatological,0.677214,UNGRD
1972-10-18 00:00:00,1972,Geophysical,0.1354428,UNGRD
1972-11-22 00:00:00,1972,Geophysical,1.9421613000000002,UNGRD
1972-01-02 00:00:00,1972,Hydrological,0.0677214,UNGRD
1972-01-06 00:00:00,1972,Hydrological,5.417712,UNGRD
1972-01-16 00:00:00,1972,Hydrological,0.0722358,UNGRD
1972-01-25 00:00:00,1972,Hydrological,3.7724778000000003,UNGRD
1972-02-02 00:00:00,1972,Hydrological,0.1354428,UNGRD
1972-02-07 00:00:00,1972,Hydrological,0.0677214,UNGRD
1972-02-11 00:00:00,1972,Hydrological,3.3183486,UNGRD
1972-03-22 00:00:00,1972,Hydrological,1.4537583000000003,UNGRD
1972-03-29 00:00:00,1972,Hydrological,0.11286810000000001,UNGRD
1972-04-02 00:00:00,1972,Hydrological,0.7449354,UNGRD
1972-04-07 00:00:00,1972,Hydrological,10.0227672,UNGRD
1972-04-14 00:00:00,1972,Hydrological,10.762875000000001,UNGRD
1972-04-21 00:00:00,1972,Hydrological,1.1222550000000002,UNGRD
1972-04-24 00:00:00,1972,Hydrological,2.4186600000000005,UNGRD
1972-05-01 00:00:00,1972,Hydrological,50.5466676,UNGRD
1972-05-05 00:00:00,1972,Hydrological,1.9639206,UNGRD
1972-05-09 00:00:00,1972,Hydrological,32.4677214,UNGRD
1972-05-12 00:00:00,1972,Hydrological,0.677214,UNGRD
1972-05-15 00:00:00,1972,Hydrological,27.7005717,UNGRD
1972-05-20 00:00:00,1972,Hydrological,1.0835424,UNGRD
1972-05-23 00:00:00,1972,Hydrological,19.037049300000003,UNGRD
1972-05-26 00:00:00,1972,Hydrological,0.9617859000000001,UNGRD
1972-06-06 00:00:00,1972,Hydrological,34.763164200000006,UNGRD
1972-06-16 00:00:00,1972,Hydrological,1.5358275000000001,UNGRD
1972-06-26 00:00:00,1972,Hydrological,6.497712,UNGRD
1972-07-03 00:00:00,1972,Hydrological,2.8442988000000002,UNGRD
1972-07-13 00:00:00,1972,Hydrological,1.160946,UNGRD
1972-07-22 00:00:00,1972,Hydrological,0.0432,UNGRD
1972-08-06 00:00:00,1972,Hydrological,1.2818790000000002,UNGRD
1972-08-11 00:00:00,1972,Hydrological,0.7908921,UNGRD
1972-09-07 00:00:00,1972,Hydrological,67.7214,UNGRD
1972-09-12 00:00:00,1972,Hydrological,0.6772248000000001,UNGRD
1972-10-10 00:00:00,1972,Hydrological,0.48373200000000005,UNGRD
1972-10-31 00:00:00,1972,Hydrological,0.324,UNGRD
1972-11-14 00:00:00,1972,Hydrological,3.4197633,UNGRD
1972-11-22 00:00:00,1972,Hydrological,0.677214,UNGRD
1972-06-20 00:00:00,1972,Meteorological,0.3386043,UNGRD
1972-07-03 00:00:00,1972,Meteorological,9.8873244,UNGRD
1972-07-14 00:00:00,1972,Meteorological,0.11286810000000001,UNGRD
1972-07-30 00:00:00,1972,Meteorological,1.4447214,UNGRD
1972-08-09 00:00:00,1972,Meteorological,1.8413919,UNGRD
1972-09-10 00:00:00,1972,Meteorological,0.48373200000000005,UNGRD
1972-10-18 00:00:00,1972,Meteorological,1.354428,UNGRD
1972-10-24 00:00:00,1972,Meteorological,20.3841414,UNGRD
1972-11-27 00:00:00,1972,Meteorological,0.3386043,UNGRD
1973-02-28 00:00:00,1973,Climatological,0.1354428,UNGRD
1973-03-20 00:00:00,1973,Climatological,0.9045702,UNGRD
1973-04-05 00:00:00,1973,Climatological,4.788882,UNGRD
1973-05-17 00:00:00,1973,Climatological,0.7449354,UNGRD
1973-06-29 00:00:00,1973,Climatological,0.091908,UNGRD
1973-07-22 00:00:00,1973,Climatological,0.3555387,UNGRD
1973-08-12 00:00:00,1973,Climatological,0.11286810000000001,UNGRD
1973-08-29 00:00:00,1973,Climatological,0.18058950000000001,UNGRD
1973-10-30 00:00:00,1973,Climatological,0.024186600000000003,UNGRD
1973-11-22 00:00:00,1973,Climatological,0.036279900000000004,UNGRD
1973-01-15 00:00:00,1973,Geophysical,0.0677214,UNGRD
1973-04-15 00:00:00,1973,Geophysical,0.1354428,UNGRD
1973-08-30 00:00:00,1973,Geophysical,9.599615100000001,UNGRD
1973-01-08 00:00:00,1973,Hydrological,1.015821,UNGRD
1973-02-06 00:00:00,1973,Hydrological,47.40498000000001,UNGRD
1973-02-15 00:00:00,1973,Hydrological,6.77214,UNGRD
1973-03-05 00:00:00,1973,Hydrological,0.4063284,UNGRD
1973-04-01 00:00:00,1973,Hydrological,1.354428,UNGRD
1973-04-05 00:00:00,1973,Hydrological,0.7449354,UNGRD
1973-04-22 00:00:00,1973,Hydrological,0.9317214,UNGRD
1973-05-04 00:00:00,1973,Hydrological,2.9120202000000006,UNGRD
1973-05-16 00:00:00,1973,Hydrological,0.580473,UNGRD
1973-06-23 00:00:00,1973,Hydrological,0.4740498000000001,UNGRD
1973-08-03 00:00:00,1973,Hydrological,0.4184217,UNGRD
1973-08-28 00:00:00,1973,Hydrological,3.62799,UNGRD
1973-09-01 00:00:00,1973,Hydrological,0.0677214,UNGRD
1973-09-04 00:00:00,1973,Hydrological,0.1354428,UNGRD
1973-09-09 00:00:00,1973,Hydrological,0.5417712,UNGRD
1973-09-19 00:00:00,1973,Hydrological,0.8803782000000001,UNGRD
1973-10-08 00:00:00,1973,Hydrological,33.8607,UNGRD
1973-10-13 00:00:00,1973,Hydrological,3.4989381,UNGRD
1973-10-18 00:00:00,1973,Hydrological,20.31642,UNGRD
1973-10-21 00:00:00,1973,Hydrological,9.045648,UNGRD
1973-10-27 00:00:00,1973,Hydrological,0.1354428,UNGRD
1973-10-30 00:00:00,1973,Hydrological,1.4266638000000003,UNGRD
1973-11-15 00:00:00,1973,Hydrological,3.3013521000000003,UNGRD
1973-11-19 00:00:00,1973,Hydrological,8.385444,UNGRD
1973-11-22 00:00:00,1973,Hydrological,9.9949869,UNGRD
1973-12-05 00:00:00,1973,Hydrological,0.1040013,UNGRD
1973-12-08 00:00:00,1973,Hydrological,14.966429400000003,UNGRD
1973-12-12 00:00:00,1973,Hydrological,51.84,UNGRD
1973-12-28 00:00:00,1973,Hydrological,2.3025276000000003,UNGRD
1973-03-04 00:00:00,1973,Meteorological,0.149148,UNGRD
1973-04-03 00:00:00,1973,Meteorological,0.8870499000000002,UNGRD
1973-04-19 00:00:00,1973,Meteorological,0.4514751,UNGRD
1973-07-15 00:00:00,1973,Meteorological,0.5046867,UNGRD
1973-08-05 00:00:00,1973,Meteorological,0.0677214,UNGRD
1973-10-13 00:00:00,1973,Meteorological,0.11286810000000001,UNGRD
1973-11-16 00:00:00,1973,Meteorological,0.0677214,UNGRD
1973-12-27 00:00:00,1973,Meteorological,0.8126568,UNGRD
1974-02-01 00:00:00,1974,Climatological,0.11286810000000001,UNGRD
1974-03-25 00:00:00,1974,Climatological,0.7223607,UNGRD
1974-05-26 00:00:00,1974,Climatological,0.4740498000000001,UNGRD
1974-07-18 00:00:00,1974,Climatological,1.354428,UNGRD
1974-08-19 00:00:00,1974,Climatological,0.008640000000000002,UNGRD
1974-04-18 00:00:00,1974,Geophysical,4.8098367,UNGRD
1974-07-12 00:00:00,1974,Geophysical,1.4221494000000001,UNGRD
1974-09-15 00:00:00,1974,Geophysical,0.1354428,UNGRD
1974-01-01 00:00:00,1974,Hydrological,0.0677214,UNGRD
1974-02-06 00:00:00,1974,Hydrological,0.7449354,UNGRD
1974-03-04 00:00:00,1974,Hydrological,0.4063284,UNGRD
1974-03-13 00:00:00,1974,Hydrological,1.693035,UNGRD
1974-03-16 00:00:00,1974,Hydrological,0.2031642,UNGRD
1974-03-19 00:00:00,1974,Hydrological,45.373338,UNGRD
1974-04-12 00:00:00,1974,Hydrological,2.7088533000000004,UNGRD
1974-04-15 00:00:00,1974,Hydrological,0.9480996000000002,UNGRD
1974-04-25 00:00:00,1974,Hydrological,0.677214,UNGRD
1974-05-02 00:00:00,1974,Hydrological,0.2612142,UNGRD
1974-05-15 00:00:00,1974,Hydrological,0.7449354,UNGRD
1974-05-22 00:00:00,1974,Hydrological,0.1354428,UNGRD
1974-06-20 00:00:00,1974,Hydrological,0.7779942000000001,UNGRD
1974-07-05 00:00:00,1974,Hydrological,2.7765774000000003,UNGRD
1974-08-14 00:00:00,1974,Hydrological,0.4063284,UNGRD
1974-09-07 00:00:00,1974,Hydrological,2.031642,UNGRD
1974-09-29 00:00:00,1974,Hydrological,2.031642,UNGRD
1974-10-02 00:00:00,1974,Hydrological,0.2708856,UNGRD
1974-10-05 00:00:00,1974,Hydrological,0.2708856,UNGRD
1974-10-09 00:00:00,1974,Hydrological,0.4740498000000001,UNGRD
1974-10-12 00:00:00,1974,Hydrological,1.2189852,UNGRD
1974-10-23 00:00:00,1974,Hydrological,0.1354428,UNGRD
1974-10-28 00:00:00,1974,Hydrological,0.1354428,UNGRD
1974-11-04 00:00:00,1974,Hydrological,1.7027172000000002,UNGRD
1974-11-07 00:00:00,1974,Hydrological,0.6094926,UNGRD
1974-11-10 00:00:00,1974,Hydrological,11.086999200000001,UNGRD
1974-11-17 00:00:00,1974,Hydrological,0.338607,UNGRD
1974-11-29 00:00:00,1974,Hydrological,0.1354428,UNGRD
1974-12-03 00:00:00,1974,Hydrological,0.4063284,UNGRD
1974-12-06 00:00:00,1974,Hydrological,0.46115190000000006,UNGRD
1974-01-02 00:00:00,1974,Meteorological,0.362799,UNGRD
1974-02-04 00:00:00,1974,Meteorological,3.4537914000000005,UNGRD
1974-03-02 00:00:00,1974,Meteorological,1.9639206,UNGRD
1974-03-15 00:00:00,1974,Meteorological,2.708856,UNGRD
1974-04-25 00:00:00,1974,Meteorological,6.77214,UNGRD
1974-05-13 00:00:00,1974,Meteorological,0.2778219,UNGRD
1974-07-07 00:00:00,1974,Meteorological,3.38607,UNGRD
1974-07-14 00:00:00,1974,Meteorological,0.11286810000000001,UNGRD
1974-08-15 00:00:00,1974,Meteorological,19.335564,UNGRD
1974-08-21 00:00:00,1974,Meteorological,0.7900821000000001,UNGRD
1974-09-11 00:00:00,1974,Meteorological,1.015821,UNGRD
1974-09-17 00:00:00,1974,Meteorological,0.24186600000000003,UNGRD
1975-01-06 00:00:00,1975,Climatological,0.0677214,UNGRD
1975-02-21 00:00:00,1975,Climatological,0.5417712,UNGRD
1975-03-27 00:00:00,1975,Climatological,6.907582800000001,UNGRD
1975-04-18 00:00:00,1975,Climatological,0.8247501,UNGRD
1975-07-08 00:00:00,1975,Climatological,0.0798147,UNGRD
1975-08-09 00:00:00,1975,Climatological,0.44503020000000004,UNGRD
1975-12-11 00:00:00,1975,Climatological,0.4740498000000001,UNGRD
1975-04-15 00:00:00,1975,Geophysical,1.354428,UNGRD
1975-01-06 00:00:00,1975,Hydrological,0.0722358,UNGRD
1975-02-22 00:00:00,1975,Hydrological,0.7449354,UNGRD
1975-02-27 00:00:00,1975,Hydrological,0.11286810000000001,UNGRD
1975-03-02 00:00:00,1975,Hydrological,26.425650600000004,UNGRD
1975-03-05 00:00:00,1975,Hydrological,0.677214,UNGRD
1975-03-09 00:00:00,1975,Hydrological,121.61200140000001,UNGRD
1975-03-15 00:00:00,1975,Hydrological,0.1354428,UNGRD
1975-03-30 00:00:00,1975,Hydrological,0.091908,UNGRD
1975-04-11 00:00:00,1975,Hydrological,2.2348062000000004,UNGRD
1975-04-15 00:00:00,1975,Hydrological,2.031642,UNGRD
1975-05-08 00:00:00,1975,Hydrological,0.0677214,UNGRD
1975-05-27 00:00:00,1975,Hydrological,0.0677214,UNGRD
1975-05-30 00:00:00,1975,Hydrological,4.7404980000000005,UNGRD
1975-06-10 00:00:00,1975,Hydrological,0.8126568,UNGRD
1975-06-15 00:00:00,1975,Hydrological,0.8803755000000001,UNGRD
1975-07-01 00:00:00,1975,Hydrological,0.677214,UNGRD
1975-07-08 00:00:00,1975,Hydrological,0.1354428,UNGRD
1975-07-14 00:00:00,1975,Hydrological,3.6498708000000004,UNGRD
1975-07-17 00:00:00,1975,Hydrological,0.0677214,UNGRD
1975-08-04 00:00:00,1975,Hydrological,0.1354428,UNGRD
1975-08-08 00:00:00,1975,Hydrological,0.1354428,UNGRD
1975-08-30 00:00:00,1975,Hydrological,9.43272,UNGRD
1975-09-02 00:00:00,1975,Hydrological,0.37012140000000004,UNGRD
1975-09-16 00:00:00,1975,Hydrological,0.1354428,UNGRD
1975-09-19 00:00:00,1975,Hydrological,0.22009590000000004,UNGRD
1975-10-10 00:00:00,1975,Hydrological,1.2818790000000002,UNGRD
1975-10-20 00:00:00,1975,Hydrological,0.5417712,UNGRD
1975-10-24 00:00:00,1975,Hydrological,7.1301924,UNGRD
1975-10-27 00:00:00,1975,Hydrological,2.8636632000000004,UNGRD
1975-11-03 00:00:00,1975,Hydrological,7.081803000000001,UNGRD
1975-11-06 00:00:00,1975,Hydrological,3.391821,UNGRD
1975-11-09 00:00:00,1975,Hydrological,2.9023542,UNGRD
1975-11-12 00:00:00,1975,Hydrological,13.2097122,UNGRD
1975-11-16 00:00:00,1975,Hydrological,35.0187867,UNGRD
1975-11-19 00:00:00,1975,Hydrological,58.84004970000001,UNGRD
1975-11-22 00:00:00,1975,Hydrological,0.0677214,UNGRD
1975-12-02 00:00:00,1975,Hydrological,3.6545769000000004,UNGRD
1975-12-06 00:00:00,1975,Hydrological,65.5128,UNGRD
1975-12-09 00:00:00,1975,Hydrological,0.24912090000000003,UNGRD
1975-12-19 00:00:00,1975,Hydrological,0.4740498000000001,UNGRD
1975-12-29 00:00:00,1975,Hydrological,0.0021600000000000005,UNGRD
1975-02-14 00:00:00,1975,Meteorological,1.5398559,UNGRD
1975-03-04 00:00:00,1975,Meteorological,2.2299786000000004,UNGRD
1975-03-15 00:00:00,1975,Meteorological,1.4672961000000002,UNGRD
1975-06-13 00:00:00,1975,Meteorological,2.3799258,UNGRD
1975-08-13 00:00:00,1975,Meteorological,0.12093300000000001,UNGRD
1975-08-19 00:00:00,1975,Meteorological,0.338607,UNGRD
1975-09-08 00:00:00,1975,Meteorological,2.031642,UNGRD
1975-09-21 00:00:00,1975,Meteorological,1.693035,UNGRD
1976-01-13 00:00:00,1976,Climatological,0.21525750000000002,UNGRD
1976-02-20 00:00:00,1976,Climatological,3.1829058000000003,UNGRD
1976-03-11 00:00:00,1976,Climatological,0.5359284000000001,UNGRD
1976-03-30 00:00:00,1976,Climatological,0.0677214,UNGRD
1976-05-08 00:00:00,1976,Climatological,0.036279900000000004,UNGRD
1976-08-01 00:00:00,1976,Climatological,0.4861431,UNGRD
1976-08-24 00:00:00,1976,Climatological,5.926726800000001,UNGRD
1976-09-10 00:00:00,1976,Climatological,2.5593354,UNGRD
1976-10-22 00:00:00,1976,Climatological,0.5417712,UNGRD
1976-05-19 00:00:00,1976,Geophysical,0.1399572,UNGRD
1976-07-11 00:00:00,1976,Geophysical,0.1370547,UNGRD
1976-10-21 00:00:00,1976,Geophysical,0.7636140000000001,UNGRD
1976-01-06 00:00:00,1976,Hydrological,1.8284778000000002,UNGRD
1976-01-15 00:00:00,1976,Hydrological,0.8803782000000001,UNGRD
1976-01-24 00:00:00,1976,Hydrological,0.29023920000000003,UNGRD
1976-03-05 00:00:00,1976,Hydrological,1.354428,UNGRD
1976-03-15 00:00:00,1976,Hydrological,0.0677214,UNGRD
1976-03-27 00:00:00,1976,Hydrological,3.62799,UNGRD
1976-04-08 00:00:00,1976,Hydrological,4.063284,UNGRD
1976-04-15 00:00:00,1976,Hydrological,5.419872,UNGRD
1976-04-23 00:00:00,1976,Hydrological,1.354428,UNGRD
1976-04-29 00:00:00,1976,Hydrological,0.7449354,UNGRD
1976-05-03 00:00:00,1976,Hydrological,2.3025276000000003,UNGRD
1976-05-08 00:00:00,1976,Hydrological,2.0993634,UNGRD
1976-05-12 00:00:00,1976,Hydrological,1.4898708,UNGRD
1976-05-15 00:00:00,1976,Hydrological,7.916319000000001,UNGRD
1976-06-08 00:00:00,1976,Hydrological,0.2708856,UNGRD
1976-06-15 00:00:00,1976,Hydrological,0.677214,UNGRD
1976-06-21 00:00:00,1976,Hydrological,0.338607,UNGRD
1976-07-15 00:00:00,1976,Hydrological,38.8043622,UNGRD
1976-07-20 00:00:00,1976,Hydrological,1.1512638000000002,UNGRD
1976-09-03 00:00:00,1976,Hydrological,0.1354428,UNGRD
1976-09-28 00:00:00,1976,Hydrological,0.1813995,UNGRD
1976-10-02 00:00:00,1976,Hydrological,0.5127516,UNGRD
1976-10-06 00:00:00,1976,Hydrological,1.5575922000000002,UNGRD
1976-11-07 00:00:00,1976,Hydrological,0.677214,UNGRD
1976-11-14 00:00:00,1976,Hydrological,2.031642,UNGRD
1976-12-01 00:00:00,1976,Hydrological,1.015821,UNGRD
1976-12-19 00:00:00,1976,Hydrological,0.11286810000000001,UNGRD
1976-05-03 00:00:00,1976,Meteorological,0.6046650000000001,UNGRD
1976-05-24 00:00:00,1976,Meteorological,1.354428,UNGRD
1976-06-24 00:00:00,1976,Meteorological,1.0383930000000001,UNGRD
1976-06-30 00:00:00,1976,Meteorological,0.6046650000000001,UNGRD
1976-07-07 00:00:00,1976,Meteorological,0.11286810000000001,UNGRD
1976-08-01 00:00:00,1976,Meteorological,0.0677214,UNGRD
1976-08-09 00:00:00,1976,Meteorological,0.45147240000000005,UNGRD
1976-08-16 00:00:00,1976,Meteorological,1.0383930000000001,UNGRD
1976-08-22 00:00:00,1976,Meteorological,1.2093300000000002,UNGRD
1976-09-16 00:00:00,1976,Meteorological,1.5979059000000002,UNGRD
1977-01-02 00:00:00,1977,Climatological,0.0677214,UNGRD
1977-01-23 00:00:00,1977,Climatological,0.1454814,UNGRD
1977-03-02 00:00:00,1977,Climatological,86.6563758,UNGRD
1977-03-22 00:00:00,1977,Climatological,0.677214,UNGRD
1977-04-09 00:00:00,1977,Climatological,0.5538645000000001,UNGRD
1977-05-18 00:00:00,1977,Climatological,0.338607,UNGRD
1977-06-19 00:00:00,1977,Climatological,0.4063284,UNGRD
1977-07-07 00:00:00,1977,Climatological,0.0677214,UNGRD
1977-08-25 00:00:00,1977,Climatological,0.03456000000000001,UNGRD
1977-11-24 00:00:00,1977,Climatological,0.4063284,UNGRD
1977-08-30 00:00:00,1977,Geophysical,0.14511960000000002,UNGRD
1977-04-05 00:00:00,1977,Hydrological,1.354428,UNGRD
1977-06-01 00:00:00,1977,Hydrological,0.0677214,UNGRD
1977-06-06 00:00:00,1977,Hydrological,1.8744345000000002,UNGRD
1977-07-01 00:00:00,1977,Hydrological,0.5417766,UNGRD
1977-07-15 00:00:00,1977,Hydrological,0.0677214,UNGRD
1977-09-15 00:00:00,1977,Hydrological,0.338607,UNGRD
1977-09-27 00:00:00,1977,Hydrological,1.015821,UNGRD
1977-10-14 00:00:00,1977,Hydrological,0.2708856,UNGRD
1977-11-01 00:00:00,1977,Hydrological,0.0677214,UNGRD
1977-11-04 00:00:00,1977,Hydrological,3.8601198,UNGRD
1977-11-13 00:00:00,1977,Hydrological,0.1354428,UNGRD
1977-11-17 00:00:00,1977,Hydrological,1.015821,UNGRD
1977-11-22 00:00:00,1977,Hydrological,3.047463,UNGRD
1977-02-03 00:00:00,1977,Meteorological,0.0677214,UNGRD
1977-03-03 00:00:00,1977,Meteorological,0.0677214,UNGRD
1977-04-04 00:00:00,1977,Meteorological,0.08465310000000001,UNGRD
1977-05-22 00:00:00,1977,Meteorological,0.677214,UNGRD
1977-09-02 00:00:00,1977,Meteorological,0.0677214,UNGRD
1977-09-15 00:00:00,1977,Meteorological,0.0677214,UNGRD
1978-04-17 00:00:00,1978,Climatological,0.6094926,UNGRD
1978-06-01 00:00:00,1978,Climatological,0.1354428,UNGRD
1978-07-13 00:00:00,1978,Climatological,0.2966841,UNGRD
1978-08-21 00:00:00,1978,Climatological,0.1354428,UNGRD
1978-09-27 00:00:00,1978,Climatological,0.1354428,UNGRD
1978-11-08 00:00:00,1978,Climatological,0.2031642,UNGRD
1978-12-27 00:00:00,1978,Climatological,2.5629318000000003,UNGRD
1978-01-12 00:00:00,1978,Hydrological,1.354428,UNGRD
1978-02-05 00:00:00,1978,Hydrological,2.176767,UNGRD
1978-02-15 00:00:00,1978,Hydrological,1.2093300000000002,UNGRD
1978-04-02 00:00:00,1978,Hydrological,0.0021600000000000005,UNGRD
1978-04-05 00:00:00,1978,Hydrological,0.2031642,UNGRD
1978-04-17 00:00:00,1978,Hydrological,1.4898708,UNGRD
1978-04-20 00:00:00,1978,Hydrological,0.11286810000000001,UNGRD
1978-04-29 00:00:00,1978,Hydrological,0.2708856,UNGRD
1978-06-25 00:00:00,1978,Hydrological,2.708856,UNGRD
1978-08-01 00:00:00,1978,Hydrological,0.11286810000000001,UNGRD
1978-08-12 00:00:00,1978,Hydrological,0.0677214,UNGRD
1978-10-16 00:00:00,1978,Hydrological,0.10800000000000001,UNGRD
1978-10-21 00:00:00,1978,Hydrological,0.4740498000000001,UNGRD
1978-10-27 00:00:00,1978,Hydrological,0.2708856,UNGRD
1978-10-31 00:00:00,1978,Hydrological,0.9158292,UNGRD
1978-11-04 00:00:00,1978,Hydrological,0.648,UNGRD
1978-11-07 00:00:00,1978,Hydrological,0.677214,UNGRD
1978-11-16 00:00:00,1978,Hydrological,1.015821,UNGRD
1978-11-21 00:00:00,1978,Hydrological,1.2009249,UNGRD
1978-12-12 00:00:00,1978,Hydrological,4.401891000000001,UNGRD
1978-12-20 00:00:00,1978,Hydrological,0.2708856,UNGRD
1978-04-29 00:00:00,1978,Meteorological,0.0677214,UNGRD
1978-06-16 00:00:00,1978,Meteorological,0.677214,UNGRD
1978-07-01 00:00:00,1978,Meteorological,13.54428,UNGRD
1978-08-08 00:00:00,1978,Meteorological,5.417712,UNGRD
1978-08-21 00:00:00,1978,Meteorological,0.24186600000000003,UNGRD
1978-10-10 00:00:00,1978,Meteorological,0.24186600000000003,UNGRD
1979-01-15 00:00:00,1979,Climatological,2.16,UNGRD
1979-02-01 00:00:00,1979,Climatological,6.622527600000001,UNGRD
1979-02-27 00:00:00,1979,Climatological,4.063284,UNGRD
1979-06-19 00:00:00,1979,Climatological,1.4148945000000002,UNGRD
1979-07-29 00:00:00,1979,Climatological,0.4740498000000001,UNGRD
1979-09-07 00:00:00,1979,Climatological,0.677214,UNGRD
1979-10-16 00:00:00,1979,Climatological,1.4221494000000001,UNGRD
1979-11-20 00:00:00,1979,Climatological,0.7449354,UNGRD
1979-11-23 00:00:00,1979,Geophysical,47.4462846,UNGRD
1979-12-12 00:00:00,1979,Geophysical,154.9094679,UNGRD
1979-02-15 00:00:00,1979,Hydrological,0.0677214,UNGRD
1979-04-02 00:00:00,1979,Hydrological,0.0677214,UNGRD
1979-04-08 00:00:00,1979,Hydrological,1.0835424,UNGRD
1979-04-15 00:00:00,1979,Hydrological,1.354428,UNGRD
1979-04-19 00:00:00,1979,Hydrological,0.18058950000000001,UNGRD
1979-04-22 00:00:00,1979,Hydrological,5.2260498,UNGRD
1979-04-25 00:00:00,1979,Hydrological,0.1354428,UNGRD
1979-04-28 00:00:00,1979,Hydrological,0.44503020000000004,UNGRD
1979-05-20 00:00:00,1979,Hydrological,0.24912090000000003,UNGRD
1979-05-29 00:00:00,1979,Hydrological,1.7607564000000002,UNGRD
1979-06-02 00:00:00,1979,Hydrological,0.725598,UNGRD
1979-06-05 00:00:00,1979,Hydrological,0.5506434000000001,UNGRD
1979-07-02 00:00:00,1979,Hydrological,0.8640000000000001,UNGRD
1979-07-12 00:00:00,1979,Hydrological,0.2708856,UNGRD
1979-07-19 00:00:00,1979,Hydrological,0.677214,UNGRD
1979-07-22 00:00:00,1979,Hydrological,1.5721289999999999,UNGRD
1979-07-25 00:00:00,1979,Hydrological,10.8,UNGRD
1979-07-29 00:00:00,1979,Hydrological,0.488565,UNGRD
1979-08-27 00:00:00,1979,Hydrological,0.2031642,UNGRD
1979-09-01 00:00:00,1979,Hydrological,0.1354428,UNGRD
1979-09-06 00:00:00,1979,Hydrological,0.4740498000000001,UNGRD
1979-09-25 00:00:00,1979,Hydrological,8.126568,UNGRD
1979-10-22 00:00:00,1979,Hydrological,3.3183486,UNGRD
1979-10-28 00:00:00,1979,Hydrological,3.6847602000000004,UNGRD
1979-11-12 00:00:00,1979,Hydrological,9.197485200000001,UNGRD
1979-11-15 00:00:00,1979,Hydrological,2.3702490000000003,UNGRD
1979-11-18 00:00:00,1979,Hydrological,5.781990600000001,UNGRD
1979-11-22 00:00:00,1979,Hydrological,0.13760280000000003,UNGRD
1979-11-25 00:00:00,1979,Hydrological,37.0652058,UNGRD
1979-11-28 00:00:00,1979,Hydrological,3.5312112,UNGRD
1979-12-29 00:00:00,1979,Hydrological,0.8126568,UNGRD
1979-03-06 00:00:00,1979,Meteorological,1.1512611000000001,UNGRD
1979-05-05 00:00:00,1979,Meteorological,1.5575922000000002,UNGRD
1979-05-29 00:00:00,1979,Meteorological,10.15821,UNGRD
1979-06-15 00:00:00,1979,Meteorological,0.677214,UNGRD
1979-07-11 00:00:00,1979,Meteorological,1.6253136,UNGRD
1979-07-22 00:00:00,1979,Meteorological,0.995679,UNGRD
1979-11-25 00:00:00,1979,Meteorological,0.1813995,UNGRD
1980-02-16 00:00:00,1980,Climatological,0.2031642,UNGRD
1980-04-03 00:00:00,1980,Climatological,0.4740498000000001,UNGRD
1980-05-23 00:00:00,1980,Climatological,0.0677214,UNGRD
1980-07-17 00:00:00,1980,Climatological,51.84,UNGRD
1980-08-28 00:00:00,1980,Climatological,2.3644062,UNGRD
1980-09-19 00:00:00,1980,Climatological,0.6893073000000001,UNGRD
1980-10-22 00:00:00,1980,Climatological,0.0677214,UNGRD
1980-11-10 00:00:00,1980,Climatological,0.4184217,UNGRD
1980-12-08 00:00:00,1980,Climatological,0.2708856,UNGRD
1980-02-15 00:00:00,1980,Geophysical,0.677214,UNGRD
1980-05-06 00:00:00,1980,Geophysical,0.0677214,UNGRD
1980-06-25 00:00:00,1980,Geophysical,0.5103297000000001,UNGRD
1980-11-26 00:00:00,1980,Geophysical,0.677214,UNGRD
1980-01-09 00:00:00,1980,Hydrological,1.354428,UNGRD
1980-01-15 00:00:00,1980,Hydrological,0.0698814,UNGRD
1980-01-22 00:00:00,1980,Hydrological,0.012093300000000001,UNGRD
1980-02-04 00:00:00,1980,Hydrological,1.693035,UNGRD
1980-02-15 00:00:00,1980,Hydrological,0.677214,UNGRD
1980-02-21 00:00:00,1980,Hydrological,0.0432,UNGRD
1980-03-03 00:00:00,1980,Hydrological,0.3745683,UNGRD
1980-05-04 00:00:00,1980,Hydrological,0.1354428,UNGRD
1980-05-15 00:00:00,1980,Hydrological,5.485433400000001,UNGRD
1980-06-03 00:00:00,1980,Hydrological,2.9797416,UNGRD
1980-06-10 00:00:00,1980,Hydrological,0.0677214,UNGRD
1980-06-15 00:00:00,1980,Hydrological,3.5892342,UNGRD
1980-07-15 00:00:00,1980,Hydrological,1.6253136,UNGRD
1980-09-21 00:00:00,1980,Hydrological,0.677214,UNGRD
1980-09-25 00:00:00,1980,Hydrological,0.677214,UNGRD
1980-10-04 00:00:00,1980,Hydrological,0.2031642,UNGRD
1980-10-07 00:00:00,1980,Hydrological,0.0677214,UNGRD
1980-10-18 00:00:00,1980,Hydrological,2.515374,UNGRD
1980-11-04 00:00:00,1980,Hydrological,0.0677214,UNGRD
1980-11-09 00:00:00,1980,Hydrological,1.5068079000000003,UNGRD
1980-11-14 00:00:00,1980,Hydrological,0.0216,UNGRD
1980-12-01 00:00:00,1980,Hydrological,3.4537914000000005,UNGRD
1980-03-15 00:00:00,1980,Meteorological,6.77214,UNGRD
1980-06-08 00:00:00,1980,Meteorological,1.015821,UNGRD
1980-06-28 00:00:00,1980,Meteorological,10.706607,UNGRD
1980-07-05 00:00:00,1980,Meteorological,6.77214,UNGRD
1980-07-15 00:00:00,1980,Meteorological,6.77214,UNGRD
1980-08-07 00:00:00,1980,Meteorological,1.596294,UNGRD
1980-08-21 00:00:00,1980,Meteorological,0.3507003,UNGRD
1980-09-18 00:00:00,1980,Meteorological,8.64,UNGRD
1980-11-08 00:00:00,1980,Meteorological,0.2297727,UNGRD
1981-01-08 00:00:00,1981,Climatological,194.42418660000004,UNGRD
1981-02-08 00:00:00,1981,Climatological,0.43200000000000005,UNGRD
1981-03-31 00:00:00,1981,Climatological,0.6094926,UNGRD
1981-05-28 00:00:00,1981,Climatological,0.0722358,UNGRD
1981-07-29 00:00:00,1981,Climatological,0.275724,UNGRD
1981-12-17 00:00:00,1981,Climatological,2.1445101,UNGRD
1981-10-17 00:00:00,1981,Geophysical,5.253263100000001,UNGRD
1981-01-04 00:00:00,1981,Hydrological,1.354428,UNGRD
1981-02-06 00:00:00,1981,Hydrological,0.06480000000000001,UNGRD
1981-02-19 00:00:00,1981,Hydrological,0.6046650000000001,UNGRD
1981-02-26 00:00:00,1981,Hydrological,0.1728,UNGRD
1981-04-01 00:00:00,1981,Hydrological,1.015821,UNGRD
1981-04-06 00:00:00,1981,Hydrological,14.424658200000001,UNGRD
1981-04-09 00:00:00,1981,Hydrological,2.3702490000000003,UNGRD
1981-04-15 00:00:00,1981,Hydrological,10.881891000000001,UNGRD
1981-04-18 00:00:00,1981,Hydrological,0.39665700000000004,UNGRD
1981-04-23 00:00:00,1981,Hydrological,1.2592638,UNGRD
1981-04-27 00:00:00,1981,Hydrological,0.11286810000000001,UNGRD
1981-05-01 00:00:00,1981,Hydrological,35.967915000000005,UNGRD
1981-05-04 00:00:00,1981,Hydrological,3.38607,UNGRD
1981-05-07 00:00:00,1981,Hydrological,13.3906095,UNGRD
1981-05-10 00:00:00,1981,Hydrological,65.5343325,UNGRD
1981-05-15 00:00:00,1981,Hydrological,5.598301500000001,UNGRD
1981-05-26 00:00:00,1981,Hydrological,2.031642,UNGRD
1981-05-30 00:00:00,1981,Hydrological,3.0210354,UNGRD
1981-06-02 00:00:00,1981,Hydrological,86.4,UNGRD
1981-06-07 00:00:00,1981,Hydrological,62.91088560000001,UNGRD
1981-06-10 00:00:00,1981,Hydrological,4.846124700000001,UNGRD
1981-06-15 00:00:00,1981,Hydrological,35.75689920000001,UNGRD
1981-06-19 00:00:00,1981,Hydrological,95.5397214,UNGRD
1981-07-01 00:00:00,1981,Hydrological,1.1923929,UNGRD
1981-07-21 00:00:00,1981,Hydrological,0.2031642,UNGRD
1981-07-25 00:00:00,1981,Hydrological,1.6253136,UNGRD
1981-08-01 00:00:00,1981,Hydrological,2.9120202000000006,UNGRD
1981-08-13 00:00:00,1981,Hydrological,74.034,UNGRD
1981-08-22 00:00:00,1981,Hydrological,0.7135047000000001,UNGRD
1981-09-01 00:00:00,1981,Hydrological,3.38607,UNGRD
1981-09-06 00:00:00,1981,Hydrological,0.012093300000000001,UNGRD
1981-09-22 00:00:00,1981,Hydrological,4.32,UNGRD
1981-10-18 00:00:00,1981,Hydrological,116.64000000000001,UNGRD
1981-10-26 00:00:00,1981,Hydrological,16.58799,UNGRD
1981-10-29 00:00:00,1981,Hydrological,20.591263800000004,UNGRD
1981-11-01 00:00:00,1981,Hydrological,0.4232655,UNGRD
1981-11-04 00:00:00,1981,Hydrological,4.401891000000001,UNGRD
1981-11-19 00:00:00,1981,Hydrological,0.338607,UNGRD
1981-12-05 00:00:00,1981,Hydrological,0.2031642,UNGRD
1981-12-08 00:00:00,1981,Hydrological,0.338607,UNGRD
1981-12-20 00:00:00,1981,Hydrological,0.0677214,UNGRD
1981-12-30 00:00:00,1981,Hydrological,12.717140400000002,UNGRD
1981-02-15 00:00:00,1981,Meteorological,0.2031642,UNGRD
1981-03-10 00:00:00,1981,Meteorological,0.14511960000000002,UNGRD
1981-04-27 00:00:00,1981,Meteorological,0.677214,UNGRD
1981-05-24 00:00:00,1981,Meteorological,1.3665213,UNGRD
1981-08-08 00:00:00,1981,Meteorological,1.2093300000000002,UNGRD
1981-08-21 00:00:00,1981,Meteorological,4.7171241,UNGRD
1981-09-17 00:00:00,1981,Meteorological,0.012093300000000001,UNGRD
1981-09-27 00:00:00,1981,Meteorological,0.5417712,UNGRD
1981-10-13 00:00:00,1981,Meteorological,1.6253136,UNGRD
1981-12-31 00:00:00,1981,Meteorological,0.5417712,UNGRD
1982-01-19 00:00:00,1982,Climatological,3.38607,UNGRD
1982-04-14 00:00:00,1982,Climatological,0.0677214,UNGRD
1982-05-13 00:00:00,1982,Climatological,0.0677214,UNGRD
1982-07-06 00:00:00,1982,Climatological,0.677214,UNGRD
1982-07-24 00:00:00,1982,Climatological,0.4063284,UNGRD
1982-08-10 00:00:00,1982,Climatological,0.2031642,UNGRD
1982-09-22 00:00:00,1982,Climatological,0.1354428,UNGRD
1982-01-03 00:00:00,1982,Hydrological,2.708856,UNGRD
1982-01-06 00:00:00,1982,Hydrological,2.2989852,UNGRD
1982-01-09 00:00:00,1982,Hydrological,0.3917214,UNGRD
1982-01-12 00:00:00,1982,Hydrological,13.54428,UNGRD
1982-01-15 00:00:00,1982,Hydrological,1.9639206,UNGRD
1982-02-03 00:00:00,1982,Hydrological,0.0677214,UNGRD
1982-02-07 00:00:00,1982,Hydrological,0.0677214,UNGRD
1982-02-17 00:00:00,1982,Hydrological,0.3918186,UNGRD
1982-03-04 00:00:00,1982,Hydrological,5.079105,UNGRD
1982-03-17 00:00:00,1982,Hydrological,0.1354428,UNGRD
1982-04-01 00:00:00,1982,Hydrological,4.1213502,UNGRD
1982-04-07 00:00:00,1982,Hydrological,3.4391844,UNGRD
1982-04-11 00:00:00,1982,Hydrological,1.7607564000000002,UNGRD
1982-04-15 00:00:00,1982,Hydrological,0.5417712,UNGRD
1982-04-23 00:00:00,1982,Hydrological,1.4221494000000001,UNGRD
1982-05-02 00:00:00,1982,Hydrological,1.0152972,UNGRD
1982-05-11 00:00:00,1982,Hydrological,0.5417712,UNGRD
1982-05-15 00:00:00,1982,Hydrological,1.0835424,UNGRD
1982-05-21 00:00:00,1982,Hydrological,7.1877618000000005,UNGRD
1982-05-27 00:00:00,1982,Hydrological,6.978447000000001,UNGRD
1982-05-30 00:00:00,1982,Hydrological,16.0693416,UNGRD
1982-06-03 00:00:00,1982,Hydrological,10.8,UNGRD
1982-06-07 00:00:00,1982,Hydrological,0.11286810000000001,UNGRD
1982-06-24 00:00:00,1982,Hydrological,0.0722358,UNGRD
1982-07-07 00:00:00,1982,Hydrological,0.0864,UNGRD
1982-08-07 00:00:00,1982,Hydrological,1.296,UNGRD
1982-09-14 00:00:00,1982,Hydrological,0.2031642,UNGRD
1982-09-26 00:00:00,1982,Hydrological,0.2031642,UNGRD
1982-10-07 00:00:00,1982,Hydrological,0.2031642,UNGRD
1982-10-23 00:00:00,1982,Hydrological,0.35144280000000006,UNGRD
1982-10-26 00:00:00,1982,Hydrological,0.1354428,UNGRD
1982-10-29 00:00:00,1982,Hydrological,1.2189852,UNGRD
1982-12-30 00:00:00,1982,Hydrological,4.5373338,UNGRD
1982-01-06 00:00:00,1982,Meteorological,0.4063284,UNGRD
1982-05-06 00:00:00,1982,Meteorological,13.54428,UNGRD
1982-06-05 00:00:00,1982,Meteorological,0.3095874,UNGRD
1982-06-14 00:00:00,1982,Meteorological,1.2093300000000002,UNGRD
1982-07-05 00:00:00,1982,Meteorological,2.16,UNGRD
1982-07-29 00:00:00,1982,Meteorological,0.11286810000000001,UNGRD
1982-08-24 00:00:00,1982,Meteorological,0.33861240000000004,UNGRD
1982-09-10 00:00:00,1982,Meteorological,0.14511960000000002,UNGRD
1982-09-16 00:00:00,1982,Meteorological,0.362799,UNGRD
1982-09-27 00:00:00,1982,Meteorological,0.22573620000000003,UNGRD
1983-01-15 00:00:00,1983,Climatological,24.008958,UNGRD
1983-03-30 00:00:00,1983,Climatological,0.12541,UNGRD
1983-06-01 00:00:00,1983,Climatological,0.025082,UNGRD
1983-07-18 00:00:00,1983,Climatological,0.162164,UNGRD
1983-08-09 00:00:00,1983,Climatological,0.008958,UNGRD
1983-08-30 00:00:00,1983,Climatological,0.025082,UNGRD
1983-09-30 00:00:00,1983,Climatological,0.025082,UNGRD
1983-11-13 00:00:00,1983,Climatological,0.050164,UNGRD
1983-01-05 00:00:00,1983,Hydrological,0.200656,UNGRD
1983-01-13 00:00:00,1983,Hydrological,1.168106,UNGRD
1983-01-31 00:00:00,1983,Hydrological,1.128574,UNGRD
1983-02-15 00:00:00,1983,Hydrological,1.454756,UNGRD
1983-03-02 00:00:00,1983,Hydrological,0.226934,UNGRD
1983-04-06 00:00:00,1983,Hydrological,0.0008,UNGRD
1983-04-24 00:00:00,1983,Hydrological,0.025082,UNGRD
1983-04-29 00:00:00,1983,Hydrological,0.50164,UNGRD
1983-05-03 00:00:00,1983,Hydrological,0.438942,UNGRD
1983-05-15 00:00:00,1983,Hydrological,0.25082,UNGRD
1983-08-01 00:00:00,1983,Hydrological,0.318904,UNGRD
1983-10-10 00:00:00,1983,Hydrological,0.25082,UNGRD
1983-10-31 00:00:00,1983,Hydrological,0.25082,UNGRD
1983-11-06 00:00:00,1983,Hydrological,0.025082,UNGRD
1983-05-15 00:00:00,1983,Meteorological,0.25082,UNGRD
1983-06-04 00:00:00,1983,Meteorological,0.275902,UNGRD
1983-06-17 00:00:00,1983,Meteorological,0.825922,UNGRD
1983-06-23 00:00:00,1983,Meteorological,0.37623,UNGRD
1983-07-02 00:00:00,1983,Meteorological,4.51476,UNGRD
1983-08-02 00:00:00,1983,Meteorological,0.62705,UNGRD
1983-08-18 00:00:00,1983,Meteorological,0.399524,UNGRD
1983-11-18 00:00:00,1983,Meteorological,0.37623,UNGRD
1983-03-31,1983,Geophysical,1294.124,EM-DAT
1984-02-05 00:00:00,1984,Climatological,0.025082,UNGRD
1984-04-21 00:00:00,1984,Climatological,0.065522,UNGRD
1984-05-18 00:00:00,1984,Climatological,4.76558,UNGRD
1984-07-18 00:00:00,1984,Climatological,0.180053,UNGRD
1984-10-04 00:00:00,1984,Climatological,0.025082,UNGRD
1984-11-16 00:00:00,1984,Climatological,0.075246,UNGRD
1984-12-11 00:00:00,1984,Climatological,0.175574,UNGRD
1984-01-15 00:00:00,1984,Hydrological,1.50492,UNGRD
1984-01-20 00:00:00,1984,Hydrological,11.2,UNGRD
1984-02-15 00:00:00,1984,Hydrological,0.075246,UNGRD
1984-02-28 00:00:00,1984,Hydrological,1.647051,UNGRD
1984-04-26 00:00:00,1984,Hydrological,0.384,UNGRD
1984-05-03 00:00:00,1984,Hydrological,0.075246,UNGRD
1984-05-13 00:00:00,1984,Hydrological,0.075246,UNGRD
1984-05-28 00:00:00,1984,Hydrological,0.025082,UNGRD
1984-05-31 00:00:00,1984,Hydrological,0.27053,UNGRD
1984-06-03 00:00:00,1984,Hydrological,1.44,UNGRD
1984-06-07 00:00:00,1984,Hydrological,0.248534,UNGRD
1984-06-10 00:00:00,1984,Hydrological,2.55574,UNGRD
1984-06-15 00:00:00,1984,Hydrological,0.428186,UNGRD
1984-06-18 00:00:00,1984,Hydrological,8.0,UNGRD
1984-06-27 00:00:00,1984,Hydrological,1.393488,UNGRD
1984-07-02 00:00:00,1984,Hydrological,0.085101,UNGRD
1984-07-05 00:00:00,1984,Hydrological,0.551804,UNGRD
1984-07-09 00:00:00,1984,Hydrological,0.297032,UNGRD
1984-07-15 00:00:00,1984,Hydrological,0.25082,UNGRD
1984-07-28 00:00:00,1984,Hydrological,0.025082,UNGRD
1984-08-01 00:00:00,1984,Hydrological,0.175574,UNGRD
1984-08-09 00:00:00,1984,Hydrological,0.175574,UNGRD
1984-08-15 00:00:00,1984,Hydrological,0.200656,UNGRD
1984-08-21 00:00:00,1984,Hydrological,0.025082,UNGRD
1984-09-03 00:00:00,1984,Hydrological,0.418033,UNGRD
1984-09-07 00:00:00,1984,Hydrological,0.75246,UNGRD
1984-09-15 00:00:00,1984,Hydrological,0.426394,UNGRD
1984-09-18 00:00:00,1984,Hydrological,0.188148,UNGRD
1984-09-25 00:00:00,1984,Hydrological,0.274114,UNGRD
1984-10-01 00:00:00,1984,Hydrological,32.0,UNGRD
1984-10-10 00:00:00,1984,Hydrological,2.8282,UNGRD
1984-10-21 00:00:00,1984,Hydrological,0.167513,UNGRD
1984-10-26 00:00:00,1984,Hydrological,0.443115,UNGRD
1984-10-29 00:00:00,1984,Hydrological,106.432397,UNGRD
1984-11-01 00:00:00,1984,Hydrological,4.521517,UNGRD
1984-11-04 00:00:00,1984,Hydrological,15.3032,UNGRD
1984-11-07 00:00:00,1984,Hydrological,372.746472,UNGRD
1984-11-11 00:00:00,1984,Hydrological,19.327292,UNGRD
1984-11-16 00:00:00,1984,Hydrological,0.08,UNGRD
1984-11-23 00:00:00,1984,Hydrological,3.900017,UNGRD
1984-11-28 00:00:00,1984,Hydrological,48.15404,UNGRD
1984-12-01 00:00:00,1984,Hydrological,2.86964,UNGRD
1984-12-11 00:00:00,1984,Hydrological,2.00656,UNGRD
1984-12-18 00:00:00,1984,Hydrological,0.623474,UNGRD
1984-12-24 00:00:00,1984,Hydrological,1.2541,UNGRD
1984-05-02 00:00:00,1984,Meteorological,0.100328,UNGRD
1984-06-02 00:00:00,1984,Meteorological,0.075246,UNGRD
1984-06-15 00:00:00,1984,Meteorological,0.12541,UNGRD
1984-07-08 00:00:00,1984,Meteorological,0.025082,UNGRD
1984-07-17 00:00:00,1984,Meteorological,0.041803,UNGRD
1984-08-30 00:00:00,1984,Meteorological,0.025082,UNGRD
1984-09-26 00:00:00,1984,Meteorological,0.041803,UNGRD
1984-10-16 00:00:00,1984,Meteorological,0.50164,UNGRD
1984-11-07 00:00:00,1984,Meteorological,0.50164,UNGRD
1984-11-21 00:00:00,1984,Meteorological,0.025082,UNGRD
1985-01-02 00:00:00,1985,Climatological,0.284262,UNGRD
1985-01-31 00:00:00,1985,Climatological,10.312184,UNGRD
1985-02-20 00:00:00,1985,Climatological,0.31482,UNGRD
1985-04-28 00:00:00,1985,Climatological,0.426394,UNGRD
1985-05-21 00:00:00,1985,Climatological,0.075246,UNGRD
1985-07-27 00:00:00,1985,Climatological,0.025082,UNGRD
1985-10-05 00:00:00,1985,Climatological,0.75246,UNGRD
1985-12-11 00:00:00,1985,Climatological,0.719017,UNGRD
1985-11-13 00:00:00,1985,Geophysical,2916.4209642,UNGRD
1985-02-17 00:00:00,1985,Hydrological,0.0048,UNGRD
1985-06-07 00:00:00,1985,Hydrological,1.28,UNGRD
1985-06-15 00:00:00,1985,Hydrological,0.75246,UNGRD
1985-07-24 00:00:00,1985,Hydrological,0.432665,UNGRD
1985-08-01 00:00:00,1985,Hydrological,0.298297,UNGRD
1985-08-09 00:00:00,1985,Hydrological,0.050164,UNGRD
1985-08-15 00:00:00,1985,Hydrological,0.312984,UNGRD
1985-08-24 00:00:00,1985,Hydrological,0.084204,UNGRD
1985-08-29 00:00:00,1985,Hydrological,0.100328,UNGRD
1985-09-09 00:00:00,1985,Hydrological,1.706376,UNGRD
1985-09-14 00:00:00,1985,Hydrological,0.025082,UNGRD
1985-09-26 00:00:00,1985,Hydrological,0.100328,UNGRD
1985-10-02 00:00:00,1985,Hydrological,0.075246,UNGRD
1985-10-23 00:00:00,1985,Hydrological,0.075246,UNGRD
1985-10-29 00:00:00,1985,Hydrological,0.766814,UNGRD
1985-11-17 00:00:00,1985,Hydrological,0.37623,UNGRD
1985-11-26 00:00:00,1985,Hydrological,1.50492,UNGRD
1985-12-13 00:00:00,1985,Hydrological,0.152284,UNGRD
1985-03-09 00:00:00,1985,Meteorological,0.076143,UNGRD
1985-03-15 00:00:00,1985,Meteorological,2.5082,UNGRD
1985-06-16 00:00:00,1985,Meteorological,0.824127,UNGRD
1985-07-03 00:00:00,1985,Meteorological,5.319974,UNGRD
1985-07-10 00:00:00,1985,Meteorological,0.083606,UNGRD
1985-07-19 00:00:00,1985,Meteorological,1.43326,UNGRD
1985-08-04 00:00:00,1985,Meteorological,0.160524,UNGRD
1986-01-14 00:00:00,1986,Climatological,1.327477,UNGRD
1986-04-04 00:00:00,1986,Climatological,0.37623,UNGRD
1986-08-12 00:00:00,1986,Climatological,0.025082,UNGRD
1986-09-10 00:00:00,1986,Climatological,0.52564,UNGRD
1986-10-30 00:00:00,1986,Climatological,0.373543,UNGRD
1986-12-15 00:00:00,1986,Climatological,0.075246,UNGRD
1986-03-13 00:00:00,1986,Geophysical,0.04479,UNGRD
1986-01-11 00:00:00,1986,Hydrological,0.175574,UNGRD
1986-01-24 00:00:00,1986,Hydrological,0.068557,UNGRD
1986-04-02 00:00:00,1986,Hydrological,0.652132,UNGRD
1986-04-09 00:00:00,1986,Hydrological,0.62705,UNGRD
1986-04-22 00:00:00,1986,Hydrological,0.569722,UNGRD
1986-05-01 00:00:00,1986,Hydrological,10.760178,UNGRD
1986-05-08 00:00:00,1986,Hydrological,0.025082,UNGRD
1986-05-12 00:00:00,1986,Hydrological,0.25978,UNGRD
1986-05-15 00:00:00,1986,Hydrological,0.25082,UNGRD
1986-06-05 00:00:00,1986,Hydrological,2.13197,UNGRD
1986-06-09 00:00:00,1986,Hydrological,0.525829,UNGRD
1986-06-15 00:00:00,1986,Hydrological,0.12541,UNGRD
1986-06-21 00:00:00,1986,Hydrological,0.192,UNGRD
1986-06-27 00:00:00,1986,Hydrological,0.8958,UNGRD
1986-07-02 00:00:00,1986,Hydrological,30.1152,UNGRD
1986-07-07 00:00:00,1986,Hydrological,7.549682,UNGRD
1986-07-11 00:00:00,1986,Hydrological,0.600886,UNGRD
1986-07-23 00:00:00,1986,Hydrological,0.083606,UNGRD
1986-08-04 00:00:00,1986,Hydrological,0.025082,UNGRD
1986-09-19 00:00:00,1986,Hydrological,0.265082,UNGRD
1986-09-23 00:00:00,1986,Hydrological,0.62705,UNGRD
1986-10-05 00:00:00,1986,Hydrological,0.050164,UNGRD
1986-10-08 00:00:00,1986,Hydrological,0.48,UNGRD
1986-10-12 00:00:00,1986,Hydrological,1.039401,UNGRD
1986-10-15 00:00:00,1986,Hydrological,0.74164,UNGRD
1986-10-21 00:00:00,1986,Hydrological,3.283954,UNGRD
1986-10-24 00:00:00,1986,Hydrological,3.6996,UNGRD
1986-10-27 00:00:00,1986,Hydrological,0.12541,UNGRD
1986-10-30 00:00:00,1986,Hydrological,1.429674,UNGRD
1986-11-02 00:00:00,1986,Hydrological,0.049082,UNGRD
1986-11-10 00:00:00,1986,Hydrological,0.16,UNGRD
1986-11-18 00:00:00,1986,Hydrological,0.075246,UNGRD
1986-11-27 00:00:00,1986,Hydrological,0.598392,UNGRD
1986-01-04 00:00:00,1986,Meteorological,0.025082,UNGRD
1986-04-06 00:00:00,1986,Meteorological,0.025082,UNGRD
1986-04-16 00:00:00,1986,Meteorological,0.201555,UNGRD
1986-07-02 00:00:00,1986,Meteorological,0.627947,UNGRD
1986-07-15 00:00:00,1986,Meteorological,1.00328,UNGRD
1986-07-23 00:00:00,1986,Meteorological,2.4,UNGRD
1986-09-07 00:00:00,1986,Meteorological,0.025082,UNGRD
1986-10-15 00:00:00,1986,Meteorological,0.12541,UNGRD
1986-11-10 00:00:00,1986,Meteorological,0.050164,UNGRD
1987-01-01 00:00:00,1987,Climatological,0.507911,UNGRD
1987-02-03 00:00:00,1987,Climatological,0.777542,UNGRD
1987-02-20 00:00:00,1987,Climatological,0.435352,UNGRD
1987-03-11 00:00:00,1987,Climatological,0.121082,UNGRD
1987-06-02 00:00:00,1987,Climatological,0.259778,UNGRD
1987-06-29 00:00:00,1987,Climatological,0.37623,UNGRD
1987-08-04 00:00:00,1987,Climatological,0.426394,UNGRD
1987-09-06 00:00:00,1987,Climatological,0.025082,UNGRD
1987-11-22 00:00:00,1987,Climatological,0.025082,UNGRD
1987-03-06 00:00:00,1987,Geophysical,0.050164,UNGRD
1987-02-05 00:00:00,1987,Hydrological,8.0,UNGRD
1987-02-15 00:00:00,1987,Hydrological,0.200656,UNGRD
1987-03-07 00:00:00,1987,Hydrological,0.161242,UNGRD
1987-03-15 00:00:00,1987,Hydrological,0.25082,UNGRD
1987-04-08 00:00:00,1987,Hydrological,0.025082,UNGRD
1987-05-06 00:00:00,1987,Hydrological,12.76575,UNGRD
1987-05-15 00:00:00,1987,Hydrological,0.576886,UNGRD
1987-05-23 00:00:00,1987,Hydrological,0.025082,UNGRD
1987-05-26 00:00:00,1987,Hydrological,1.00328,UNGRD
1987-06-04 00:00:00,1987,Hydrological,0.96,UNGRD
1987-07-04 00:00:00,1987,Hydrological,4.51476,UNGRD
1987-08-15 00:00:00,1987,Hydrological,0.025082,UNGRD
1987-08-27 00:00:00,1987,Hydrological,0.025082,UNGRD
1987-09-27 00:00:00,1987,Hydrological,1.730658,UNGRD
1987-10-03 00:00:00,1987,Hydrological,0.354734,UNGRD
1987-10-06 00:00:00,1987,Hydrological,0.50164,UNGRD
1987-10-13 00:00:00,1987,Hydrological,7.169976,UNGRD
1987-10-19 00:00:00,1987,Hydrological,9.153772,UNGRD
1987-10-25 00:00:00,1987,Hydrological,0.025082,UNGRD
1987-10-30 00:00:00,1987,Hydrological,0.87787,UNGRD
1987-11-03 00:00:00,1987,Hydrological,1.00328,UNGRD
1987-11-19 00:00:00,1987,Hydrological,0.069872,UNGRD
1987-11-27 00:00:00,1987,Hydrological,14.82529,UNGRD
1987-11-30 00:00:00,1987,Hydrological,0.405791,UNGRD
1987-12-06 00:00:00,1987,Hydrological,0.32965,UNGRD
1987-12-11 00:00:00,1987,Hydrological,0.120036,UNGRD
1987-02-11 00:00:00,1987,Meteorological,1.00328,UNGRD
1987-04-15 00:00:00,1987,Meteorological,0.37623,UNGRD
1987-05-08 00:00:00,1987,Meteorological,4.76638,UNGRD
1987-07-21 00:00:00,1987,Meteorological,0.053748,UNGRD
1987-08-12 00:00:00,1987,Meteorological,0.08958,UNGRD
1987-09-08 00:00:00,1987,Meteorological,0.08958,UNGRD
1988-01-12 00:00:00,1988,Climatological,0.025082,UNGRD
1988-02-06 00:00:00,1988,Climatological,2.04541,UNGRD
1988-03-08 00:00:00,1988,Climatological,11.072,UNGRD
1988-03-24 00:00:00,1988,Climatological,24.0,UNGRD
1988-05-05 00:00:00,1988,Climatological,0.025082,UNGRD
1988-07-03 00:00:00,1988,Climatological,0.025082,UNGRD
1988-11-16 00:00:00,1988,Climatological,0.025082,UNGRD
1988-12-21 00:00:00,1988,Climatological,0.050164,UNGRD
1988-04-05 00:00:00,1988,Hydrological,0.200656,UNGRD
1988-04-14 00:00:00,1988,Hydrological,0.092267,UNGRD
1988-05-02 00:00:00,1988,Hydrological,0.067185,UNGRD
1988-05-06 00:00:00,1988,Hydrological,0.17916,UNGRD
1988-07-05 00:00:00,1988,Hydrological,2.898764,UNGRD
1988-07-09 00:00:00,1988,Hydrological,1.441321,UNGRD
1988-07-15 00:00:00,1988,Hydrological,0.727378,UNGRD
1988-08-02 00:00:00,1988,Hydrological,25.38227,UNGRD
1988-08-05 00:00:00,1988,Hydrological,1.2541,UNGRD
1988-08-15 00:00:00,1988,Hydrological,38.911606,UNGRD
1988-08-21 00:00:00,1988,Hydrological,0.94457,UNGRD
1988-08-25 00:00:00,1988,Hydrological,0.16,UNGRD
1988-08-28 00:00:00,1988,Hydrological,97.854967,UNGRD
1988-09-04 00:00:00,1988,Hydrological,0.025082,UNGRD
1988-09-10 00:00:00,1988,Hydrological,3.648403,UNGRD
1988-09-14 00:00:00,1988,Hydrological,4.388463,UNGRD
1988-09-18 00:00:00,1988,Hydrological,3.707665,UNGRD
1988-09-21 00:00:00,1988,Hydrological,0.025082,UNGRD
1988-09-26 00:00:00,1988,Hydrological,0.08,UNGRD
1988-10-03 00:00:00,1988,Hydrological,0.801589,UNGRD
1988-10-07 00:00:00,1988,Hydrological,0.175574,UNGRD
1988-10-10 00:00:00,1988,Hydrological,0.150492,UNGRD
1988-10-15 00:00:00,1988,Hydrological,6.1818,UNGRD
1988-10-18 00:00:00,1988,Hydrological,58.049595,UNGRD
1988-10-21 00:00:00,1988,Hydrological,1.7916,UNGRD
1988-10-24 00:00:00,1988,Hydrological,0.064,UNGRD
1988-10-28 00:00:00,1988,Hydrological,1.47326,UNGRD
1988-11-08 00:00:00,1988,Hydrological,0.57331,UNGRD
1988-11-13 00:00:00,1988,Hydrological,2.512719,UNGRD
1988-11-16 00:00:00,1988,Hydrological,11.923,UNGRD
1988-11-20 00:00:00,1988,Hydrological,11.031148,UNGRD
1988-11-23 00:00:00,1988,Hydrological,7.107636,UNGRD
1988-11-26 00:00:00,1988,Hydrological,0.025082,UNGRD
1988-12-01 00:00:00,1988,Hydrological,0.821017,UNGRD
1988-12-04 00:00:00,1988,Hydrological,7.429162,UNGRD
1988-12-10 00:00:00,1988,Hydrological,0.064,UNGRD
1988-12-16 00:00:00,1988,Hydrological,0.100328,UNGRD
1988-05-05 00:00:00,1988,Meteorological,0.053748,UNGRD
1988-06-06 00:00:00,1988,Meteorological,5.280144,UNGRD
1988-06-24 00:00:00,1988,Meteorological,0.100328,UNGRD
1988-07-01 00:00:00,1988,Meteorological,1.00328,UNGRD
1988-08-02 00:00:00,1988,Meteorological,1.487014,UNGRD
1988-08-08 00:00:00,1988,Meteorological,1.078526,UNGRD
1988-08-17 00:00:00,1988,Meteorological,0.426394,UNGRD
1988-09-05 00:00:00,1988,Meteorological,3.2,UNGRD
1988-10-17 00:00:00,1988,Meteorological,10.749659,UNGRD
1988-11-15 00:00:00,1988,Meteorological,2.2395,UNGRD
1989-01-11 00:00:00,1989,Climatological,0.025082,UNGRD
1989-02-06 00:00:00,1989,Climatological,1.203936,UNGRD
1989-06-07 00:00:00,1989,Climatological,0.12541,UNGRD
1989-06-30 00:00:00,1989,Climatological,0.075246,UNGRD
1989-09-01 00:00:00,1989,Geophysical,0.64,UNGRD
1989-01-12 00:00:00,1989,Hydrological,7.10394,UNGRD
1989-02-10 00:00:00,1989,Hydrological,0.100328,UNGRD
1989-03-01 00:00:00,1989,Hydrological,1.37951,UNGRD
1989-03-05 00:00:00,1989,Hydrological,0.075246,UNGRD
1989-03-09 00:00:00,1989,Hydrological,0.100328,UNGRD
1989-03-15 00:00:00,1989,Hydrological,0.225738,UNGRD
1989-04-05 00:00:00,1989,Hydrological,0.326066,UNGRD
1989-04-15 00:00:00,1989,Hydrological,0.476558,UNGRD
1989-05-02 00:00:00,1989,Hydrological,1.471202,UNGRD
1989-05-11 00:00:00,1989,Hydrological,0.384474,UNGRD
1989-06-23 00:00:00,1989,Hydrological,0.164826,UNGRD
1989-07-08 00:00:00,1989,Hydrological,12.8,UNGRD
1989-07-13 00:00:00,1989,Hydrological,1.5632,UNGRD
1989-08-03 00:00:00,1989,Hydrological,0.075246,UNGRD
1989-09-05 00:00:00,1989,Hydrological,0.37783,UNGRD
1989-09-15 00:00:00,1989,Hydrological,0.37623,UNGRD
1989-09-29 00:00:00,1989,Hydrological,0.68976,UNGRD
1989-10-03 00:00:00,1989,Hydrological,0.26874,UNGRD
1989-10-09 00:00:00,1989,Hydrological,68.8,UNGRD
1989-10-12 00:00:00,1989,Hydrological,0.401312,UNGRD
1989-11-07 00:00:00,1989,Hydrological,0.652132,UNGRD
1989-11-10 00:00:00,1989,Hydrological,12.641328,UNGRD
1989-11-21 00:00:00,1989,Hydrological,1.00328,UNGRD
1989-11-29 00:00:00,1989,Hydrological,4.35994,UNGRD
1989-12-06 00:00:00,1989,Hydrological,1.354428,UNGRD
1989-12-11 00:00:00,1989,Hydrological,1.053444,UNGRD
1989-02-15 00:00:00,1989,Meteorological,0.041803,UNGRD
1989-09-08 00:00:00,1989,Meteorological,0.025082,UNGRD
1989-10-15 00:00:00,1989,Meteorological,0.62705,UNGRD
1990-05-15 00:00:00,1990,Climatological,0.050164,UNGRD
1990-08-01 00:00:00,1990,Climatological,0.169082,UNGRD
1990-09-05 00:00:00,1990,Climatological,3.746164,UNGRD
1990-10-08 00:00:00,1990,Climatological,1.50492,UNGRD
1990-11-22 00:00:00,1990,Climatological,68.303608,UNGRD
1990-11-22 00:00:00,1990,Geophysical,0.118244,UNGRD
1990-01-04 00:00:00,1990,Hydrological,0.652132,UNGRD
1990-02-08 00:00:00,1990,Hydrological,0.250704,UNGRD
1990-04-07 00:00:00,1990,Hydrological,1.00328,UNGRD
1990-04-15 00:00:00,1990,Hydrological,3.110168,UNGRD
1990-05-01 00:00:00,1990,Hydrological,1.352264,UNGRD
1990-05-04 00:00:00,1990,Hydrological,0.613543,UNGRD
1990-05-15 00:00:00,1990,Hydrological,16.163566,UNGRD
1990-05-23 00:00:00,1990,Hydrological,0.53748,UNGRD
1990-05-28 00:00:00,1990,Hydrological,0.12541,UNGRD
1990-06-05 00:00:00,1990,Hydrological,10.08,UNGRD
1990-06-12 00:00:00,1990,Hydrological,1.3437,UNGRD
1990-06-20 00:00:00,1990,Hydrological,0.4479,UNGRD
1990-09-15 00:00:00,1990,Hydrological,0.050164,UNGRD
1990-09-21 00:00:00,1990,Hydrological,0.811584,UNGRD
1990-10-09 00:00:00,1990,Hydrological,7.549682,UNGRD
1990-10-13 00:00:00,1990,Hydrological,0.025082,UNGRD
1990-10-18 00:00:00,1990,Hydrological,3.787382,UNGRD
1990-10-22 00:00:00,1990,Hydrological,3.525832,UNGRD
1990-10-26 00:00:00,1990,Hydrological,0.50164,UNGRD
1990-11-02 00:00:00,1990,Hydrological,1.37056,UNGRD
1990-11-05 00:00:00,1990,Hydrological,3.68443,UNGRD
1990-11-08 00:00:00,1990,Hydrological,8.703454,UNGRD
1990-11-11 00:00:00,1990,Hydrological,0.32,UNGRD
1990-11-20 00:00:00,1990,Hydrological,1.00328,UNGRD
1990-11-23 00:00:00,1990,Hydrological,0.12541,UNGRD
1990-12-02 00:00:00,1990,Hydrological,0.87787,UNGRD
1990-12-05 00:00:00,1990,Hydrological,1.895486,UNGRD
1990-12-11 00:00:00,1990,Hydrological,0.12541,UNGRD
1990-04-15 00:00:00,1990,Meteorological,0.17916,UNGRD
1990-08-23 00:00:00,1990,Meteorological,0.12541,UNGRD
1990-09-07 00:00:00,1990,Meteorological,2.5082,UNGRD
1990-09-26 00:00:00,1990,Meteorological,1.33437,UNGRD
1990-10-22 00:00:00,1990,Meteorological,0.739027,UNGRD
1991-01-30 00:00:00,1991,Climatological,48.344,UNGRD
1991-02-15 00:00:00,1991,Climatological,0.112,UNGRD
1991-03-27 00:00:00,1991,Climatological,24.0,UNGRD
1991-04-23 00:00:00,1991,Climatological,48.026754,UNGRD
1991-09-06 00:00:00,1991,Climatological,0.048,UNGRD
1991-10-08 00:00:00,1991,Climatological,1.053444,UNGRD
1991-11-27 00:00:00,1991,Climatological,0.054643,UNGRD
1991-11-19 00:00:00,1991,Geophysical,6.833082,UNGRD
1991-03-07 00:00:00,1991,Hydrological,5.6,UNGRD
1991-03-28 00:00:00,1991,Hydrological,0.025082,UNGRD
1991-04-03 00:00:00,1991,Hydrological,0.24,UNGRD
1991-04-16 00:00:00,1991,Hydrological,1.078526,UNGRD
1991-05-01 00:00:00,1991,Hydrological,0.451476,UNGRD
1991-05-13 00:00:00,1991,Hydrological,0.300984,UNGRD
1991-05-16 00:00:00,1991,Hydrological,4.0,UNGRD
1991-06-04 00:00:00,1991,Hydrological,2.750659,UNGRD
1991-07-05 00:00:00,1991,Hydrological,2.60328,UNGRD
1991-07-09 00:00:00,1991,Hydrological,78.25712,UNGRD
1991-07-15 00:00:00,1991,Hydrological,0.928034,UNGRD
1991-07-19 00:00:00,1991,Hydrological,16.24,UNGRD
1991-07-31 00:00:00,1991,Hydrological,0.88107,UNGRD
1991-08-07 00:00:00,1991,Hydrological,0.33082,UNGRD
1991-08-12 00:00:00,1991,Hydrological,0.62705,UNGRD
1991-08-15 00:00:00,1991,Hydrological,0.0192,UNGRD
1991-09-11 00:00:00,1991,Hydrological,0.105803,UNGRD
1991-10-10 00:00:00,1991,Hydrological,12.742555,UNGRD
1991-11-15 00:00:00,1991,Hydrological,0.193242,UNGRD
1991-11-21 00:00:00,1991,Hydrological,2.00656,UNGRD
1991-12-19 00:00:00,1991,Hydrological,0.105082,UNGRD
1991-03-02 00:00:00,1991,Meteorological,0.37623,UNGRD
1991-03-26 00:00:00,1991,Meteorological,0.201555,UNGRD
1991-04-06 00:00:00,1991,Meteorological,0.67185,UNGRD
1991-06-07 00:00:00,1991,Meteorological,0.22395,UNGRD
1991-07-04 00:00:00,1991,Meteorological,1.00328,UNGRD
1991-07-15 00:00:00,1991,Meteorological,0.25082,UNGRD
1991-07-24 00:00:00,1991,Meteorological,1.92595,UNGRD
1991-07-31 00:00:00,1991,Meteorological,0.22395,UNGRD
1991-11-12 00:00:00,1991,Meteorological,1.00328,UNGRD
1992-01-17 00:00:00,1992,Climatological,0.024,UNGRD
1992-02-05 00:00:00,1992,Climatological,0.064,UNGRD
1992-02-29 00:00:00,1992,Climatological,0.953116,UNGRD
1992-05-02 00:00:00,1992,Climatological,0.240072,UNGRD
1992-07-17 00:00:00,1992,Climatological,0.574643,UNGRD
1992-08-05 00:00:00,1992,Climatological,0.8,UNGRD
1992-08-28 00:00:00,1992,Climatological,2.182134,UNGRD
1992-10-19 00:00:00,1992,Climatological,0.451476,UNGRD
1992-11-24 00:00:00,1992,Climatological,0.225738,UNGRD
1992-12-31 00:00:00,1992,Climatological,0.025082,UNGRD
1992-10-17 00:00:00,1992,Geophysical,23.378491,UNGRD
1992-01-02 00:00:00,1992,Hydrological,4.26394,UNGRD
1992-01-25 00:00:00,1992,Hydrological,1.229018,UNGRD
1992-02-02 00:00:00,1992,Hydrological,0.050164,UNGRD
1992-02-15 00:00:00,1992,Hydrological,0.802624,UNGRD
1992-02-20 00:00:00,1992,Hydrological,2.296816,UNGRD
1992-05-04 00:00:00,1992,Hydrological,1.82395,UNGRD
1992-07-08 00:00:00,1992,Hydrological,3.310824,UNGRD
1992-08-13 00:00:00,1992,Hydrological,1.50492,UNGRD
1992-08-19 00:00:00,1992,Hydrological,0.025082,UNGRD
1992-09-16 00:00:00,1992,Hydrological,0.071664,UNGRD
1992-09-22 00:00:00,1992,Hydrological,1.97075,UNGRD
1992-11-30 00:00:00,1992,Hydrological,0.38519,UNGRD
1992-12-08 00:00:00,1992,Hydrological,0.12541,UNGRD
1992-02-13 00:00:00,1992,Meteorological,0.75246,UNGRD
1992-09-08 00:00:00,1992,Meteorological,1.780822,UNGRD
1992-10-07 00:00:00,1992,Meteorological,0.250818,UNGRD
1992-10-13 00:00:00,1992,Meteorological,0.201555,UNGRD
1992-12-13 00:00:00,1992,Meteorological,0.08958,UNGRD
1993-03-02 00:00:00,1993,Climatological,0.416,UNGRD
1993-03-26 00:00:00,1993,Climatological,0.025082,UNGRD
1993-05-01 00:00:00,1993,Climatological,0.050164,UNGRD
1993-08-05 00:00:00,1993,Climatological,1.139476,UNGRD
1993-08-23 00:00:00,1993,Climatological,0.032,UNGRD
1993-09-21 00:00:00,1993,Climatological,1.580166,UNGRD
1993-10-13 00:00:00,1993,Climatological,0.971032,UNGRD
1993-11-02 00:00:00,1993,Climatological,0.264257,UNGRD
1993-12-27 00:00:00,1993,Climatological,0.32,UNGRD
1993-07-21 00:00:00,1993,Geophysical,12.816902,UNGRD
1993-01-04 00:00:00,1993,Hydrological,0.326066,UNGRD
1993-03-15 00:00:00,1993,Hydrological,1.66079,UNGRD
1993-04-02 00:00:00,1993,Hydrological,31.202008,UNGRD
1993-04-06 00:00:00,1993,Hydrological,22.799538,UNGRD
1993-04-09 00:00:00,1993,Hydrological,2.13197,UNGRD
1993-04-15 00:00:00,1993,Hydrological,0.802624,UNGRD
1993-04-26 00:00:00,1993,Hydrological,9.033375,UNGRD
1993-05-01 00:00:00,1993,Hydrological,21.507155,UNGRD
1993-05-04 00:00:00,1993,Hydrological,1.852488,UNGRD
1993-05-07 00:00:00,1993,Hydrological,2.351439,UNGRD
1993-05-10 00:00:00,1993,Hydrological,0.304568,UNGRD
1993-05-14 00:00:00,1993,Hydrological,3.461316,UNGRD
1993-05-17 00:00:00,1993,Hydrological,8.22395,UNGRD
1993-05-26 00:00:00,1993,Hydrological,2.621072,UNGRD
1993-05-31 00:00:00,1993,Hydrological,2.46879,UNGRD
1993-06-03 00:00:00,1993,Hydrological,2.458036,UNGRD
1993-06-09 00:00:00,1993,Hydrological,2.5082,UNGRD
1993-06-15 00:00:00,1993,Hydrological,0.25082,UNGRD
1993-07-06 00:00:00,1993,Hydrological,29.935432,UNGRD
1993-07-10 00:00:00,1993,Hydrological,0.56435,UNGRD
1993-07-15 00:00:00,1993,Hydrological,2.432954,UNGRD
1993-08-02 00:00:00,1993,Hydrological,1.680494,UNGRD
1993-08-05 00:00:00,1993,Hydrological,1.605248,UNGRD
1993-08-15 00:00:00,1993,Hydrological,1.12869,UNGRD
1993-08-19 00:00:00,1993,Hydrological,2.8541,UNGRD
1993-09-01 00:00:00,1993,Hydrological,1.178854,UNGRD
1993-09-04 00:00:00,1993,Hydrological,0.150492,UNGRD
1993-09-07 00:00:00,1993,Hydrological,6.573084,UNGRD
1993-09-16 00:00:00,1993,Hydrological,0.031233,UNGRD
1993-10-04 00:00:00,1993,Hydrological,1.564028,UNGRD
1993-10-08 00:00:00,1993,Hydrological,1.222727,UNGRD
1993-10-11 00:00:00,1993,Hydrological,10.584604,UNGRD
1993-10-15 00:00:00,1993,Hydrological,1.272913,UNGRD
1993-10-20 00:00:00,1993,Hydrological,5.091646,UNGRD
1993-11-02 00:00:00,1993,Hydrological,0.098538,UNGRD
1993-11-14 00:00:00,1993,Hydrological,3.484862,UNGRD
1993-11-17 00:00:00,1993,Hydrological,3.76489,UNGRD
1993-11-20 00:00:00,1993,Hydrological,0.04,UNGRD
1993-11-24 00:00:00,1993,Hydrological,0.576886,UNGRD
1993-11-27 00:00:00,1993,Hydrological,2.236777,UNGRD
1993-12-01 00:00:00,1993,Hydrological,2.909512,UNGRD
1993-12-12 00:00:00,1993,Hydrological,1.956396,UNGRD
1993-12-17 00:00:00,1993,Hydrological,4.681388,UNGRD
1993-12-23 00:00:00,1993,Hydrological,0.275902,UNGRD
1993-02-02 00:00:00,1993,Meteorological,0.705886,UNGRD
1993-03-03 00:00:00,1993,Meteorological,1.50492,UNGRD
1993-04-02 00:00:00,1993,Meteorological,0.326066,UNGRD
1993-04-08 00:00:00,1993,Meteorological,0.225738,UNGRD
1993-05-06 00:00:00,1993,Meteorological,7.334722,UNGRD
1993-05-15 00:00:00,1993,Meteorological,1.840845,UNGRD
1993-05-30 00:00:00,1993,Meteorological,3.328774,UNGRD
1993-06-07 00:00:00,1993,Meteorological,0.526722,UNGRD
1993-06-15 00:00:00,1993,Meteorological,5.860826,UNGRD
1993-07-01 00:00:00,1993,Meteorological,6.546399,UNGRD
1993-07-08 00:00:00,1993,Meteorological,2.909512,UNGRD
1993-08-02 00:00:00,1993,Meteorological,3.829183,UNGRD
1993-08-08 00:00:00,1993,Meteorological,18.432185,UNGRD
1993-08-15 00:00:00,1993,Meteorological,7.683451,UNGRD
1993-09-03 00:00:00,1993,Meteorological,0.25082,UNGRD
1993-09-20 00:00:00,1993,Meteorological,0.004479,UNGRD
1993-10-09 00:00:00,1993,Meteorological,0.844426,UNGRD
1993-10-16 00:00:00,1993,Meteorological,6.120008,UNGRD
1993-11-22 00:00:00,1993,Meteorological,0.62705,UNGRD
1993-11-30 00:00:00,1993,Meteorological,0.702296,UNGRD
1994-01-14 00:00:00,1994,Climatological,1.094952,UNGRD
1994-02-08 00:00:00,1994,Climatological,0.150492,UNGRD
1994-03-04 00:00:00,1994,Climatological,0.727378,UNGRD
1994-05-15 00:00:00,1994,Climatological,0.326066,UNGRD
1994-08-06 00:00:00,1994,Climatological,1.744992,UNGRD
1994-09-03 00:00:00,1994,Climatological,65.08541,UNGRD
1994-09-19 00:00:00,1994,Climatological,0.32,UNGRD
1994-11-08 00:00:00,1994,Climatological,3.2,UNGRD
1994-12-26 00:00:00,1994,Climatological,4.799662,UNGRD
1994-06-06 00:00:00,1994,Geophysical,1022.848478,UNGRD
1994-06-20 00:00:00,1994,Geophysical,0.04479,UNGRD
1994-01-01 00:00:00,1994,Hydrological,0.150492,UNGRD
1994-01-15 00:00:00,1994,Hydrological,0.37623,UNGRD
1994-01-30 00:00:00,1994,Hydrological,5.396888,UNGRD
1994-02-03 00:00:00,1994,Hydrological,1.304264,UNGRD
1994-02-15 00:00:00,1994,Hydrological,1.454756,UNGRD
1994-03-01 00:00:00,1994,Hydrological,4.164412,UNGRD
1994-03-05 00:00:00,1994,Hydrological,0.426394,UNGRD
1994-03-09 00:00:00,1994,Hydrological,6.471156,UNGRD
1994-03-15 00:00:00,1994,Hydrological,1.877214,UNGRD
1994-03-29 00:00:00,1994,Hydrological,1.7916,UNGRD
1994-04-01 00:00:00,1994,Hydrological,16.066156,UNGRD
1994-04-04 00:00:00,1994,Hydrological,17.483869,UNGRD
1994-04-07 00:00:00,1994,Hydrological,6.044762,UNGRD
1994-04-15 00:00:00,1994,Hydrological,11.91395,UNGRD
1994-04-20 00:00:00,1994,Hydrological,0.048,UNGRD
1994-04-23 00:00:00,1994,Hydrological,0.029561,UNGRD
1994-04-26 00:00:00,1994,Hydrological,0.31711,UNGRD
1994-04-29 00:00:00,1994,Hydrological,2.988284,UNGRD
1994-05-03 00:00:00,1994,Hydrological,3.962955,UNGRD
1994-05-06 00:00:00,1994,Hydrological,4.539842,UNGRD
1994-05-09 00:00:00,1994,Hydrological,1.103608,UNGRD
1994-05-15 00:00:00,1994,Hydrological,5.743778,UNGRD
1994-05-18 00:00:00,1994,Hydrological,0.17916,UNGRD
1994-05-23 00:00:00,1994,Hydrological,0.050164,UNGRD
1994-05-30 00:00:00,1994,Hydrological,0.058227,UNGRD
1994-06-06 00:00:00,1994,Hydrological,0.25082,UNGRD
1994-06-09 00:00:00,1994,Hydrological,0.150492,UNGRD
1994-06-12 00:00:00,1994,Hydrological,0.025082,UNGRD
1994-06-15 00:00:00,1994,Hydrological,0.100328,UNGRD
1994-06-18 00:00:00,1994,Hydrological,0.08,UNGRD
1994-06-23 00:00:00,1994,Hydrological,0.100328,UNGRD
1994-07-02 00:00:00,1994,Hydrological,0.050164,UNGRD
1994-07-05 00:00:00,1994,Hydrological,3.561644,UNGRD
1994-07-14 00:00:00,1994,Hydrological,4.89099,UNGRD
1994-07-21 00:00:00,1994,Hydrological,1.28,UNGRD
1994-08-03 00:00:00,1994,Hydrological,0.50164,UNGRD
1994-08-08 00:00:00,1994,Hydrological,4.89099,UNGRD
1994-08-23 00:00:00,1994,Hydrological,0.412068,UNGRD
1994-09-04 00:00:00,1994,Hydrological,41.169914,UNGRD
1994-09-08 00:00:00,1994,Hydrological,0.326066,UNGRD
1994-09-15 00:00:00,1994,Hydrological,10.358866,UNGRD
1994-10-02 00:00:00,1994,Hydrological,0.75246,UNGRD
1994-10-06 00:00:00,1994,Hydrological,0.150492,UNGRD
1994-10-13 00:00:00,1994,Hydrological,7.875748,UNGRD
1994-10-17 00:00:00,1994,Hydrological,35.30011,UNGRD
1994-10-20 00:00:00,1994,Hydrological,2.608528,UNGRD
1994-10-23 00:00:00,1994,Hydrological,6.35702,UNGRD
1994-10-26 00:00:00,1994,Hydrological,5.952497,UNGRD
1994-10-29 00:00:00,1994,Hydrological,0.100328,UNGRD
1994-11-01 00:00:00,1994,Hydrological,0.225738,UNGRD
1994-11-04 00:00:00,1994,Hydrological,0.100328,UNGRD
1994-11-08 00:00:00,1994,Hydrological,3.526066,UNGRD
1994-11-18 00:00:00,1994,Hydrological,0.476558,UNGRD
1994-11-22 00:00:00,1994,Hydrological,18.5082,UNGRD
1994-11-25 00:00:00,1994,Hydrological,15.776578,UNGRD
1994-11-28 00:00:00,1994,Hydrological,2.154428,UNGRD
1994-12-01 00:00:00,1994,Hydrological,1.37951,UNGRD
1994-12-04 00:00:00,1994,Hydrological,0.175574,UNGRD
1994-12-10 00:00:00,1994,Hydrological,0.225738,UNGRD
1994-01-28 00:00:00,1994,Meteorological,0.111975,UNGRD
1994-02-04 00:00:00,1994,Meteorological,7.825584,UNGRD
1994-02-18 00:00:00,1994,Meteorological,0.080622,UNGRD
1994-03-01 00:00:00,1994,Meteorological,12.089524,UNGRD
1994-03-22 00:00:00,1994,Meteorological,1.27203,UNGRD
1994-04-01 00:00:00,1994,Meteorological,9.054602,UNGRD
1994-04-07 00:00:00,1994,Meteorological,3.083298,UNGRD
1994-04-15 00:00:00,1994,Meteorological,1.12869,UNGRD
1994-05-01 00:00:00,1994,Meteorological,2.207216,UNGRD
1994-05-15 00:00:00,1994,Meteorological,1.031804,UNGRD
1994-05-24 00:00:00,1994,Meteorological,0.539167,UNGRD
1994-06-03 00:00:00,1994,Meteorological,0.041803,UNGRD
1994-07-04 00:00:00,1994,Meteorological,2.784102,UNGRD
1994-07-15 00:00:00,1994,Meteorological,3.210496,UNGRD
1994-08-03 00:00:00,1994,Meteorological,2.38279,UNGRD
1994-08-15 00:00:00,1994,Meteorological,1.530002,UNGRD
1994-09-03 00:00:00,1994,Meteorological,2.558364,UNGRD
1994-09-15 00:00:00,1994,Meteorological,3.285742,UNGRD
1994-10-04 00:00:00,1994,Meteorological,2.5082,UNGRD
1994-10-18 00:00:00,1994,Meteorological,0.978198,UNGRD
1994-11-05 00:00:00,1994,Meteorological,0.175574,UNGRD
1994-11-15 00:00:00,1994,Meteorological,0.300984,UNGRD
1995-01-11 00:00:00,1995,Climatological,0.186324,UNGRD
1995-02-13 00:00:00,1995,Climatological,21.642669,UNGRD
1995-04-20 00:00:00,1995,Climatological,1.244852,UNGRD
1995-06-05 00:00:00,1995,Climatological,0.150492,UNGRD
1995-07-17 00:00:00,1995,Climatological,0.275902,UNGRD
1995-08-24 00:00:00,1995,Climatological,0.414749,UNGRD
1995-09-09 00:00:00,1995,Climatological,0.25082,UNGRD
1995-10-26 00:00:00,1995,Climatological,0.091967,UNGRD
1995-11-25 00:00:00,1995,Climatological,0.75246,UNGRD
1995-01-19 00:00:00,1995,Geophysical,26.684195,UNGRD
1995-02-08 00:00:00,1995,Geophysical,34.768135,UNGRD
1995-03-04 00:00:00,1995,Geophysical,6.288473,UNGRD
1995-08-19 00:00:00,1995,Geophysical,1.700088,UNGRD
1995-02-27 00:00:00,1995,Hydrological,0.087788,UNGRD
1995-03-13 00:00:00,1995,Hydrological,0.049269,UNGRD
1995-03-21 00:00:00,1995,Hydrological,1.2541,UNGRD
1995-03-29 00:00:00,1995,Hydrological,2.953027,UNGRD
1995-04-02 00:00:00,1995,Hydrological,0.052361,UNGRD
1995-04-09 00:00:00,1995,Hydrological,0.506923,UNGRD
1995-04-13 00:00:00,1995,Hydrological,0.056435,UNGRD
1995-04-17 00:00:00,1995,Hydrological,2.722028,UNGRD
1995-04-20 00:00:00,1995,Hydrological,0.195447,UNGRD
1995-04-24 00:00:00,1995,Hydrological,0.054548,UNGRD
1995-04-27 00:00:00,1995,Hydrological,0.111975,UNGRD
1995-04-30 00:00:00,1995,Hydrological,2.45625,UNGRD
1995-05-09 00:00:00,1995,Hydrological,0.441825,UNGRD
1995-05-15 00:00:00,1995,Hydrological,0.852699,UNGRD
1995-05-19 00:00:00,1995,Hydrological,0.381606,UNGRD
1995-05-22 00:00:00,1995,Hydrological,0.040119,UNGRD
1995-06-01 00:00:00,1995,Hydrological,5.34393,UNGRD
1995-06-06 00:00:00,1995,Hydrological,2.035225,UNGRD
1995-06-10 00:00:00,1995,Hydrological,0.188118,UNGRD
1995-06-13 00:00:00,1995,Hydrological,5.82353,UNGRD
1995-06-16 00:00:00,1995,Hydrological,0.852788,UNGRD
1995-06-19 00:00:00,1995,Hydrological,1.385781,UNGRD
1995-06-24 00:00:00,1995,Hydrological,0.768592,UNGRD
1995-07-01 00:00:00,1995,Hydrological,4.313142,UNGRD
1995-07-05 00:00:00,1995,Hydrological,4.075949,UNGRD
1995-07-17 00:00:00,1995,Hydrological,3.057941,UNGRD
1995-07-21 00:00:00,1995,Hydrological,1.14024,UNGRD
1995-07-24 00:00:00,1995,Hydrological,0.25879,UNGRD
1995-07-27 00:00:00,1995,Hydrological,10.194549,UNGRD
1995-07-31 00:00:00,1995,Hydrological,11.706735,UNGRD
1995-08-03 00:00:00,1995,Hydrological,1.446205,UNGRD
1995-08-09 00:00:00,1995,Hydrological,34.904571,UNGRD
1995-08-12 00:00:00,1995,Hydrological,0.46364,UNGRD
1995-08-15 00:00:00,1995,Hydrological,16.84294,UNGRD
1995-08-18 00:00:00,1995,Hydrological,26.438183,UNGRD
1995-08-21 00:00:00,1995,Hydrological,26.786436,UNGRD
1995-08-24 00:00:00,1995,Hydrological,12.514824,UNGRD
1995-08-27 00:00:00,1995,Hydrological,103.71368,UNGRD
1995-08-30 00:00:00,1995,Hydrological,39.805712,UNGRD
1995-09-05 00:00:00,1995,Hydrological,0.574798,UNGRD
1995-09-08 00:00:00,1995,Hydrological,1.264682,UNGRD
1995-09-11 00:00:00,1995,Hydrological,4.080094,UNGRD
1995-09-14 00:00:00,1995,Hydrological,2.418624,UNGRD
1995-09-19 00:00:00,1995,Hydrological,0.228138,UNGRD
1995-09-22 00:00:00,1995,Hydrological,1.190791,UNGRD
1995-09-25 00:00:00,1995,Hydrological,4.345512,UNGRD
1995-09-30 00:00:00,1995,Hydrological,0.75246,UNGRD
1995-10-05 00:00:00,1995,Hydrological,0.553602,UNGRD
1995-10-08 00:00:00,1995,Hydrological,2.535741,UNGRD
1995-10-12 00:00:00,1995,Hydrological,4.512493,UNGRD
1995-10-15 00:00:00,1995,Hydrological,6.918646,UNGRD
1995-10-18 00:00:00,1995,Hydrological,0.711215,UNGRD
1995-10-23 00:00:00,1995,Hydrological,22.782549,UNGRD
1995-10-26 00:00:00,1995,Hydrological,16.676303,UNGRD
1995-10-29 00:00:00,1995,Hydrological,4.266051,UNGRD
1995-11-03 00:00:00,1995,Hydrological,0.077038,UNGRD
1995-11-09 00:00:00,1995,Hydrological,1.097355,UNGRD
1995-11-12 00:00:00,1995,Hydrological,0.503434,UNGRD
1995-11-22 00:00:00,1995,Hydrological,0.35832,UNGRD
1995-12-11 00:00:00,1995,Hydrological,3.5832,UNGRD
1995-12-24 00:00:00,1995,Hydrological,0.25082,UNGRD
1995-12-29 00:00:00,1995,Hydrological,0.779214,UNGRD
1995-01-20 00:00:00,1995,Meteorological,0.309048,UNGRD
1995-02-18 00:00:00,1995,Meteorological,2.565531,UNGRD
1995-03-27 00:00:00,1995,Meteorological,0.114362,UNGRD
1995-04-09 00:00:00,1995,Meteorological,0.749482,UNGRD
1995-04-18 00:00:00,1995,Meteorological,1.415231,UNGRD
1995-05-01 00:00:00,1995,Meteorological,1.888329,UNGRD
1995-06-18 00:00:00,1995,Meteorological,3.865341,UNGRD
1995-07-05 00:00:00,1995,Meteorological,3.324878,UNGRD
1995-07-19 00:00:00,1995,Meteorological,0.200656,UNGRD
1995-08-06 00:00:00,1995,Meteorological,0.671243,UNGRD
1995-08-14 00:00:00,1995,Meteorological,0.372352,UNGRD
1995-09-03 00:00:00,1995,Meteorological,0.376236,UNGRD
1995-09-10 00:00:00,1995,Meteorological,1.396801,UNGRD
1995-09-18 00:00:00,1995,Meteorological,0.501861,UNGRD
1995-09-27 00:00:00,1995,Meteorological,0.292622,UNGRD
1995-10-03 00:00:00,1995,Meteorological,1.345178,UNGRD
1996-01-01 00:00:00,1996,Climatological,0.200656,UNGRD
1996-01-22 00:00:00,1996,Climatological,10.745082,UNGRD
1996-02-12 00:00:00,1996,Climatological,0.493279,UNGRD
1996-03-18 00:00:00,1996,Climatological,8.139246,UNGRD
1996-04-20 00:00:00,1996,Climatological,0.15945,UNGRD
1996-05-08 00:00:00,1996,Climatological,0.200656,UNGRD
1996-07-03 00:00:00,1996,Climatological,0.75246,UNGRD
1996-08-02 00:00:00,1996,Climatological,0.088683,UNGRD
1996-08-29 00:00:00,1996,Climatological,0.275902,UNGRD
1996-09-20 00:00:00,1996,Climatological,0.075246,UNGRD
1996-10-07 00:00:00,1996,Climatological,0.075246,UNGRD
1996-01-14 00:00:00,1996,Hydrological,0.094954,UNGRD
1996-01-21 00:00:00,1996,Hydrological,0.468197,UNGRD
1996-02-01 00:00:00,1996,Hydrological,0.391459,UNGRD
1996-02-05 00:00:00,1996,Hydrological,1.367579,UNGRD
1996-02-08 00:00:00,1996,Hydrological,0.616603,UNGRD
1996-02-11 00:00:00,1996,Hydrological,0.847116,UNGRD
1996-02-14 00:00:00,1996,Hydrological,0.04479,UNGRD
1996-02-17 00:00:00,1996,Hydrological,2.537672,UNGRD
1996-02-20 00:00:00,1996,Hydrological,1.872538,UNGRD
1996-02-23 00:00:00,1996,Hydrological,0.483333,UNGRD
1996-02-26 00:00:00,1996,Hydrological,0.22395,UNGRD
1996-03-01 00:00:00,1996,Hydrological,0.55348,UNGRD
1996-03-05 00:00:00,1996,Hydrological,1.467312,UNGRD
1996-03-08 00:00:00,1996,Hydrological,1.223354,UNGRD
1996-03-11 00:00:00,1996,Hydrological,6.647417,UNGRD
1996-03-14 00:00:00,1996,Hydrological,11.19392,UNGRD
1996-03-17 00:00:00,1996,Hydrological,2.605985,UNGRD
1996-03-20 00:00:00,1996,Hydrological,1.052555,UNGRD
1996-03-24 00:00:00,1996,Hydrological,0.12541,UNGRD
1996-04-01 00:00:00,1996,Hydrological,2.232841,UNGRD
1996-04-08 00:00:00,1996,Hydrological,0.407586,UNGRD
1996-04-12 00:00:00,1996,Hydrological,2.27036,UNGRD
1996-04-15 00:00:00,1996,Hydrological,5.219357,UNGRD
1996-04-18 00:00:00,1996,Hydrological,0.125412,UNGRD
1996-04-21 00:00:00,1996,Hydrological,1.120219,UNGRD
1996-04-25 00:00:00,1996,Hydrological,0.151389,UNGRD
1996-05-02 00:00:00,1996,Hydrological,0.946217,UNGRD
1996-05-06 00:00:00,1996,Hydrological,0.337413,UNGRD
1996-05-09 00:00:00,1996,Hydrological,0.641683,UNGRD
1996-05-12 00:00:00,1996,Hydrological,7.051822,UNGRD
1996-05-15 00:00:00,1996,Hydrological,47.158482,UNGRD
1996-05-18 00:00:00,1996,Hydrological,4.29446,UNGRD
1996-05-21 00:00:00,1996,Hydrological,6.153758,UNGRD
1996-05-25 00:00:00,1996,Hydrological,1.079131,UNGRD
1996-05-28 00:00:00,1996,Hydrological,1.036129,UNGRD
1996-05-31 00:00:00,1996,Hydrological,3.85544,UNGRD
1996-06-03 00:00:00,1996,Hydrological,6.67211,UNGRD
1996-06-06 00:00:00,1996,Hydrological,0.297555,UNGRD
1996-06-11 00:00:00,1996,Hydrological,1.424322,UNGRD
1996-06-17 00:00:00,1996,Hydrological,3.710706,UNGRD
1996-06-20 00:00:00,1996,Hydrological,1.56765,UNGRD
1996-06-24 00:00:00,1996,Hydrological,30.774224,UNGRD
1996-07-01 00:00:00,1996,Hydrological,64.383345,UNGRD
1996-07-04 00:00:00,1996,Hydrological,196.286522,UNGRD
1996-07-07 00:00:00,1996,Hydrological,36.085096,UNGRD
1996-07-10 00:00:00,1996,Hydrological,46.166606,UNGRD
1996-07-15 00:00:00,1996,Hydrological,20.240555,UNGRD
1996-07-18 00:00:00,1996,Hydrological,2.446607,UNGRD
1996-07-21 00:00:00,1996,Hydrological,36.788104,UNGRD
1996-07-24 00:00:00,1996,Hydrological,21.98767,UNGRD
1996-07-27 00:00:00,1996,Hydrological,0.76668,UNGRD
1996-07-30 00:00:00,1996,Hydrological,7.550661,UNGRD
1996-08-04 00:00:00,1996,Hydrological,5.295875,UNGRD
1996-08-08 00:00:00,1996,Hydrological,1.451464,UNGRD
1996-08-12 00:00:00,1996,Hydrological,0.814281,UNGRD
1996-08-16 00:00:00,1996,Hydrological,0.186324,UNGRD
1996-08-22 00:00:00,1996,Hydrological,0.253511,UNGRD
1996-08-25 00:00:00,1996,Hydrological,0.785313,UNGRD
1996-08-28 00:00:00,1996,Hydrological,0.53568,UNGRD
1996-09-01 00:00:00,1996,Hydrological,5.348426,UNGRD
1996-09-04 00:00:00,1996,Hydrological,0.599386,UNGRD
1996-09-16 00:00:00,1996,Hydrological,0.589733,UNGRD
1996-09-21 00:00:00,1996,Hydrological,0.035832,UNGRD
1996-09-24 00:00:00,1996,Hydrological,0.175574,UNGRD
1996-09-30 00:00:00,1996,Hydrological,0.140639,UNGRD
1996-10-09 00:00:00,1996,Hydrological,0.879965,UNGRD
1996-10-12 00:00:00,1996,Hydrological,7.692607,UNGRD
1996-10-15 00:00:00,1996,Hydrological,4.230556,UNGRD
1996-10-18 00:00:00,1996,Hydrological,4.111083,UNGRD
1996-10-21 00:00:00,1996,Hydrological,0.45297,UNGRD
1996-10-25 00:00:00,1996,Hydrological,5.1764,UNGRD
1996-10-28 00:00:00,1996,Hydrological,0.728885,UNGRD
1996-11-01 00:00:00,1996,Hydrological,1.772467,UNGRD
1996-11-07 00:00:00,1996,Hydrological,5.56283,UNGRD
1996-11-12 00:00:00,1996,Hydrological,0.082164,UNGRD
1996-11-18 00:00:00,1996,Hydrological,10.247839,UNGRD
1996-11-22 00:00:00,1996,Hydrological,0.242761,UNGRD
1996-11-29 00:00:00,1996,Hydrological,2.409676,UNGRD
1996-12-03 00:00:00,1996,Hydrological,3.458653,UNGRD
1996-12-06 00:00:00,1996,Hydrological,0.265082,UNGRD
1996-02-01 00:00:00,1996,Meteorological,1.140346,UNGRD
1996-02-12 00:00:00,1996,Meteorological,2.529528,UNGRD
1996-02-21 00:00:00,1996,Meteorological,0.967461,UNGRD
1996-02-27 00:00:00,1996,Meteorological,0.7032,UNGRD
1996-03-11 00:00:00,1996,Meteorological,0.035832,UNGRD
1996-03-21 00:00:00,1996,Meteorological,0.335925,UNGRD
1996-04-09 00:00:00,1996,Meteorological,0.143328,UNGRD
1996-04-15 00:00:00,1996,Meteorological,0.927739,UNGRD
1996-05-06 00:00:00,1996,Meteorological,1.213793,UNGRD
1996-05-12 00:00:00,1996,Meteorological,8.568833,UNGRD
1996-05-18 00:00:00,1996,Meteorological,1.062118,UNGRD
1996-05-31 00:00:00,1996,Meteorological,0.149597,UNGRD
1996-06-10 00:00:00,1996,Meteorological,0.286653,UNGRD
1996-06-20 00:00:00,1996,Meteorological,0.113467,UNGRD
1996-06-27 00:00:00,1996,Meteorological,0.801741,UNGRD
1996-07-04 00:00:00,1996,Meteorological,0.622579,UNGRD
1996-07-15 00:00:00,1996,Meteorological,0.371755,UNGRD
1996-07-27 00:00:00,1996,Meteorological,5.06874,UNGRD
1996-08-02 00:00:00,1996,Meteorological,0.163631,UNGRD
1996-08-12 00:00:00,1996,Meteorological,0.094059,UNGRD
1996-08-24 00:00:00,1996,Meteorological,0.958491,UNGRD
1996-09-01 00:00:00,1996,Meteorological,1.861761,UNGRD
1996-09-08 00:00:00,1996,Meteorological,0.041803,UNGRD
1996-09-17 00:00:00,1996,Meteorological,3.484662,UNGRD
1996-09-24 00:00:00,1996,Meteorological,0.120036,UNGRD
1996-10-08 00:00:00,1996,Meteorological,0.271127,UNGRD
1996-11-01 00:00:00,1996,Meteorological,0.083606,UNGRD
1996-11-07 00:00:00,1996,Meteorological,0.37623,UNGRD
1996-11-14 00:00:00,1996,Meteorological,0.855485,UNGRD
1997-01-04 00:00:00,1997,Climatological,1.906232,UNGRD
1997-03-05 00:00:00,1997,Climatological,16.041082,UNGRD
1997-03-25 00:00:00,1997,Climatological,10.975024,UNGRD
1997-06-18 00:00:00,1997,Climatological,0.04204,UNGRD
1997-07-04 00:00:00,1997,Climatological,0.451476,UNGRD
1997-07-22 00:00:00,1997,Climatological,1.537692,UNGRD
1997-08-07 00:00:00,1997,Climatological,5.7024,UNGRD
1997-08-23 00:00:00,1997,Climatological,12.354727,UNGRD
1997-09-18 00:00:00,1997,Climatological,9.164588,UNGRD
1997-10-27 00:00:00,1997,Climatological,4.961266,UNGRD
1997-11-30 00:00:00,1997,Climatological,0.13501,UNGRD
1997-12-24 00:00:00,1997,Climatological,0.128,UNGRD
1997-03-10 00:00:00,1997,Geophysical,0.727378,UNGRD
1997-09-02 00:00:00,1997,Geophysical,0.295312,UNGRD
1997-01-02 00:00:00,1997,Hydrological,1.808611,UNGRD
1997-01-05 00:00:00,1997,Hydrological,1.150193,UNGRD
1997-01-10 00:00:00,1997,Hydrological,0.152286,UNGRD
1997-01-16 00:00:00,1997,Hydrological,11.300154,UNGRD
1997-01-20 00:00:00,1997,Hydrological,4.964839,UNGRD
1997-01-23 00:00:00,1997,Hydrological,1.867121,UNGRD
1997-01-26 00:00:00,1997,Hydrological,4.134378,UNGRD
1997-01-30 00:00:00,1997,Hydrological,2.048672,UNGRD
1997-02-04 00:00:00,1997,Hydrological,0.626104,UNGRD
1997-02-11 00:00:00,1997,Hydrological,1.805904,UNGRD
1997-02-14 00:00:00,1997,Hydrological,1.329346,UNGRD
1997-02-25 00:00:00,1997,Hydrological,0.50164,UNGRD
1997-03-02 00:00:00,1997,Hydrological,7.621007,UNGRD
1997-03-05 00:00:00,1997,Hydrological,5.592948,UNGRD
1997-03-10 00:00:00,1997,Hydrological,0.201555,UNGRD
1997-03-13 00:00:00,1997,Hydrological,2.35412,UNGRD
1997-03-18 00:00:00,1997,Hydrological,3.604125,UNGRD
1997-03-21 00:00:00,1997,Hydrological,0.699312,UNGRD
1997-03-29 00:00:00,1997,Hydrological,0.727378,UNGRD
1997-04-02 00:00:00,1997,Hydrological,0.041803,UNGRD
1997-04-08 00:00:00,1997,Hydrological,0.723424,UNGRD
1997-04-22 00:00:00,1997,Hydrological,0.104509,UNGRD
1997-04-26 00:00:00,1997,Hydrological,0.058227,UNGRD
1997-04-30 00:00:00,1997,Hydrological,0.168408,UNGRD
1997-05-06 00:00:00,1997,Hydrological,0.367571,UNGRD
1997-05-22 00:00:00,1997,Hydrological,0.218574,UNGRD
1997-05-27 00:00:00,1997,Hydrological,8.658503,UNGRD
1997-05-31 00:00:00,1997,Hydrological,0.22395,UNGRD
1997-06-04 00:00:00,1997,Hydrological,0.353841,UNGRD
1997-06-12 00:00:00,1997,Hydrological,0.541955,UNGRD
1997-06-17 00:00:00,1997,Hydrological,3.298318,UNGRD
1997-06-23 00:00:00,1997,Hydrological,0.131383,UNGRD
1997-07-01 00:00:00,1997,Hydrological,0.348762,UNGRD
1997-07-04 00:00:00,1997,Hydrological,22.380221,UNGRD
1997-07-10 00:00:00,1997,Hydrological,0.503934,UNGRD
1997-07-14 00:00:00,1997,Hydrological,0.08,UNGRD
1997-07-20 00:00:00,1997,Hydrological,0.08958,UNGRD
1997-07-23 00:00:00,1997,Hydrological,0.050164,UNGRD
1997-07-29 00:00:00,1997,Hydrological,0.1702,UNGRD
1997-08-01 00:00:00,1997,Hydrological,1.485337,UNGRD
1997-08-04 00:00:00,1997,Hydrological,0.013437,UNGRD
1997-08-07 00:00:00,1997,Hydrological,0.17916,UNGRD
1997-08-12 00:00:00,1997,Hydrological,4.808958,UNGRD
1997-08-21 00:00:00,1997,Hydrological,0.426394,UNGRD
1997-08-25 00:00:00,1997,Hydrological,0.013437,UNGRD
1997-09-16 00:00:00,1997,Hydrological,16.307815,UNGRD
1997-10-01 00:00:00,1997,Hydrological,0.18931,UNGRD
1997-10-06 00:00:00,1997,Hydrological,0.726185,UNGRD
1997-10-09 00:00:00,1997,Hydrological,0.12362,UNGRD
1997-10-13 00:00:00,1997,Hydrological,2.49147,UNGRD
1997-10-16 00:00:00,1997,Hydrological,2.029858,UNGRD
1997-10-22 00:00:00,1997,Hydrological,0.049269,UNGRD
1997-11-01 00:00:00,1997,Hydrological,0.697725,UNGRD
1997-11-10 00:00:00,1997,Hydrological,0.167215,UNGRD
1997-11-14 00:00:00,1997,Hydrological,0.065393,UNGRD
1997-11-29 00:00:00,1997,Hydrological,0.54106,UNGRD
1997-12-18 00:00:00,1997,Hydrological,0.37623,UNGRD
1997-01-11 00:00:00,1997,Meteorological,0.084204,UNGRD
1997-03-13 00:00:00,1997,Meteorological,1.356927,UNGRD
1997-03-31 00:00:00,1997,Meteorological,0.432965,UNGRD
1997-04-16 00:00:00,1997,Meteorological,0.174681,UNGRD
1997-05-08 00:00:00,1997,Meteorological,0.25082,UNGRD
1997-06-01 00:00:00,1997,Meteorological,0.583458,UNGRD
1997-06-13 00:00:00,1997,Meteorological,0.190803,UNGRD
1997-07-01 00:00:00,1997,Meteorological,3.61136,UNGRD
1997-07-08 00:00:00,1997,Meteorological,0.176173,UNGRD
1997-07-16 00:00:00,1997,Meteorological,0.454594,UNGRD
1997-07-23 00:00:00,1997,Meteorological,0.229921,UNGRD
1997-08-01 00:00:00,1997,Meteorological,1.697061,UNGRD
1997-08-08 00:00:00,1997,Meteorological,0.08958,UNGRD
1997-08-16 00:00:00,1997,Meteorological,0.560478,UNGRD
1997-08-22 00:00:00,1997,Meteorological,2.548545,UNGRD
1997-09-01 00:00:00,1997,Meteorological,5.107781,UNGRD
1997-09-09 00:00:00,1997,Meteorological,1.094354,UNGRD
1997-09-18 00:00:00,1997,Meteorological,0.167212,UNGRD
1997-09-30 00:00:00,1997,Meteorological,0.479253,UNGRD
1997-10-08 00:00:00,1997,Meteorological,0.63064,UNGRD
1997-10-15 00:00:00,1997,Meteorological,0.494176,UNGRD
1997-11-07 00:00:00,1997,Meteorological,0.220963,UNGRD
1997-11-14 00:00:00,1997,Meteorological,0.291135,UNGRD
1997-12-13 00:00:00,1997,Meteorological,0.197076,UNGRD
1997-12-29 00:00:00,1997,Meteorological,0.008958,UNGRD
1998-01-18 00:00:00,1998,Climatological,46.155338,UNGRD
1998-02-13 00:00:00,1998,Climatological,307.072,UNGRD
1998-03-02 00:00:00,1998,Climatological,0.727594,UNGRD
1998-03-19 00:00:00,1998,Climatological,432.976,UNGRD
1998-06-01 00:00:00,1998,Climatological,0.827706,UNGRD
1998-07-12 00:00:00,1998,Climatological,1.00328,UNGRD
1998-07-29 00:00:00,1998,Climatological,0.025082,UNGRD
1998-08-17 00:00:00,1998,Climatological,0.451476,UNGRD
1998-10-17 00:00:00,1998,Climatological,0.134368,UNGRD
1998-11-27 00:00:00,1998,Climatological,0.12541,UNGRD
1998-01-06 00:00:00,1998,Hydrological,0.004479,UNGRD
1998-01-14 00:00:00,1998,Hydrological,0.042998,UNGRD
1998-01-18 00:00:00,1998,Hydrological,0.292623,UNGRD
1998-01-28 00:00:00,1998,Hydrological,3.123649,UNGRD
1998-02-01 00:00:00,1998,Hydrological,0.501292,UNGRD
1998-02-08 00:00:00,1998,Hydrological,0.728917,UNGRD
1998-02-23 00:00:00,1998,Hydrological,0.150492,UNGRD
1998-03-01 00:00:00,1998,Hydrological,0.329557,UNGRD
1998-03-04 00:00:00,1998,Hydrological,0.75246,UNGRD
1998-03-20 00:00:00,1998,Hydrological,0.62705,UNGRD
1998-04-06 00:00:00,1998,Hydrological,0.089996,UNGRD
1998-04-13 00:00:00,1998,Hydrological,0.025082,UNGRD
1998-04-16 00:00:00,1998,Hydrological,0.863034,UNGRD
1998-04-19 00:00:00,1998,Hydrological,1.552678,UNGRD
1998-04-24 00:00:00,1998,Hydrological,0.562562,UNGRD
1998-04-30 00:00:00,1998,Hydrological,0.717431,UNGRD
1998-05-03 00:00:00,1998,Hydrological,1.040119,UNGRD
1998-05-06 00:00:00,1998,Hydrological,12.189435,UNGRD
1998-05-11 00:00:00,1998,Hydrological,0.072464,UNGRD
1998-05-14 00:00:00,1998,Hydrological,5.165843,UNGRD
1998-05-17 00:00:00,1998,Hydrological,0.409284,UNGRD
1998-05-26 00:00:00,1998,Hydrological,0.4,UNGRD
1998-05-29 00:00:00,1998,Hydrological,1.22196,UNGRD
1998-06-01 00:00:00,1998,Hydrological,2.289902,UNGRD
1998-06-04 00:00:00,1998,Hydrological,0.651421,UNGRD
1998-06-08 00:00:00,1998,Hydrological,1.003296,UNGRD
1998-06-12 00:00:00,1998,Hydrological,0.246345,UNGRD
1998-06-23 00:00:00,1998,Hydrological,0.169305,UNGRD
1998-06-28 00:00:00,1998,Hydrological,4.1744,UNGRD
1998-07-01 00:00:00,1998,Hydrological,1.584547,UNGRD
1998-07-06 00:00:00,1998,Hydrological,4.683482,UNGRD
1998-07-09 00:00:00,1998,Hydrological,1.56765,UNGRD
1998-07-13 00:00:00,1998,Hydrological,5.87816,UNGRD
1998-07-23 00:00:00,1998,Hydrological,0.064198,UNGRD
1998-08-01 00:00:00,1998,Hydrological,7.378632,UNGRD
1998-08-07 00:00:00,1998,Hydrological,0.391803,UNGRD
1998-08-28 00:00:00,1998,Hydrological,2.779053,UNGRD
1998-08-31 00:00:00,1998,Hydrological,0.239975,UNGRD
1998-09-04 00:00:00,1998,Hydrological,1.47144,UNGRD
1998-09-10 00:00:00,1998,Hydrological,0.75832,UNGRD
1998-09-21 00:00:00,1998,Hydrological,2.327053,UNGRD
1998-09-30 00:00:00,1998,Hydrological,1.2541,UNGRD
1998-10-05 00:00:00,1998,Hydrological,2.217968,UNGRD
1998-10-10 00:00:00,1998,Hydrological,0.217976,UNGRD
1998-10-15 00:00:00,1998,Hydrological,0.60556,UNGRD
1998-10-20 00:00:00,1998,Hydrological,10.201703,UNGRD
1998-10-23 00:00:00,1998,Hydrological,4.502938,UNGRD
1998-10-26 00:00:00,1998,Hydrological,3.35469,UNGRD
1998-10-29 00:00:00,1998,Hydrological,2.045167,UNGRD
1998-11-03 00:00:00,1998,Hydrological,0.355441,UNGRD
1998-11-07 00:00:00,1998,Hydrological,2.984694,UNGRD
1998-11-10 00:00:00,1998,Hydrological,0.942976,UNGRD
1998-11-17 00:00:00,1998,Hydrological,3.616321,UNGRD
1998-11-20 00:00:00,1998,Hydrological,2.41434,UNGRD
1998-11-25 00:00:00,1998,Hydrological,0.013437,UNGRD
1998-11-29 00:00:00,1998,Hydrological,3.572941,UNGRD
1998-12-02 00:00:00,1998,Hydrological,0.647357,UNGRD
1998-12-05 00:00:00,1998,Hydrological,0.15037,UNGRD
1998-12-08 00:00:00,1998,Hydrological,0.452379,UNGRD
1998-12-12 00:00:00,1998,Hydrological,0.038519,UNGRD
1998-12-15 00:00:00,1998,Hydrological,1.680502,UNGRD
1998-12-18 00:00:00,1998,Hydrological,0.201555,UNGRD
1998-02-06 00:00:00,1998,Meteorological,0.041803,UNGRD
1998-02-23 00:00:00,1998,Meteorological,0.197076,UNGRD
1998-03-01 00:00:00,1998,Meteorological,1.926543,UNGRD
1998-03-07 00:00:00,1998,Meteorological,1.234703,UNGRD
1998-03-20 00:00:00,1998,Meteorological,1.921463,UNGRD
1998-03-26 00:00:00,1998,Meteorological,0.053748,UNGRD
1998-04-01 00:00:00,1998,Meteorological,2.185743,UNGRD
1998-04-16 00:00:00,1998,Meteorological,0.275604,UNGRD
1998-04-29 00:00:00,1998,Meteorological,2.340316,UNGRD
1998-05-06 00:00:00,1998,Meteorological,0.601866,UNGRD
1998-06-06 00:00:00,1998,Meteorological,0.135862,UNGRD
1998-06-22 00:00:00,1998,Meteorological,0.242761,UNGRD
1998-06-29 00:00:00,1998,Meteorological,0.591222,UNGRD
1998-07-13 00:00:00,1998,Meteorological,0.243358,UNGRD
1998-07-29 00:00:00,1998,Meteorological,0.496869,UNGRD
1998-08-06 00:00:00,1998,Meteorological,0.58973,UNGRD
1998-08-18 00:00:00,1998,Meteorological,0.438942,UNGRD
1998-08-29 00:00:00,1998,Meteorological,2.133349,UNGRD
1998-09-07 00:00:00,1998,Meteorological,0.507496,UNGRD
1998-09-14 00:00:00,1998,Meteorological,0.780533,UNGRD
1998-10-02 00:00:00,1998,Meteorological,0.309051,UNGRD
1998-10-12 00:00:00,1998,Meteorological,0.328457,UNGRD
1998-10-29 00:00:00,1998,Meteorological,0.248432,UNGRD
1998-11-05 00:00:00,1998,Meteorological,0.035832,UNGRD
1998-11-15 00:00:00,1998,Meteorological,0.26874,UNGRD
1998-11-30 00:00:00,1998,Meteorological,0.206629,UNGRD
1999-02-02 00:00:00,1999,Climatological,0.075246,UNGRD
1999-03-22 00:00:00,1999,Climatological,0.025082,UNGRD
1999-04-17 00:00:00,1999,Climatological,1.00328,UNGRD
1999-05-10 00:00:00,1999,Climatological,0.433883,UNGRD
1999-05-28 00:00:00,1999,Climatological,0.309942,UNGRD
1999-07-06 00:00:00,1999,Climatological,0.75246,UNGRD
1999-08-03 00:00:00,1999,Climatological,0.008,UNGRD
1999-08-28 00:00:00,1999,Climatological,0.75246,UNGRD
1999-10-03 00:00:00,1999,Climatological,2.432954,UNGRD
1999-11-18 00:00:00,1999,Climatological,0.025082,UNGRD
1999-12-07 00:00:00,1999,Climatological,0.025082,UNGRD
1999-01-25 00:00:00,1999,Geophysical,3500.6293925400005,UNGRD
1999-02-10 00:00:00,1999,Geophysical,0.026874,UNGRD
1999-06-09 00:00:00,1999,Geophysical,0.37623,UNGRD
1999-07-17 00:00:00,1999,Geophysical,1.970734,UNGRD
1999-01-04 00:00:00,1999,Hydrological,0.329076,UNGRD
1999-01-11 00:00:00,1999,Hydrological,4.21295,UNGRD
1999-01-15 00:00:00,1999,Hydrological,0.053748,UNGRD
1999-01-19 00:00:00,1999,Hydrological,0.508152,UNGRD
1999-02-01 00:00:00,1999,Hydrological,0.0008,UNGRD
1999-02-04 00:00:00,1999,Hydrological,1.787898,UNGRD
1999-02-10 00:00:00,1999,Hydrological,0.076046,UNGRD
1999-02-15 00:00:00,1999,Hydrological,1.313793,UNGRD
1999-02-18 00:00:00,1999,Hydrological,2.591796,UNGRD
1999-02-21 00:00:00,1999,Hydrological,25.961548,UNGRD
1999-02-24 00:00:00,1999,Hydrological,6.84335,UNGRD
1999-02-27 00:00:00,1999,Hydrological,13.170185,UNGRD
1999-03-02 00:00:00,1999,Hydrological,0.878777,UNGRD
1999-03-05 00:00:00,1999,Hydrological,1.592415,UNGRD
1999-03-13 00:00:00,1999,Hydrological,6.397612,UNGRD
1999-03-16 00:00:00,1999,Hydrological,0.351148,UNGRD
1999-03-19 00:00:00,1999,Hydrological,7.196426,UNGRD
1999-04-02 00:00:00,1999,Hydrological,0.692202,UNGRD
1999-04-05 00:00:00,1999,Hydrological,1.803726,UNGRD
1999-04-08 00:00:00,1999,Hydrological,20.205735,UNGRD
1999-04-11 00:00:00,1999,Hydrological,3.199801,UNGRD
1999-04-15 00:00:00,1999,Hydrological,1.40819,UNGRD
1999-04-19 00:00:00,1999,Hydrological,0.229322,UNGRD
1999-04-23 00:00:00,1999,Hydrological,0.766794,UNGRD
1999-04-26 00:00:00,1999,Hydrological,6.269991,UNGRD
1999-04-29 00:00:00,1999,Hydrological,1.554587,UNGRD
1999-05-03 00:00:00,1999,Hydrological,0.09038,UNGRD
1999-05-06 00:00:00,1999,Hydrological,3.306302,UNGRD
1999-05-09 00:00:00,1999,Hydrological,0.749981,UNGRD
1999-05-13 00:00:00,1999,Hydrological,0.142931,UNGRD
1999-05-18 00:00:00,1999,Hydrological,1.326775,UNGRD
1999-05-21 00:00:00,1999,Hydrological,0.830116,UNGRD
1999-06-02 00:00:00,1999,Hydrological,7.596306,UNGRD
1999-06-12 00:00:00,1999,Hydrological,0.301881,UNGRD
1999-06-18 00:00:00,1999,Hydrological,0.552403,UNGRD
1999-06-22 00:00:00,1999,Hydrological,2.929456,UNGRD
1999-06-28 00:00:00,1999,Hydrological,0.850492,UNGRD
1999-07-01 00:00:00,1999,Hydrological,23.2,UNGRD
1999-07-07 00:00:00,1999,Hydrological,0.08958,UNGRD
1999-07-11 00:00:00,1999,Hydrological,0.100328,UNGRD
1999-07-15 00:00:00,1999,Hydrological,0.013437,UNGRD
1999-07-23 00:00:00,1999,Hydrological,0.257093,UNGRD
1999-07-27 00:00:00,1999,Hydrological,0.490594,UNGRD
1999-07-31 00:00:00,1999,Hydrological,0.103912,UNGRD
1999-08-12 00:00:00,1999,Hydrological,1.898335,UNGRD
1999-08-30 00:00:00,1999,Hydrological,2.433754,UNGRD
1999-09-07 00:00:00,1999,Hydrological,0.354958,UNGRD
1999-09-11 00:00:00,1999,Hydrological,3.763186,UNGRD
1999-09-14 00:00:00,1999,Hydrological,14.04256,UNGRD
1999-09-21 00:00:00,1999,Hydrological,9.912883,UNGRD
1999-09-27 00:00:00,1999,Hydrological,1.153738,UNGRD
1999-09-30 00:00:00,1999,Hydrological,6.378074,UNGRD
1999-10-04 00:00:00,1999,Hydrological,22.967582,UNGRD
1999-10-07 00:00:00,1999,Hydrological,5.860285,UNGRD
1999-10-11 00:00:00,1999,Hydrological,10.321938,UNGRD
1999-10-14 00:00:00,1999,Hydrological,3.20604,UNGRD
1999-10-17 00:00:00,1999,Hydrological,2.275314,UNGRD
1999-10-21 00:00:00,1999,Hydrological,0.036632,UNGRD
1999-10-24 00:00:00,1999,Hydrological,38.132041,UNGRD
1999-10-27 00:00:00,1999,Hydrological,4.835746,UNGRD
1999-10-30 00:00:00,1999,Hydrological,27.626318,UNGRD
1999-11-03 00:00:00,1999,Hydrological,123.588917,UNGRD
1999-11-06 00:00:00,1999,Hydrological,6.297253,UNGRD
1999-11-11 00:00:00,1999,Hydrological,0.874205,UNGRD
1999-11-14 00:00:00,1999,Hydrological,5.418542,UNGRD
1999-11-17 00:00:00,1999,Hydrological,0.150491,UNGRD
1999-11-22 00:00:00,1999,Hydrological,10.543844,UNGRD
1999-11-25 00:00:00,1999,Hydrological,0.658152,UNGRD
1999-11-28 00:00:00,1999,Hydrological,0.916395,UNGRD
1999-12-02 00:00:00,1999,Hydrological,13.550179,UNGRD
1999-12-07 00:00:00,1999,Hydrological,3.644532,UNGRD
1999-12-10 00:00:00,1999,Hydrological,0.237193,UNGRD
1999-12-13 00:00:00,1999,Hydrological,5.693923,UNGRD
1999-12-16 00:00:00,1999,Hydrological,5.160671,UNGRD
1999-12-19 00:00:00,1999,Hydrological,19.146652,UNGRD
1999-12-23 00:00:00,1999,Hydrological,6.195889,UNGRD
1999-12-28 00:00:00,1999,Hydrological,2.081806,UNGRD
1999-01-01 00:00:00,1999,Meteorological,0.789796,UNGRD
1999-01-12 00:00:00,1999,Meteorological,0.243784,UNGRD
1999-02-01 00:00:00,1999,Meteorological,0.589733,UNGRD
1999-02-22 00:00:00,1999,Meteorological,0.117349,UNGRD
1999-03-15 00:00:00,1999,Meteorological,0.796658,UNGRD
1999-03-24 00:00:00,1999,Meteorological,0.053748,UNGRD
1999-04-07 00:00:00,1999,Meteorological,0.067185,UNGRD
1999-04-15 00:00:00,1999,Meteorological,0.609144,UNGRD
1999-04-27 00:00:00,1999,Meteorological,0.064198,UNGRD
1999-05-23 00:00:00,1999,Meteorological,1.424196,UNGRD
1999-06-02 00:00:00,1999,Meteorological,0.13437,UNGRD
1999-07-03 00:00:00,1999,Meteorological,0.008958,UNGRD
1999-07-15 00:00:00,1999,Meteorological,1.092564,UNGRD
1999-07-31 00:00:00,1999,Meteorological,0.147804,UNGRD
1999-08-13 00:00:00,1999,Meteorological,1.985679,UNGRD
1999-08-30 00:00:00,1999,Meteorological,0.041803,UNGRD
1999-09-06 00:00:00,1999,Meteorological,0.644972,UNGRD
1999-09-14 00:00:00,1999,Meteorological,0.365482,UNGRD
1999-09-21 00:00:00,1999,Meteorological,0.058227,UNGRD
1999-09-28 00:00:00,1999,Meteorological,1.678123,UNGRD
1999-10-04 00:00:00,1999,Meteorological,0.466707,UNGRD
1999-10-30 00:00:00,1999,Meteorological,0.924163,UNGRD
1999-11-16 00:00:00,1999,Meteorological,0.14661,UNGRD
1999-11-22 00:00:00,1999,Meteorological,4.847125,UNGRD
1999-12-03 00:00:00,1999,Meteorological,2.371538,UNGRD
1999-12-18 00:00:00,1999,Meteorological,0.025082,UNGRD
2000-01-01 00:00:00,2000,Climatological,0.62705,UNGRD
2000-01-23 00:00:00,2000,Climatological,0.200656,UNGRD
2000-02-14 00:00:00,2000,Climatological,0.833916,UNGRD
2000-03-09 00:00:00,2000,Climatological,0.806066,UNGRD
2000-04-11 00:00:00,2000,Climatological,0.289339,UNGRD
2000-05-23 00:00:00,2000,Climatological,0.37623,UNGRD
2000-07-17 00:00:00,2000,Climatological,4.414432,UNGRD
2000-08-13 00:00:00,2000,Climatological,1.691249,UNGRD
2000-09-22 00:00:00,2000,Climatological,0.300984,UNGRD
2000-10-14 00:00:00,2000,Climatological,0.75246,UNGRD
2000-11-27 00:00:00,2000,Climatological,10.634768,UNGRD
2000-12-18 00:00:00,2000,Climatological,6.62248,UNGRD
2000-03-19 00:00:00,2000,Geophysical,0.117946,UNGRD
2000-11-08 00:00:00,2000,Geophysical,0.72374,UNGRD
2000-01-01 00:00:00,2000,Hydrological,2.912311,UNGRD
2000-01-04 00:00:00,2000,Hydrological,34.129211,UNGRD
2000-01-07 00:00:00,2000,Hydrological,3.054772,UNGRD
2000-01-10 00:00:00,2000,Hydrological,2.325729,UNGRD
2000-01-13 00:00:00,2000,Hydrological,0.177974,UNGRD
2000-01-18 00:00:00,2000,Hydrological,0.271328,UNGRD
2000-01-23 00:00:00,2000,Hydrological,0.887147,UNGRD
2000-01-27 00:00:00,2000,Hydrological,0.94755,UNGRD
2000-01-30 00:00:00,2000,Hydrological,0.792473,UNGRD
2000-02-02 00:00:00,2000,Hydrological,3.037331,UNGRD
2000-02-10 00:00:00,2000,Hydrological,3.022207,UNGRD
2000-02-18 00:00:00,2000,Hydrological,0.516678,UNGRD
2000-02-25 00:00:00,2000,Hydrological,0.649445,UNGRD
2000-02-28 00:00:00,2000,Hydrological,1.61832,UNGRD
2000-03-02 00:00:00,2000,Hydrological,0.365446,UNGRD
2000-03-07 00:00:00,2000,Hydrological,0.752,UNGRD
2000-03-15 00:00:00,2000,Hydrological,0.103912,UNGRD
2000-03-22 00:00:00,2000,Hydrological,1.127604,UNGRD
2000-03-25 00:00:00,2000,Hydrological,0.59122,UNGRD
2000-03-28 00:00:00,2000,Hydrological,0.217677,UNGRD
2000-03-31 00:00:00,2000,Hydrological,1.0508,UNGRD
2000-04-05 00:00:00,2000,Hydrological,0.084204,UNGRD
2000-04-13 00:00:00,2000,Hydrological,0.129004,UNGRD
2000-04-17 00:00:00,2000,Hydrological,2.904612,UNGRD
2000-04-24 00:00:00,2000,Hydrological,0.08958,UNGRD
2000-04-28 00:00:00,2000,Hydrological,0.075246,UNGRD
2000-05-01 00:00:00,2000,Hydrological,0.605986,UNGRD
2000-05-06 00:00:00,2000,Hydrological,1.401773,UNGRD
2000-05-14 00:00:00,2000,Hydrological,12.065335,UNGRD
2000-05-18 00:00:00,2000,Hydrological,2.764928,UNGRD
2000-05-21 00:00:00,2000,Hydrological,41.40076,UNGRD
2000-05-24 00:00:00,2000,Hydrological,12.524034,UNGRD
2000-05-30 00:00:00,2000,Hydrological,1.27282,UNGRD
2000-06-02 00:00:00,2000,Hydrological,1.146608,UNGRD
2000-06-05 00:00:00,2000,Hydrological,17.307868,UNGRD
2000-06-09 00:00:00,2000,Hydrological,0.206929,UNGRD
2000-06-14 00:00:00,2000,Hydrological,0.437145,UNGRD
2000-06-17 00:00:00,2000,Hydrological,1.211104,UNGRD
2000-06-20 00:00:00,2000,Hydrological,0.067185,UNGRD
2000-06-23 00:00:00,2000,Hydrological,14.983452,UNGRD
2000-06-26 00:00:00,2000,Hydrological,0.217677,UNGRD
2000-07-01 00:00:00,2000,Hydrological,0.056435,UNGRD
2000-07-06 00:00:00,2000,Hydrological,4.102764,UNGRD
2000-07-13 00:00:00,2000,Hydrological,0.22395,UNGRD
2000-07-17 00:00:00,2000,Hydrological,0.038519,UNGRD
2000-07-21 00:00:00,2000,Hydrological,0.047477,UNGRD
2000-08-06 00:00:00,2000,Hydrological,0.96,UNGRD
2000-08-22 00:00:00,2000,Hydrological,0.876882,UNGRD
2000-08-30 00:00:00,2000,Hydrological,2.00656,UNGRD
2000-09-04 00:00:00,2000,Hydrological,5.947945,UNGRD
2000-09-07 00:00:00,2000,Hydrological,0.108296,UNGRD
2000-09-10 00:00:00,2000,Hydrological,1.123837,UNGRD
2000-09-16 00:00:00,2000,Hydrological,0.106599,UNGRD
2000-09-22 00:00:00,2000,Hydrological,1.382322,UNGRD
2000-09-28 00:00:00,2000,Hydrological,0.183637,UNGRD
2000-10-02 00:00:00,2000,Hydrological,1.188159,UNGRD
2000-10-06 00:00:00,2000,Hydrological,8.0,UNGRD
2000-10-10 00:00:00,2000,Hydrological,0.042603,UNGRD
2000-10-15 00:00:00,2000,Hydrological,0.0008,UNGRD
2000-10-25 00:00:00,2000,Hydrological,0.381606,UNGRD
2000-10-28 00:00:00,2000,Hydrological,1.250427,UNGRD
2000-11-01 00:00:00,2000,Hydrological,1.891536,UNGRD
2000-11-06 00:00:00,2000,Hydrological,1.629514,UNGRD
2000-11-11 00:00:00,2000,Hydrological,15.131084,UNGRD
2000-11-14 00:00:00,2000,Hydrological,0.529367,UNGRD
2000-11-19 00:00:00,2000,Hydrological,1.383997,UNGRD
2000-11-24 00:00:00,2000,Hydrological,0.50164,UNGRD
2000-11-29 00:00:00,2000,Hydrological,0.494859,UNGRD
2000-01-12 00:00:00,2000,Meteorological,3.023325,UNGRD
2000-02-04 00:00:00,2000,Meteorological,0.838939,UNGRD
2000-02-27 00:00:00,2000,Meteorological,0.25082,UNGRD
2000-03-08 00:00:00,2000,Meteorological,0.040311,UNGRD
2000-03-22 00:00:00,2000,Meteorological,0.017916,UNGRD
2000-03-28 00:00:00,2000,Meteorological,0.550917,UNGRD
2000-04-15 00:00:00,2000,Meteorological,3.686217,UNGRD
2000-05-30 00:00:00,2000,Meteorological,0.973435,UNGRD
2000-06-13 00:00:00,2000,Meteorological,0.470172,UNGRD
2000-06-24 00:00:00,2000,Meteorological,0.08958,UNGRD
2000-06-30 00:00:00,2000,Meteorological,2.702166,UNGRD
2000-07-12 00:00:00,2000,Meteorological,1.119746,UNGRD
2000-07-23 00:00:00,2000,Meteorological,0.694245,UNGRD
2000-08-11 00:00:00,2000,Meteorological,1.949714,UNGRD
2000-08-22 00:00:00,2000,Meteorological,0.298896,UNGRD
2000-08-28 00:00:00,2000,Meteorological,0.083606,UNGRD
2000-09-07 00:00:00,2000,Meteorological,0.19516,UNGRD
2000-09-14 00:00:00,2000,Meteorological,2.073774,UNGRD
2000-10-03 00:00:00,2000,Meteorological,0.636018,UNGRD
2000-10-10 00:00:00,2000,Meteorological,0.756951,UNGRD
2000-10-23 00:00:00,2000,Meteorological,1.473888,UNGRD
2000-11-08 00:00:00,2000,Meteorological,0.25082,UNGRD
2001-01-03 00:00:00,2001,Climatological,0.529071,UNGRD
2001-01-19 00:00:00,2001,Climatological,4.961038,UNGRD
2001-02-07 00:00:00,2001,Climatological,11.542646,UNGRD
2001-02-27 00:00:00,2001,Climatological,0.638153,UNGRD
2001-03-16 00:00:00,2001,Climatological,0.32,UNGRD
2001-04-03 00:00:00,2001,Climatological,0.008958,UNGRD
2001-04-23 00:00:00,2001,Climatological,0.947807,UNGRD
2001-05-13 00:00:00,2001,Climatological,0.12541,UNGRD
2001-06-13 00:00:00,2001,Climatological,0.205135,UNGRD
2001-07-05 00:00:00,2001,Climatological,0.456184,UNGRD
2001-07-21 00:00:00,2001,Climatological,6.701936,UNGRD
2001-08-10 00:00:00,2001,Climatological,38.8857,UNGRD
2001-08-28 00:00:00,2001,Climatological,24.637124,UNGRD
2001-09-13 00:00:00,2001,Climatological,38.890723,UNGRD
2001-10-03 00:00:00,2001,Climatological,0.104807,UNGRD
2001-11-08 00:00:00,2001,Climatological,12.232,UNGRD
2001-12-04 00:00:00,2001,Climatological,2.277098,UNGRD
2001-01-22 00:00:00,2001,Hydrological,0.053748,UNGRD
2001-01-25 00:00:00,2001,Hydrological,0.0008,UNGRD
2001-02-03 00:00:00,2001,Hydrological,0.076143,UNGRD
2001-02-08 00:00:00,2001,Hydrological,0.125412,UNGRD
2001-03-02 00:00:00,2001,Hydrological,0.955693,UNGRD
2001-03-06 00:00:00,2001,Hydrological,0.26874,UNGRD
2001-03-10 00:00:00,2001,Hydrological,0.695134,UNGRD
2001-03-15 00:00:00,2001,Hydrological,0.08958,UNGRD
2001-03-21 00:00:00,2001,Hydrological,0.40391,UNGRD
2001-04-04 00:00:00,2001,Hydrological,0.364288,UNGRD
2001-04-07 00:00:00,2001,Hydrological,1.047335,UNGRD
2001-04-13 00:00:00,2001,Hydrological,0.22395,UNGRD
2001-04-19 00:00:00,2001,Hydrological,0.527625,UNGRD
2001-05-01 00:00:00,2001,Hydrological,0.200658,UNGRD
2001-05-07 00:00:00,2001,Hydrological,5.351228,UNGRD
2001-05-24 00:00:00,2001,Hydrological,3.19609,UNGRD
2001-06-01 00:00:00,2001,Hydrological,0.531506,UNGRD
2001-06-05 00:00:00,2001,Hydrological,0.014237,UNGRD
2001-06-12 00:00:00,2001,Hydrological,1.214087,UNGRD
2001-06-19 00:00:00,2001,Hydrological,0.079725,UNGRD
2001-06-30 00:00:00,2001,Hydrological,0.08958,UNGRD
2001-07-05 00:00:00,2001,Hydrological,0.752472,UNGRD
2001-07-08 00:00:00,2001,Hydrological,0.300984,UNGRD
2001-07-17 00:00:00,2001,Hydrological,0.67185,UNGRD
2001-07-30 00:00:00,2001,Hydrological,1.683746,UNGRD
2001-08-09 00:00:00,2001,Hydrological,0.29561,UNGRD
2001-08-20 00:00:00,2001,Hydrological,3.618783,UNGRD
2001-09-21 00:00:00,2001,Hydrological,0.943683,UNGRD
2001-10-04 00:00:00,2001,Hydrological,0.64796,UNGRD
2001-10-08 00:00:00,2001,Hydrological,0.013437,UNGRD
2001-10-15 00:00:00,2001,Hydrological,0.35533,UNGRD
2001-10-18 00:00:00,2001,Hydrological,0.050164,UNGRD
2001-10-28 00:00:00,2001,Hydrological,2.115585,UNGRD
2001-11-01 00:00:00,2001,Hydrological,0.027554,UNGRD
2001-11-06 00:00:00,2001,Hydrological,0.597495,UNGRD
2001-11-14 00:00:00,2001,Hydrological,0.238954,UNGRD
2001-11-19 00:00:00,2001,Hydrological,1.340657,UNGRD
2001-11-22 00:00:00,2001,Hydrological,0.0008,UNGRD
2001-11-26 00:00:00,2001,Hydrological,2.25648,UNGRD
2001-11-30 00:00:00,2001,Hydrological,5.877376,UNGRD
2001-12-05 00:00:00,2001,Hydrological,0.727378,UNGRD
2001-12-13 00:00:00,2001,Hydrological,2.848671,UNGRD
2001-12-17 00:00:00,2001,Hydrological,0.100328,UNGRD
2001-12-24 00:00:00,2001,Hydrological,0.108391,UNGRD
2001-12-28 00:00:00,2001,Hydrological,0.026874,UNGRD
2001-01-09 00:00:00,2001,Meteorological,0.125412,UNGRD
2001-01-29 00:00:00,2001,Meteorological,0.960643,UNGRD
2001-02-09 00:00:00,2001,Meteorological,0.465816,UNGRD
2001-02-20 00:00:00,2001,Meteorological,0.029561,UNGRD
2001-03-02 00:00:00,2001,Meteorological,2.77694,UNGRD
2001-03-11 00:00:00,2001,Meteorological,0.559875,UNGRD
2001-03-20 00:00:00,2001,Meteorological,0.274019,UNGRD
2001-04-01 00:00:00,2001,Meteorological,0.870418,UNGRD
2001-04-15 00:00:00,2001,Meteorological,0.371757,UNGRD
2001-04-22 00:00:00,2001,Meteorological,0.22395,UNGRD
2001-04-28 00:00:00,2001,Meteorological,5.777703,UNGRD
2001-05-24 00:00:00,2001,Meteorological,1.700401,UNGRD
2001-06-01 00:00:00,2001,Meteorological,21.625558,UNGRD
2001-06-07 00:00:00,2001,Meteorological,12.684163,UNGRD
2001-06-13 00:00:00,2001,Meteorological,0.82401,UNGRD
2001-06-21 00:00:00,2001,Meteorological,2.208147,UNGRD
2001-06-28 00:00:00,2001,Meteorological,0.385068,UNGRD
2001-07-07 00:00:00,2001,Meteorological,2.218394,UNGRD
2001-07-18 00:00:00,2001,Meteorological,0.729172,UNGRD
2001-07-25 00:00:00,2001,Meteorological,2.165641,UNGRD
2001-08-01 00:00:00,2001,Meteorological,0.940111,UNGRD
2001-08-08 00:00:00,2001,Meteorological,1.242473,UNGRD
2001-08-14 00:00:00,2001,Meteorological,1.545246,UNGRD
2001-08-20 00:00:00,2001,Meteorological,8.690927,UNGRD
2001-08-26 00:00:00,2001,Meteorological,1.711069,UNGRD
2001-09-01 00:00:00,2001,Meteorological,0.996723,UNGRD
2001-09-10 00:00:00,2001,Meteorological,0.702301,UNGRD
2001-09-16 00:00:00,2001,Meteorological,3.677259,UNGRD
2001-09-24 00:00:00,2001,Meteorological,3.918822,UNGRD
2001-09-30 00:00:00,2001,Meteorological,0.730077,UNGRD
2001-10-14 00:00:00,2001,Meteorological,0.08958,UNGRD
2001-10-22 00:00:00,2001,Meteorological,0.167212,UNGRD
2001-10-28 00:00:00,2001,Meteorological,0.576892,UNGRD
2001-11-07 00:00:00,2001,Meteorological,0.440434,UNGRD
2001-11-14 00:00:00,2001,Meteorological,0.632434,UNGRD
2001-12-13 00:00:00,2001,Meteorological,1.083915,UNGRD
2002-01-03 00:00:00,2002,Climatological,0.303482,UNGRD
2002-01-19 00:00:00,2002,Climatological,0.06,UNGRD
2002-02-14 00:00:00,2002,Climatological,17.805319,UNGRD
2002-03-04 00:00:00,2002,Climatological,2.684918,UNGRD
2002-04-03 00:00:00,2002,Climatological,0.197095,UNGRD
2002-04-22 00:00:00,2002,Climatological,0.026754,UNGRD
2002-07-02 00:00:00,2002,Climatological,0.065803,UNGRD
2002-07-30 00:00:00,2002,Climatological,0.4376,UNGRD
2002-08-15 00:00:00,2002,Climatological,0.2288,UNGRD
2002-09-01 00:00:00,2002,Climatological,0.3568,UNGRD
2002-09-17 00:00:00,2002,Climatological,1.103608,UNGRD
2002-10-03 00:00:00,2002,Climatological,0.041803,UNGRD
2002-11-02 00:00:00,2002,Climatological,0.275902,UNGRD
2002-11-21 00:00:00,2002,Climatological,2.683774,UNGRD
2002-12-12 00:00:00,2002,Climatological,0.066885,UNGRD
2002-04-30 00:00:00,2002,Geophysical,0.245448,UNGRD
2002-01-01 00:00:00,2002,Hydrological,0.076143,UNGRD
2002-01-07 00:00:00,2002,Hydrological,0.390564,UNGRD
2002-02-15 00:00:00,2002,Hydrological,0.214992,UNGRD
2002-02-19 00:00:00,2002,Hydrological,2.019228,UNGRD
2002-02-28 00:00:00,2002,Hydrological,0.277696,UNGRD
2002-03-17 00:00:00,2002,Hydrological,1.686307,UNGRD
2002-03-22 00:00:00,2002,Hydrological,0.993435,UNGRD
2002-03-27 00:00:00,2002,Hydrological,1.648246,UNGRD
2002-04-01 00:00:00,2002,Hydrological,1.474298,UNGRD
2002-04-06 00:00:00,2002,Hydrological,4.822066,UNGRD
2002-04-09 00:00:00,2002,Hydrological,7.847204,UNGRD
2002-04-13 00:00:00,2002,Hydrological,0.010558,UNGRD
2002-04-17 00:00:00,2002,Hydrological,2.183598,UNGRD
2002-04-22 00:00:00,2002,Hydrological,2.864645,UNGRD
2002-04-25 00:00:00,2002,Hydrological,4.126503,UNGRD
2002-05-01 00:00:00,2002,Hydrological,3.601116,UNGRD
2002-05-06 00:00:00,2002,Hydrological,0.50244,UNGRD
2002-05-12 00:00:00,2002,Hydrological,4.176068,UNGRD
2002-05-21 00:00:00,2002,Hydrological,21.8451,UNGRD
2002-05-25 00:00:00,2002,Hydrological,1.949324,UNGRD
2002-05-28 00:00:00,2002,Hydrological,0.846953,UNGRD
2002-05-31 00:00:00,2002,Hydrological,3.103,UNGRD
2002-06-04 00:00:00,2002,Hydrological,4.094879,UNGRD
2002-06-07 00:00:00,2002,Hydrological,0.116454,UNGRD
2002-06-11 00:00:00,2002,Hydrological,0.72956,UNGRD
2002-06-15 00:00:00,2002,Hydrological,3.165353,UNGRD
2002-06-18 00:00:00,2002,Hydrological,1.1456,UNGRD
2002-06-24 00:00:00,2002,Hydrological,1.723333,UNGRD
2002-06-27 00:00:00,2002,Hydrological,0.21579,UNGRD
2002-07-03 00:00:00,2002,Hydrological,0.103912,UNGRD
2002-07-06 00:00:00,2002,Hydrological,0.436249,UNGRD
2002-07-12 00:00:00,2002,Hydrological,1.02085,UNGRD
2002-07-15 00:00:00,2002,Hydrological,3.720431,UNGRD
2002-08-04 00:00:00,2002,Hydrological,1.44,UNGRD
2002-08-17 00:00:00,2002,Hydrological,0.566138,UNGRD
2002-08-20 00:00:00,2002,Hydrological,0.449272,UNGRD
2002-08-30 00:00:00,2002,Hydrological,2.184728,UNGRD
2002-09-03 00:00:00,2002,Hydrological,5.31955,UNGRD
2002-09-23 00:00:00,2002,Hydrological,0.068557,UNGRD
2002-09-26 00:00:00,2002,Hydrological,0.03404,UNGRD
2002-10-04 00:00:00,2002,Hydrological,0.553856,UNGRD
2002-10-07 00:00:00,2002,Hydrological,0.300984,UNGRD
2002-10-10 00:00:00,2002,Hydrological,0.188118,UNGRD
2002-10-22 00:00:00,2002,Hydrological,0.798742,UNGRD
2002-10-26 00:00:00,2002,Hydrological,2.152897,UNGRD
2002-10-29 00:00:00,2002,Hydrological,1.370313,UNGRD
2002-11-04 00:00:00,2002,Hydrological,1.00856,UNGRD
2002-11-07 00:00:00,2002,Hydrological,0.532712,UNGRD
2002-11-10 00:00:00,2002,Hydrological,0.176,UNGRD
2002-11-15 00:00:00,2002,Hydrological,0.047477,UNGRD
2002-11-18 00:00:00,2002,Hydrological,0.35,UNGRD
2002-12-13 00:00:00,2002,Hydrological,0.08958,UNGRD
2002-12-17 00:00:00,2002,Hydrological,0.077038,UNGRD
2002-01-01 00:00:00,2002,Meteorological,1.866005,UNGRD
2002-01-10 00:00:00,2002,Meteorological,1.684104,UNGRD
2002-01-16 00:00:00,2002,Meteorological,0.868926,UNGRD
2002-01-31 00:00:00,2002,Meteorological,0.288145,UNGRD
2002-02-12 00:00:00,2002,Meteorological,12.541,UNGRD
2002-03-07 00:00:00,2002,Meteorological,0.004479,UNGRD
2002-03-15 00:00:00,2002,Meteorological,2.44248,UNGRD
2002-03-24 00:00:00,2002,Meteorological,1.264473,UNGRD
2002-03-30 00:00:00,2002,Meteorological,1.226045,UNGRD
2002-04-21 00:00:00,2002,Meteorological,0.183639,UNGRD
2002-04-30 00:00:00,2002,Meteorological,0.743514,UNGRD
2002-05-06 00:00:00,2002,Meteorological,0.008958,UNGRD
2002-05-14 00:00:00,2002,Meteorological,0.615473,UNGRD
2002-05-20 00:00:00,2002,Meteorological,2.029878,UNGRD
2002-05-29 00:00:00,2002,Meteorological,0.945952,UNGRD
2002-06-04 00:00:00,2002,Meteorological,0.40311,UNGRD
2002-06-10 00:00:00,2002,Meteorological,0.300328,UNGRD
2002-06-22 00:00:00,2002,Meteorological,2.897899,UNGRD
2002-07-15 00:00:00,2002,Meteorological,0.440431,UNGRD
2002-07-24 00:00:00,2002,Meteorological,0.483729,UNGRD
2002-07-30 00:00:00,2002,Meteorological,2.628036,UNGRD
2002-08-05 00:00:00,2002,Meteorological,1.534546,UNGRD
2002-08-11 00:00:00,2002,Meteorological,2.759052,UNGRD
2002-08-20 00:00:00,2002,Meteorological,5.854273,UNGRD
2002-08-28 00:00:00,2002,Meteorological,0.031353,UNGRD
2002-09-09 00:00:00,2002,Meteorological,0.13437,UNGRD
2002-09-23 00:00:00,2002,Meteorological,0.800231,UNGRD
2002-10-02 00:00:00,2002,Meteorological,3.66028,UNGRD
2002-10-08 00:00:00,2002,Meteorological,1.083753,UNGRD
2002-10-15 00:00:00,2002,Meteorological,0.188118,UNGRD
2002-10-24 00:00:00,2002,Meteorological,0.22395,UNGRD
2002-11-06 00:00:00,2002,Meteorological,0.08958,UNGRD
2002-11-25 00:00:00,2002,Meteorological,0.286656,UNGRD
2003-01-03 00:00:00,2003,Climatological,0.90781,UNGRD
2003-01-19 00:00:00,2003,Climatological,0.907292,UNGRD
2003-02-04 00:00:00,2003,Climatological,5.446492,UNGRD
2003-02-21 00:00:00,2003,Climatological,16.710461,UNGRD
2003-03-09 00:00:00,2003,Climatological,12.777738,UNGRD
2003-03-31 00:00:00,2003,Climatological,4.29853,UNGRD
2003-04-20 00:00:00,2003,Climatological,0.150492,UNGRD
2003-05-23 00:00:00,2003,Climatological,0.040311,UNGRD
2003-06-24 00:00:00,2003,Climatological,0.266946,UNGRD
2003-08-09 00:00:00,2003,Climatological,1.52,UNGRD
2003-09-01 00:00:00,2003,Climatological,0.685951,UNGRD
2003-09-17 00:00:00,2003,Climatological,0.32985,UNGRD
2003-10-06 00:00:00,2003,Climatological,0.50164,UNGRD
2003-11-11 00:00:00,2003,Climatological,1.848902,UNGRD
2003-11-27 00:00:00,2003,Climatological,0.175574,UNGRD
2003-09-01 00:00:00,2003,Geophysical,0.067185,UNGRD
2003-01-03 00:00:00,2003,Hydrological,0.228429,UNGRD
2003-01-12 00:00:00,2003,Hydrological,2.031284,UNGRD
2003-02-27 00:00:00,2003,Hydrological,0.12541,UNGRD
2003-03-03 00:00:00,2003,Hydrological,0.57331,UNGRD
2003-03-15 00:00:00,2003,Hydrological,0.117349,UNGRD
2003-03-18 00:00:00,2003,Hydrological,13.465617,UNGRD
2003-04-10 00:00:00,2003,Hydrological,0.357421,UNGRD
2003-04-16 00:00:00,2003,Hydrological,0.210513,UNGRD
2003-04-20 00:00:00,2003,Hydrological,4.1035,UNGRD
2003-04-23 00:00:00,2003,Hydrological,1.204516,UNGRD
2003-04-27 00:00:00,2003,Hydrological,0.365486,UNGRD
2003-05-12 00:00:00,2003,Hydrological,1.295903,UNGRD
2003-05-18 00:00:00,2003,Hydrological,2.582613,UNGRD
2003-05-23 00:00:00,2003,Hydrological,0.80621,UNGRD
2003-05-26 00:00:00,2003,Hydrological,0.316245,UNGRD
2003-06-13 00:00:00,2003,Hydrological,3.781159,UNGRD
2003-06-17 00:00:00,2003,Hydrological,2.21637,UNGRD
2003-07-01 00:00:00,2003,Hydrological,20.24,UNGRD
2003-07-04 00:00:00,2003,Hydrological,0.142049,UNGRD
2003-07-11 00:00:00,2003,Hydrological,0.735443,UNGRD
2003-07-15 00:00:00,2003,Hydrological,0.085101,UNGRD
2003-07-23 00:00:00,2003,Hydrological,0.542477,UNGRD
2003-07-29 00:00:00,2003,Hydrological,0.436334,UNGRD
2003-08-06 00:00:00,2003,Hydrological,0.12541,UNGRD
2003-08-19 00:00:00,2003,Hydrological,0.538021,UNGRD
2003-08-25 00:00:00,2003,Hydrological,0.198568,UNGRD
2003-09-08 00:00:00,2003,Hydrological,0.189011,UNGRD
2003-09-18 00:00:00,2003,Hydrological,0.041803,UNGRD
2003-09-22 00:00:00,2003,Hydrological,0.109286,UNGRD
2003-09-27 00:00:00,2003,Hydrological,0.94954,UNGRD
2003-09-30 00:00:00,2003,Hydrological,0.206032,UNGRD
2003-10-06 00:00:00,2003,Hydrological,0.050164,UNGRD
2003-10-09 00:00:00,2003,Hydrological,1.537389,UNGRD
2003-10-12 00:00:00,2003,Hydrological,1.104643,UNGRD
2003-10-15 00:00:00,2003,Hydrological,2.576603,UNGRD
2003-10-18 00:00:00,2003,Hydrological,0.04479,UNGRD
2003-10-28 00:00:00,2003,Hydrological,0.302776,UNGRD
2003-11-04 00:00:00,2003,Hydrological,26.50244,UNGRD
2003-11-09 00:00:00,2003,Hydrological,2.85672,UNGRD
2003-11-12 00:00:00,2003,Hydrological,8.265355,UNGRD
2003-11-17 00:00:00,2003,Hydrological,13.726327,UNGRD
2003-11-21 00:00:00,2003,Hydrological,1.289041,UNGRD
2003-11-24 00:00:00,2003,Hydrological,10.131502,UNGRD
2003-11-27 00:00:00,2003,Hydrological,6.521424,UNGRD
2003-11-30 00:00:00,2003,Hydrological,4.419876,UNGRD
2003-12-03 00:00:00,2003,Hydrological,2.467723,UNGRD
2003-12-06 00:00:00,2003,Hydrological,0.144128,UNGRD
2003-12-10 00:00:00,2003,Hydrological,3.053769,UNGRD
2003-01-14 00:00:00,2003,Meteorological,1.563171,UNGRD
2003-02-07 00:00:00,2003,Meteorological,0.501648,UNGRD
2003-02-25 00:00:00,2003,Meteorological,2.748896,UNGRD
2003-03-13 00:00:00,2003,Meteorological,0.776359,UNGRD
2003-03-21 00:00:00,2003,Meteorological,0.637587,UNGRD
2003-04-20 00:00:00,2003,Meteorological,0.119141,UNGRD
2003-05-02 00:00:00,2003,Meteorological,9.239453,UNGRD
2003-05-12 00:00:00,2003,Meteorological,0.641983,UNGRD
2003-05-21 00:00:00,2003,Meteorological,0.497169,UNGRD
2003-06-01 00:00:00,2003,Meteorological,1.019714,UNGRD
2003-06-09 00:00:00,2003,Meteorological,0.864447,UNGRD
2003-06-19 00:00:00,2003,Meteorological,0.291135,UNGRD
2003-06-26 00:00:00,2003,Meteorological,2.801161,UNGRD
2003-07-08 00:00:00,2003,Meteorological,1.910729,UNGRD
2003-07-16 00:00:00,2003,Meteorological,0.111975,UNGRD
2003-07-30 00:00:00,2003,Meteorological,0.140341,UNGRD
2003-08-07 00:00:00,2003,Meteorological,8.883869,UNGRD
2003-08-21 00:00:00,2003,Meteorological,5.535741,UNGRD
2003-09-02 00:00:00,2003,Meteorological,8.158378,UNGRD
2003-09-14 00:00:00,2003,Meteorological,0.94059,UNGRD
2003-09-22 00:00:00,2003,Meteorological,0.12,UNGRD
2003-10-10 00:00:00,2003,Meteorological,4.133515,UNGRD
2003-10-28 00:00:00,2003,Meteorological,0.077038,UNGRD
2003-11-06 00:00:00,2003,Meteorological,0.49269,UNGRD
2003-11-13 00:00:00,2003,Meteorological,0.017916,UNGRD
2003-12-09 00:00:00,2003,Meteorological,0.125409,UNGRD
2004-01-26 00:00:00,2004,Climatological,13.776,UNGRD
2004-02-14 00:00:00,2004,Climatological,10.6704,UNGRD
2004-03-11 00:00:00,2004,Climatological,0.73082,UNGRD
2004-03-29 00:00:00,2004,Climatological,0.25082,UNGRD
2004-05-10 00:00:00,2004,Climatological,0.382501,UNGRD
2004-06-16 00:00:00,2004,Climatological,3.228603,UNGRD
2004-07-07 00:00:00,2004,Climatological,0.300984,UNGRD
2004-08-10 00:00:00,2004,Climatological,5.925822,UNGRD
2004-08-31 00:00:00,2004,Climatological,0.1702,UNGRD
2004-09-21 00:00:00,2004,Climatological,0.222158,UNGRD
2004-11-19 00:00:00,2004,Climatological,0.109286,UNGRD
2004-08-18 00:00:00,2004,Geophysical,4.53079,UNGRD
2004-09-18 00:00:00,2004,Geophysical,0.008958,UNGRD
2004-11-15 00:00:00,2004,Geophysical,18.461024,UNGRD
2004-01-06 00:00:00,2004,Hydrological,0.804479,UNGRD
2004-01-16 00:00:00,2004,Hydrological,1.526064,UNGRD
2004-01-21 00:00:00,2004,Hydrological,0.054548,UNGRD
2004-02-02 00:00:00,2004,Hydrological,2.2395,UNGRD
2004-02-08 00:00:00,2004,Hydrological,1.850722,UNGRD
2004-02-16 00:00:00,2004,Hydrological,1.016733,UNGRD
2004-02-22 00:00:00,2004,Hydrological,1.061026,UNGRD
2004-03-01 00:00:00,2004,Hydrological,1.442238,UNGRD
2004-03-17 00:00:00,2004,Hydrological,0.0008,UNGRD
2004-03-30 00:00:00,2004,Hydrological,0.013437,UNGRD
2004-04-07 00:00:00,2004,Hydrological,2.894622,UNGRD
2004-04-14 00:00:00,2004,Hydrological,4.548,UNGRD
2004-04-17 00:00:00,2004,Hydrological,0.027554,UNGRD
2004-04-20 00:00:00,2004,Hydrological,8.966732,UNGRD
2004-04-23 00:00:00,2004,Hydrological,12.583178,UNGRD
2004-04-26 00:00:00,2004,Hydrological,7.530163,UNGRD
2004-04-30 00:00:00,2004,Hydrological,0.265036,UNGRD
2004-05-03 00:00:00,2004,Hydrological,4.190643,UNGRD
2004-05-06 00:00:00,2004,Hydrological,0.067185,UNGRD
2004-05-09 00:00:00,2004,Hydrological,0.594799,UNGRD
2004-05-13 00:00:00,2004,Hydrological,0.749431,UNGRD
2004-05-17 00:00:00,2004,Hydrological,0.312631,UNGRD
2004-05-20 00:00:00,2004,Hydrological,10.794687,UNGRD
2004-05-25 00:00:00,2004,Hydrological,7.318431,UNGRD
2004-05-28 00:00:00,2004,Hydrological,3.233254,UNGRD
2004-05-31 00:00:00,2004,Hydrological,2.223101,UNGRD
2004-06-03 00:00:00,2004,Hydrological,0.400069,UNGRD
2004-06-06 00:00:00,2004,Hydrological,0.684273,UNGRD
2004-06-10 00:00:00,2004,Hydrological,0.08958,UNGRD
2004-06-14 00:00:00,2004,Hydrological,1.650703,UNGRD
2004-06-17 00:00:00,2004,Hydrological,0.380709,UNGRD
2004-06-21 00:00:00,2004,Hydrological,0.050964,UNGRD
2004-06-29 00:00:00,2004,Hydrological,0.183639,UNGRD
2004-07-03 00:00:00,2004,Hydrological,0.648682,UNGRD
2004-07-19 00:00:00,2004,Hydrological,0.0008,UNGRD
2004-07-22 00:00:00,2004,Hydrological,0.488211,UNGRD
2004-07-25 00:00:00,2004,Hydrological,0.222156,UNGRD
2004-07-29 00:00:00,2004,Hydrological,0.971166,UNGRD
2004-08-05 00:00:00,2004,Hydrological,0.615057,UNGRD
2004-08-14 00:00:00,2004,Hydrological,0.501969,UNGRD
2004-09-02 00:00:00,2004,Hydrological,0.025082,UNGRD
2004-09-05 00:00:00,2004,Hydrological,0.452379,UNGRD
2004-09-09 00:00:00,2004,Hydrological,1.40143,UNGRD
2004-10-01 00:00:00,2004,Hydrological,1.483349,UNGRD
2004-10-05 00:00:00,2004,Hydrological,2.641827,UNGRD
2004-10-10 00:00:00,2004,Hydrological,11.641731,UNGRD
2004-10-16 00:00:00,2004,Hydrological,4.097492,UNGRD
2004-10-19 00:00:00,2004,Hydrological,3.593915,UNGRD
2004-10-22 00:00:00,2004,Hydrological,3.411792,UNGRD
2004-10-25 00:00:00,2004,Hydrological,0.992041,UNGRD
2004-10-30 00:00:00,2004,Hydrological,7.605245,UNGRD
2004-11-02 00:00:00,2004,Hydrological,16.751266,UNGRD
2004-11-05 00:00:00,2004,Hydrological,7.178336,UNGRD
2004-11-08 00:00:00,2004,Hydrological,75.213622,UNGRD
2004-11-11 00:00:00,2004,Hydrological,4.986504,UNGRD
2004-11-14 00:00:00,2004,Hydrological,1.766668,UNGRD
2004-11-17 00:00:00,2004,Hydrological,7.848984,UNGRD
2004-11-20 00:00:00,2004,Hydrological,0.442222,UNGRD
2004-11-25 00:00:00,2004,Hydrological,0.1702,UNGRD
2004-11-29 00:00:00,2004,Hydrological,0.025082,UNGRD
2004-12-02 00:00:00,2004,Hydrological,0.031353,UNGRD
2004-12-10 00:00:00,2004,Hydrological,0.036632,UNGRD
2004-12-13 00:00:00,2004,Hydrological,0.377786,UNGRD
2004-12-18 00:00:00,2004,Hydrological,0.022395,UNGRD
2004-12-29 00:00:00,2004,Hydrological,2.5799,UNGRD
2004-01-01 00:00:00,2004,Meteorological,1.769205,UNGRD
2004-01-07 00:00:00,2004,Meteorological,0.759935,UNGRD
2004-01-15 00:00:00,2004,Meteorological,0.161244,UNGRD
2004-02-15 00:00:00,2004,Meteorological,7.802418,UNGRD
2004-03-10 00:00:00,2004,Meteorological,0.384294,UNGRD
2004-03-29 00:00:00,2004,Meteorological,1.213809,UNGRD
2004-04-05 00:00:00,2004,Meteorological,2.01555,UNGRD
2004-04-12 00:00:00,2004,Meteorological,2.320122,UNGRD
2004-04-19 00:00:00,2004,Meteorological,0.549597,UNGRD
2004-04-26 00:00:00,2004,Meteorological,2.290261,UNGRD
2004-05-07 00:00:00,2004,Meteorological,3.631762,UNGRD
2004-05-14 00:00:00,2004,Meteorological,1.177857,UNGRD
2004-05-23 00:00:00,2004,Meteorological,7.452978,UNGRD
2004-05-30 00:00:00,2004,Meteorological,1.263078,UNGRD
2004-06-05 00:00:00,2004,Meteorological,2.382828,UNGRD
2004-06-20 00:00:00,2004,Meteorological,1.705586,UNGRD
2004-06-30 00:00:00,2004,Meteorological,0.105704,UNGRD
2004-07-06 00:00:00,2004,Meteorological,0.725598,UNGRD
2004-07-17 00:00:00,2004,Meteorological,6.64563,UNGRD
2004-07-25 00:00:00,2004,Meteorological,2.266368,UNGRD
2004-07-31 00:00:00,2004,Meteorological,24.561302,UNGRD
2004-08-06 00:00:00,2004,Meteorological,3.487327,UNGRD
2004-08-12 00:00:00,2004,Meteorological,1.679373,UNGRD
2004-08-19 00:00:00,2004,Meteorological,0.818157,UNGRD
2004-08-26 00:00:00,2004,Meteorological,0.719916,UNGRD
2004-09-03 00:00:00,2004,Meteorological,1.695911,UNGRD
2004-09-12 00:00:00,2004,Meteorological,0.116454,UNGRD
2004-09-18 00:00:00,2004,Meteorological,1.700522,UNGRD
2004-09-25 00:00:00,2004,Meteorological,0.690659,UNGRD
2004-10-01 00:00:00,2004,Meteorological,3.15682,UNGRD
2004-10-07 00:00:00,2004,Meteorological,0.777851,UNGRD
2004-10-16 00:00:00,2004,Meteorological,3.631171,UNGRD
2004-10-23 00:00:00,2004,Meteorological,0.891321,UNGRD
2004-11-01 00:00:00,2004,Meteorological,2.714274,UNGRD
2004-11-15 00:00:00,2004,Meteorological,0.148702,UNGRD
2004-11-24 00:00:00,2004,Meteorological,0.116454,UNGRD
2004-12-25 00:00:00,2004,Meteorological,0.930433,UNGRD
2005-01-01 00:00:00,2005,Climatological,5.367548,UNGRD
2005-01-20 00:00:00,2005,Climatological,0.325171,UNGRD
2005-02-05 00:00:00,2005,Climatological,0.260852,UNGRD
2005-02-24 00:00:00,2005,Climatological,0.104807,UNGRD
2005-03-12 00:00:00,2005,Climatological,1.6,UNGRD
2005-03-28 00:00:00,2005,Climatological,0.008958,UNGRD
2005-04-15 00:00:00,2005,Climatological,0.802624,UNGRD
2005-06-13 00:00:00,2005,Climatological,0.150492,UNGRD
2005-07-23 00:00:00,2005,Climatological,1.45951,UNGRD
2005-09-23 00:00:00,2005,Climatological,2.717674,UNGRD
2005-10-09 00:00:00,2005,Climatological,0.183934,UNGRD
2005-11-15 00:00:00,2005,Climatological,0.328755,UNGRD
2005-12-24 00:00:00,2005,Climatological,0.25082,UNGRD
2005-03-08 00:00:00,2005,Geophysical,0.830883,UNGRD
2005-05-18 00:00:00,2005,Geophysical,0.71664,UNGRD
2005-01-01 00:00:00,2005,Hydrological,1.214404,UNGRD
2005-01-07 00:00:00,2005,Hydrological,0.17996,UNGRD
2005-01-11 00:00:00,2005,Hydrological,0.029561,UNGRD
2005-01-17 00:00:00,2005,Hydrological,0.223648,UNGRD
2005-01-20 00:00:00,2005,Hydrological,0.025082,UNGRD
2005-02-01 00:00:00,2005,Hydrological,0.479253,UNGRD
2005-02-04 00:00:00,2005,Hydrological,1.644756,UNGRD
2005-02-07 00:00:00,2005,Hydrological,190.527473,UNGRD
2005-02-10 00:00:00,2005,Hydrological,65.287676,UNGRD
2005-02-13 00:00:00,2005,Hydrological,4.298618,UNGRD
2005-02-16 00:00:00,2005,Hydrological,0.13616,UNGRD
2005-02-26 00:00:00,2005,Hydrological,1.195893,UNGRD
2005-03-01 00:00:00,2005,Hydrological,0.747096,UNGRD
2005-03-04 00:00:00,2005,Hydrological,7.210741,UNGRD
2005-03-07 00:00:00,2005,Hydrological,0.384654,UNGRD
2005-03-10 00:00:00,2005,Hydrological,2.037026,UNGRD
2005-03-13 00:00:00,2005,Hydrological,0.013437,UNGRD
2005-03-21 00:00:00,2005,Hydrological,1.6,UNGRD
2005-04-02 00:00:00,2005,Hydrological,0.372395,UNGRD
2005-04-06 00:00:00,2005,Hydrological,3.611808,UNGRD
2005-04-09 00:00:00,2005,Hydrological,18.818966,UNGRD
2005-04-12 00:00:00,2005,Hydrological,0.35,UNGRD
2005-04-15 00:00:00,2005,Hydrological,0.698724,UNGRD
2005-04-18 00:00:00,2005,Hydrological,2.083939,UNGRD
2005-04-23 00:00:00,2005,Hydrological,2.486676,UNGRD
2005-04-27 00:00:00,2005,Hydrological,8.36262,UNGRD
2005-04-30 00:00:00,2005,Hydrological,0.038519,UNGRD
2005-05-03 00:00:00,2005,Hydrological,2.657008,UNGRD
2005-05-08 00:00:00,2005,Hydrological,0.03404,UNGRD
2005-05-11 00:00:00,2005,Hydrological,5.577788,UNGRD
2005-05-14 00:00:00,2005,Hydrological,12.53734,UNGRD
2005-05-17 00:00:00,2005,Hydrological,5.600039,UNGRD
2005-05-20 00:00:00,2005,Hydrological,2.887757,UNGRD
2005-05-23 00:00:00,2005,Hydrological,5.167206,UNGRD
2005-05-31 00:00:00,2005,Hydrological,2.631842,UNGRD
2005-06-03 00:00:00,2005,Hydrological,1.945563,UNGRD
2005-06-06 00:00:00,2005,Hydrological,0.228427,UNGRD
2005-06-09 00:00:00,2005,Hydrological,9.39447,UNGRD
2005-06-12 00:00:00,2005,Hydrological,0.426394,UNGRD
2005-06-22 00:00:00,2005,Hydrological,0.625268,UNGRD
2005-06-25 00:00:00,2005,Hydrological,4.372304,UNGRD
2005-07-01 00:00:00,2005,Hydrological,2.106888,UNGRD
2005-07-13 00:00:00,2005,Hydrological,0.025082,UNGRD
2005-07-16 00:00:00,2005,Hydrological,0.177368,UNGRD
2005-07-19 00:00:00,2005,Hydrological,1.519258,UNGRD
2005-07-29 00:00:00,2005,Hydrological,2.190919,UNGRD
2005-08-03 00:00:00,2005,Hydrological,0.075246,UNGRD
2005-08-19 00:00:00,2005,Hydrological,0.54643,UNGRD
2005-08-23 00:00:00,2005,Hydrological,0.125409,UNGRD
2005-09-02 00:00:00,2005,Hydrological,1.358559,UNGRD
2005-09-06 00:00:00,2005,Hydrological,1.009565,UNGRD
2005-09-12 00:00:00,2005,Hydrological,0.238879,UNGRD
2005-09-20 00:00:00,2005,Hydrological,1.573501,UNGRD
2005-09-24 00:00:00,2005,Hydrological,3.093835,UNGRD
2005-09-27 00:00:00,2005,Hydrological,7.676583,UNGRD
2005-10-06 00:00:00,2005,Hydrological,6.281268,UNGRD
2005-10-09 00:00:00,2005,Hydrological,2.038644,UNGRD
2005-10-12 00:00:00,2005,Hydrological,2.611749,UNGRD
2005-10-15 00:00:00,2005,Hydrological,12.99263,UNGRD
2005-10-18 00:00:00,2005,Hydrological,0.076143,UNGRD
2005-10-23 00:00:00,2005,Hydrological,8.124379,UNGRD
2005-10-26 00:00:00,2005,Hydrological,2.727518,UNGRD
2005-10-29 00:00:00,2005,Hydrological,118.787306,UNGRD
2005-11-01 00:00:00,2005,Hydrological,21.545076,UNGRD
2005-11-04 00:00:00,2005,Hydrological,0.6808,UNGRD
2005-11-08 00:00:00,2005,Hydrological,37.984549,UNGRD
2005-11-11 00:00:00,2005,Hydrological,1.370568,UNGRD
2005-11-14 00:00:00,2005,Hydrological,57.681438,UNGRD
2005-11-17 00:00:00,2005,Hydrological,23.165006,UNGRD
2005-11-20 00:00:00,2005,Hydrological,3.004716,UNGRD
2005-11-23 00:00:00,2005,Hydrological,6.637507,UNGRD
2005-11-30 00:00:00,2005,Hydrological,8.256829,UNGRD
2005-12-04 00:00:00,2005,Hydrological,0.462829,UNGRD
2005-12-07 00:00:00,2005,Hydrological,0.300986,UNGRD
2005-12-11 00:00:00,2005,Hydrological,0.559234,UNGRD
2005-12-14 00:00:00,2005,Hydrological,0.63552,UNGRD
2005-12-17 00:00:00,2005,Hydrological,0.010879,UNGRD
2005-12-21 00:00:00,2005,Hydrological,0.556283,UNGRD
2005-12-26 00:00:00,2005,Hydrological,0.362232,UNGRD
2005-01-01 00:00:00,2005,Meteorological,7.248514,UNGRD
2005-01-13 00:00:00,2005,Meteorological,5.356884,UNGRD
2005-01-21 00:00:00,2005,Meteorological,0.103017,UNGRD
2005-02-02 00:00:00,2005,Meteorological,1.957323,UNGRD
2005-02-14 00:00:00,2005,Meteorological,1.625877,UNGRD
2005-03-01 00:00:00,2005,Meteorological,5.813742,UNGRD
2005-03-07 00:00:00,2005,Meteorological,0.483732,UNGRD
2005-03-16 00:00:00,2005,Meteorological,0.712161,UNGRD
2005-03-28 00:00:00,2005,Meteorological,0.161244,UNGRD
2005-04-07 00:00:00,2005,Meteorological,0.076143,UNGRD
2005-04-18 00:00:00,2005,Meteorological,0.094059,UNGRD
2005-04-27 00:00:00,2005,Meteorological,0.259782,UNGRD
2005-05-03 00:00:00,2005,Meteorological,2.299216,UNGRD
2005-05-15 00:00:00,2005,Meteorological,0.344883,UNGRD
2005-05-21 00:00:00,2005,Meteorological,0.141536,UNGRD
2005-05-27 00:00:00,2005,Meteorological,1.126614,UNGRD
2005-06-03 00:00:00,2005,Meteorological,0.241866,UNGRD
2005-06-13 00:00:00,2005,Meteorological,1.61244,UNGRD
2005-06-22 00:00:00,2005,Meteorological,1.542148,UNGRD
2005-06-29 00:00:00,2005,Meteorological,3.35804,UNGRD
2005-07-05 00:00:00,2005,Meteorological,3.464996,UNGRD
2005-07-23 00:00:00,2005,Meteorological,4.840898,UNGRD
2005-07-30 00:00:00,2005,Meteorological,2.450131,UNGRD
2005-08-05 00:00:00,2005,Meteorological,3.578296,UNGRD
2005-08-15 00:00:00,2005,Meteorological,0.125412,UNGRD
2005-08-22 00:00:00,2005,Meteorological,13.215397,UNGRD
2005-08-29 00:00:00,2005,Meteorological,5.279057,UNGRD
2005-09-05 00:00:00,2005,Meteorological,2.02778,UNGRD
2005-09-16 00:00:00,2005,Meteorological,3.462373,UNGRD
2005-09-23 00:00:00,2005,Meteorological,0.949413,UNGRD
2005-09-30 00:00:00,2005,Meteorological,3.802067,UNGRD
2005-10-16 00:00:00,2005,Meteorological,2.529735,UNGRD
2005-10-22 00:00:00,2005,Meteorological,0.874205,UNGRD
2005-10-30 00:00:00,2005,Meteorological,9.008761,UNGRD
2005-11-07 00:00:00,2005,Meteorological,0.031353,UNGRD
2005-11-18 00:00:00,2005,Meteorological,0.26874,UNGRD
2005-12-12 00:00:00,2005,Meteorological,2.830728,UNGRD
2006-01-15 00:00:00,2006,Climatological,0.62705,UNGRD
2006-01-31 00:00:00,2006,Climatological,0.050164,UNGRD
2006-02-24 00:00:00,2006,Climatological,0.64,UNGRD
2006-03-23 00:00:00,2006,Climatological,0.025082,UNGRD
2006-05-14 00:00:00,2006,Climatological,0.031353,UNGRD
2006-06-23 00:00:00,2006,Climatological,8.601968,UNGRD
2006-07-22 00:00:00,2006,Climatological,3.536562,UNGRD
2006-08-29 00:00:00,2006,Climatological,0.150492,UNGRD
2006-10-01 00:00:00,2006,Climatological,1.01623,UNGRD
2006-10-28 00:00:00,2006,Climatological,0.047477,UNGRD
2006-11-23 00:00:00,2006,Climatological,0.601972,UNGRD
2006-12-09 00:00:00,2006,Climatological,0.290238,UNGRD
2006-12-26 00:00:00,2006,Climatological,2.15317,UNGRD
2006-09-11 00:00:00,2006,Geophysical,0.0016,UNGRD
2006-01-05 00:00:00,2006,Hydrological,1.537498,UNGRD
2006-01-10 00:00:00,2006,Hydrological,0.906162,UNGRD
2006-01-13 00:00:00,2006,Hydrological,0.39719,UNGRD
2006-01-18 00:00:00,2006,Hydrological,0.0024,UNGRD
2006-01-24 00:00:00,2006,Hydrological,0.35,UNGRD
2006-01-27 00:00:00,2006,Hydrological,0.685283,UNGRD
2006-01-30 00:00:00,2006,Hydrological,0.0032,UNGRD
2006-02-02 00:00:00,2006,Hydrological,0.162747,UNGRD
2006-02-05 00:00:00,2006,Hydrological,1.823701,UNGRD
2006-02-08 00:00:00,2006,Hydrological,1.546663,UNGRD
2006-02-14 00:00:00,2006,Hydrological,0.76143,UNGRD
2006-02-18 00:00:00,2006,Hydrological,1.095547,UNGRD
2006-02-21 00:00:00,2006,Hydrological,0.173186,UNGRD
2006-02-27 00:00:00,2006,Hydrological,0.199763,UNGRD
2006-03-06 00:00:00,2006,Hydrological,0.221261,UNGRD
2006-03-09 00:00:00,2006,Hydrological,0.560673,UNGRD
2006-03-12 00:00:00,2006,Hydrological,2.853013,UNGRD
2006-03-15 00:00:00,2006,Hydrological,3.51664,UNGRD
2006-03-18 00:00:00,2006,Hydrological,0.029561,UNGRD
2006-03-21 00:00:00,2006,Hydrological,1.210359,UNGRD
2006-03-24 00:00:00,2006,Hydrological,2.866002,UNGRD
2006-03-27 00:00:00,2006,Hydrological,4.004954,UNGRD
2006-03-30 00:00:00,2006,Hydrological,0.946857,UNGRD
2006-04-04 00:00:00,2006,Hydrological,0.59636,UNGRD
2006-04-07 00:00:00,2006,Hydrological,0.128002,UNGRD
2006-04-10 00:00:00,2006,Hydrological,9.536373,UNGRD
2006-04-13 00:00:00,2006,Hydrological,13.478177,UNGRD
2006-04-18 00:00:00,2006,Hydrological,12.183204,UNGRD
2006-04-21 00:00:00,2006,Hydrological,0.084109,UNGRD
2006-04-25 00:00:00,2006,Hydrological,4.959174,UNGRD
2006-04-28 00:00:00,2006,Hydrological,2.601046,UNGRD
2006-05-01 00:00:00,2006,Hydrological,23.682644,UNGRD
2006-05-04 00:00:00,2006,Hydrological,14.687257,UNGRD
2006-05-07 00:00:00,2006,Hydrological,33.006036,UNGRD
2006-05-10 00:00:00,2006,Hydrological,27.054271,UNGRD
2006-05-13 00:00:00,2006,Hydrological,2.645457,UNGRD
2006-05-17 00:00:00,2006,Hydrological,11.079678,UNGRD
2006-05-20 00:00:00,2006,Hydrological,7.550925,UNGRD
2006-05-23 00:00:00,2006,Hydrological,0.855133,UNGRD
2006-05-26 00:00:00,2006,Hydrological,1.2864,UNGRD
2006-05-29 00:00:00,2006,Hydrological,4.748206,UNGRD
2006-06-01 00:00:00,2006,Hydrological,13.597504,UNGRD
2006-06-05 00:00:00,2006,Hydrological,1.401107,UNGRD
2006-06-08 00:00:00,2006,Hydrological,0.306362,UNGRD
2006-06-11 00:00:00,2006,Hydrological,0.250129,UNGRD
2006-06-15 00:00:00,2006,Hydrological,0.26874,UNGRD
2006-06-18 00:00:00,2006,Hydrological,0.594806,UNGRD
2006-06-22 00:00:00,2006,Hydrological,0.807404,UNGRD
2006-06-25 00:00:00,2006,Hydrological,0.23516,UNGRD
2006-06-28 00:00:00,2006,Hydrological,0.077635,UNGRD
2006-07-12 00:00:00,2006,Hydrological,0.727893,UNGRD
2006-07-15 00:00:00,2006,Hydrological,1.174893,UNGRD
2006-07-21 00:00:00,2006,Hydrological,0.0008,UNGRD
2006-07-26 00:00:00,2006,Hydrological,1.979718,UNGRD
2006-07-30 00:00:00,2006,Hydrological,1.385411,UNGRD
2006-08-02 00:00:00,2006,Hydrological,1.554213,UNGRD
2006-08-14 00:00:00,2006,Hydrological,0.0008,UNGRD
2006-08-20 00:00:00,2006,Hydrological,3.49442,UNGRD
2006-08-23 00:00:00,2006,Hydrological,0.022395,UNGRD
2006-08-28 00:00:00,2006,Hydrological,0.544239,UNGRD
2006-09-05 00:00:00,2006,Hydrological,0.0208,UNGRD
2006-09-14 00:00:00,2006,Hydrological,0.0008,UNGRD
2006-09-17 00:00:00,2006,Hydrological,0.054643,UNGRD
2006-09-22 00:00:00,2006,Hydrological,1.53331,UNGRD
2006-10-02 00:00:00,2006,Hydrological,1.189509,UNGRD
2006-10-09 00:00:00,2006,Hydrological,0.743384,UNGRD
2006-10-13 00:00:00,2006,Hydrological,4.259818,UNGRD
2006-10-16 00:00:00,2006,Hydrological,0.989859,UNGRD
2006-10-19 00:00:00,2006,Hydrological,8.760654,UNGRD
2006-10-22 00:00:00,2006,Hydrological,2.357991,UNGRD
2006-10-28 00:00:00,2006,Hydrological,1.348179,UNGRD
2006-10-31 00:00:00,2006,Hydrological,3.698755,UNGRD
2006-11-03 00:00:00,2006,Hydrological,0.100328,UNGRD
2006-11-06 00:00:00,2006,Hydrological,0.705884,UNGRD
2006-11-09 00:00:00,2006,Hydrological,0.847148,UNGRD
2006-11-12 00:00:00,2006,Hydrological,4.298844,UNGRD
2006-11-15 00:00:00,2006,Hydrological,4.095728,UNGRD
2006-11-19 00:00:00,2006,Hydrological,1.858503,UNGRD
2006-11-22 00:00:00,2006,Hydrological,9.65508,UNGRD
2006-11-25 00:00:00,2006,Hydrological,0.90699,UNGRD
2006-11-28 00:00:00,2006,Hydrological,4.27811,UNGRD
2006-12-01 00:00:00,2006,Hydrological,1.204851,UNGRD
2006-12-06 00:00:00,2006,Hydrological,0.091275,UNGRD
2006-12-09 00:00:00,2006,Hydrological,1.543903,UNGRD
2006-12-12 00:00:00,2006,Hydrological,4.171554,UNGRD
2006-12-15 00:00:00,2006,Hydrological,0.058227,UNGRD
2006-12-19 00:00:00,2006,Hydrological,0.093162,UNGRD
2006-12-23 00:00:00,2006,Hydrological,0.025882,UNGRD
2006-01-03 00:00:00,2006,Meteorological,4.316857,UNGRD
2006-01-11 00:00:00,2006,Meteorological,0.461975,UNGRD
2006-01-26 00:00:00,2006,Meteorological,1.048977,UNGRD
2006-02-03 00:00:00,2006,Meteorological,0.595707,UNGRD
2006-02-14 00:00:00,2006,Meteorological,2.140962,UNGRD
2006-02-21 00:00:00,2006,Meteorological,1.133187,UNGRD
2006-03-05 00:00:00,2006,Meteorological,0.315022,UNGRD
2006-03-11 00:00:00,2006,Meteorological,0.040311,UNGRD
2006-03-19 00:00:00,2006,Meteorological,3.081552,UNGRD
2006-03-25 00:00:00,2006,Meteorological,0.810699,UNGRD
2006-04-01 00:00:00,2006,Meteorological,0.264261,UNGRD
2006-04-08 00:00:00,2006,Meteorological,1.672156,UNGRD
2006-04-18 00:00:00,2006,Meteorological,0.958506,UNGRD
2006-04-25 00:00:00,2006,Meteorological,0.315022,UNGRD
2006-05-04 00:00:00,2006,Meteorological,2.894329,UNGRD
2006-05-12 00:00:00,2006,Meteorological,0.304572,UNGRD
2006-05-25 00:00:00,2006,Meteorological,3.453309,UNGRD
2006-06-01 00:00:00,2006,Meteorological,0.277698,UNGRD
2006-06-08 00:00:00,2006,Meteorological,4.417999,UNGRD
2006-06-19 00:00:00,2006,Meteorological,10.400821,UNGRD
2006-06-26 00:00:00,2006,Meteorological,1.554213,UNGRD
2006-07-03 00:00:00,2006,Meteorological,0.474774,UNGRD
2006-07-10 00:00:00,2006,Meteorological,2.311162,UNGRD
2006-07-23 00:00:00,2006,Meteorological,1.188827,UNGRD
2006-07-31 00:00:00,2006,Meteorological,0.997011,UNGRD
2006-08-06 00:00:00,2006,Meteorological,3.230848,UNGRD
2006-08-14 00:00:00,2006,Meteorological,0.752672,UNGRD
2006-08-20 00:00:00,2006,Meteorological,2.283813,UNGRD
2006-08-29 00:00:00,2006,Meteorological,4.719247,UNGRD
2006-09-04 00:00:00,2006,Meteorological,2.240992,UNGRD
2006-09-10 00:00:00,2006,Meteorological,22.801977,UNGRD
2006-09-16 00:00:00,2006,Meteorological,2.129669,UNGRD
2006-09-24 00:00:00,2006,Meteorological,11.467675,UNGRD
2006-10-02 00:00:00,2006,Meteorological,2.272345,UNGRD
2006-10-09 00:00:00,2006,Meteorological,1.719058,UNGRD
2006-10-18 00:00:00,2006,Meteorological,0.622581,UNGRD
2006-10-24 00:00:00,2006,Meteorological,0.022395,UNGRD
2006-10-31 00:00:00,2006,Meteorological,1.021209,UNGRD
2006-11-06 00:00:00,2006,Meteorological,1.540773,UNGRD
2006-11-14 00:00:00,2006,Meteorological,1.397448,UNGRD
2006-11-20 00:00:00,2006,Meteorological,2.806834,UNGRD
2006-11-27 00:00:00,2006,Meteorological,0.615112,UNGRD
2006-12-12 00:00:00,2006,Meteorological,1.737852,UNGRD
2006-12-20 00:00:00,2006,Meteorological,0.017916,UNGRD
2007-01-12 00:00:00,2007,Climatological,0.289936,UNGRD
2007-01-29 00:00:00,2007,Climatological,284.20852,UNGRD
2007-02-22 00:00:00,2007,Climatological,6.665243,UNGRD
2007-03-23 00:00:00,2007,Climatological,3.469676,UNGRD
2007-04-12 00:00:00,2007,Climatological,0.280381,UNGRD
2007-06-04 00:00:00,2007,Climatological,0.180053,UNGRD
2007-07-12 00:00:00,2007,Climatological,0.39743,UNGRD
2007-09-03 00:00:00,2007,Climatological,1.045083,UNGRD
2007-09-20 00:00:00,2007,Climatological,0.073803,UNGRD
2007-11-03 00:00:00,2007,Climatological,0.150492,UNGRD
2007-11-20 00:00:00,2007,Climatological,0.484621,UNGRD
2007-12-15 00:00:00,2007,Climatological,5.449199,UNGRD
2007-03-06 00:00:00,2007,Geophysical,0.794922,UNGRD
2007-04-18 00:00:00,2007,Geophysical,5.8232,UNGRD
2007-04-24 00:00:00,2007,Geophysical,0.200955,UNGRD
2007-06-20 00:00:00,2007,Geophysical,0.114565,UNGRD
2007-08-01 00:00:00,2007,Geophysical,0.721119,UNGRD
2007-09-09 00:00:00,2007,Geophysical,18.945382,UNGRD
2007-01-01 00:00:00,2007,Hydrological,1.331746,UNGRD
2007-01-07 00:00:00,2007,Hydrological,0.349362,UNGRD
2007-01-18 00:00:00,2007,Hydrological,4.254986,UNGRD
2007-01-25 00:00:00,2007,Hydrological,0.206034,UNGRD
2007-03-06 00:00:00,2007,Hydrological,1.242016,UNGRD
2007-03-13 00:00:00,2007,Hydrological,1.03097,UNGRD
2007-03-18 00:00:00,2007,Hydrological,0.785615,UNGRD
2007-03-25 00:00:00,2007,Hydrological,0.83234,UNGRD
2007-03-30 00:00:00,2007,Hydrological,1.510915,UNGRD
2007-04-03 00:00:00,2007,Hydrological,2.168139,UNGRD
2007-04-06 00:00:00,2007,Hydrological,0.781841,UNGRD
2007-04-09 00:00:00,2007,Hydrological,0.210511,UNGRD
2007-04-14 00:00:00,2007,Hydrological,1.471404,UNGRD
2007-04-18 00:00:00,2007,Hydrological,3.671256,UNGRD
2007-04-22 00:00:00,2007,Hydrological,0.913966,UNGRD
2007-04-25 00:00:00,2007,Hydrological,3.260686,UNGRD
2007-04-28 00:00:00,2007,Hydrological,0.175481,UNGRD
2007-05-02 00:00:00,2007,Hydrological,0.457753,UNGRD
2007-05-07 00:00:00,2007,Hydrological,10.633585,UNGRD
2007-05-10 00:00:00,2007,Hydrological,0.076143,UNGRD
2007-05-13 00:00:00,2007,Hydrological,15.28196,UNGRD
2007-05-16 00:00:00,2007,Hydrological,0.411876,UNGRD
2007-05-20 00:00:00,2007,Hydrological,2.44632,UNGRD
2007-05-23 00:00:00,2007,Hydrological,17.348699,UNGRD
2007-05-26 00:00:00,2007,Hydrological,3.076033,UNGRD
2007-05-29 00:00:00,2007,Hydrological,2.269755,UNGRD
2007-06-01 00:00:00,2007,Hydrological,2.401983,UNGRD
2007-06-04 00:00:00,2007,Hydrological,3.35855,UNGRD
2007-06-07 00:00:00,2007,Hydrological,4.585155,UNGRD
2007-06-10 00:00:00,2007,Hydrological,3.097677,UNGRD
2007-06-15 00:00:00,2007,Hydrological,3.118208,UNGRD
2007-06-19 00:00:00,2007,Hydrological,0.48,UNGRD
2007-06-24 00:00:00,2007,Hydrological,4.60268,UNGRD
2007-06-27 00:00:00,2007,Hydrological,1.158604,UNGRD
2007-06-30 00:00:00,2007,Hydrological,1.528922,UNGRD
2007-07-03 00:00:00,2007,Hydrological,0.351148,UNGRD
2007-07-11 00:00:00,2007,Hydrological,1.279772,UNGRD
2007-07-24 00:00:00,2007,Hydrological,0.022395,UNGRD
2007-08-07 00:00:00,2007,Hydrological,1.034649,UNGRD
2007-08-13 00:00:00,2007,Hydrological,0.025082,UNGRD
2007-08-17 00:00:00,2007,Hydrological,3.395977,UNGRD
2007-08-25 00:00:00,2007,Hydrological,3.697269,UNGRD
2007-08-30 00:00:00,2007,Hydrological,4.434606,UNGRD
2007-09-03 00:00:00,2007,Hydrological,0.023195,UNGRD
2007-09-07 00:00:00,2007,Hydrological,8.296076,UNGRD
2007-09-12 00:00:00,2007,Hydrological,0.067185,UNGRD
2007-09-15 00:00:00,2007,Hydrological,2.887022,UNGRD
2007-09-23 00:00:00,2007,Hydrological,1.035532,UNGRD
2007-09-26 00:00:00,2007,Hydrological,0.259782,UNGRD
2007-10-01 00:00:00,2007,Hydrological,2.867648,UNGRD
2007-10-05 00:00:00,2007,Hydrological,1.115271,UNGRD
2007-10-08 00:00:00,2007,Hydrological,0.714848,UNGRD
2007-10-12 00:00:00,2007,Hydrological,0.604898,UNGRD
2007-10-15 00:00:00,2007,Hydrological,14.309935,UNGRD
2007-10-18 00:00:00,2007,Hydrological,16.671766,UNGRD
2007-10-21 00:00:00,2007,Hydrological,10.674236,UNGRD
2007-10-24 00:00:00,2007,Hydrological,19.935791,UNGRD
2007-10-27 00:00:00,2007,Hydrological,19.713488,UNGRD
2007-10-30 00:00:00,2007,Hydrological,16.61942,UNGRD
2007-11-02 00:00:00,2007,Hydrological,17.760317,UNGRD
2007-11-05 00:00:00,2007,Hydrological,3.814747,UNGRD
2007-11-08 00:00:00,2007,Hydrological,3.712502,UNGRD
2007-11-11 00:00:00,2007,Hydrological,4.630874,UNGRD
2007-11-14 00:00:00,2007,Hydrological,1.825329,UNGRD
2007-11-17 00:00:00,2007,Hydrological,3.042721,UNGRD
2007-11-20 00:00:00,2007,Hydrological,2.175893,UNGRD
2007-11-23 00:00:00,2007,Hydrological,5.399882,UNGRD
2007-11-26 00:00:00,2007,Hydrological,0.472083,UNGRD
2007-11-29 00:00:00,2007,Hydrological,0.973081,UNGRD
2007-12-03 00:00:00,2007,Hydrological,0.013437,UNGRD
2007-12-11 00:00:00,2007,Hydrological,1.035092,UNGRD
2007-12-15 00:00:00,2007,Hydrological,0.658215,UNGRD
2007-12-18 00:00:00,2007,Hydrological,0.0008,UNGRD
2007-12-23 00:00:00,2007,Hydrological,1.206338,UNGRD
2007-12-27 00:00:00,2007,Hydrological,3.201612,UNGRD
2007-01-01 00:00:00,2007,Meteorological,0.667371,UNGRD
2007-01-10 00:00:00,2007,Meteorological,2.544051,UNGRD
2007-01-16 00:00:00,2007,Meteorological,3.479275,UNGRD
2007-02-10 00:00:00,2007,Meteorological,1.367882,UNGRD
2007-02-20 00:00:00,2007,Meteorological,1.684997,UNGRD
2007-02-26 00:00:00,2007,Meteorological,0.004479,UNGRD
2007-03-05 00:00:00,2007,Meteorological,3.940772,UNGRD
2007-03-11 00:00:00,2007,Meteorological,5.125427,UNGRD
2007-03-17 00:00:00,2007,Meteorological,0.326967,UNGRD
2007-03-30 00:00:00,2007,Meteorological,0.11287,UNGRD
2007-04-05 00:00:00,2007,Meteorological,0.873402,UNGRD
2007-04-13 00:00:00,2007,Meteorological,1.389381,UNGRD
2007-04-23 00:00:00,2007,Meteorological,0.401615,UNGRD
2007-05-02 00:00:00,2007,Meteorological,0.488211,UNGRD
2007-05-13 00:00:00,2007,Meteorological,0.333236,UNGRD
2007-05-23 00:00:00,2007,Meteorological,0.300093,UNGRD
2007-06-02 00:00:00,2007,Meteorological,2.126311,UNGRD
2007-06-26 00:00:00,2007,Meteorological,0.26874,UNGRD
2007-07-03 00:00:00,2007,Meteorological,0.417442,UNGRD
2007-07-09 00:00:00,2007,Meteorological,0.550917,UNGRD
2007-07-15 00:00:00,2007,Meteorological,0.143328,UNGRD
2007-07-26 00:00:00,2007,Meteorological,5.717565,UNGRD
2007-08-01 00:00:00,2007,Meteorological,0.721119,UNGRD
2007-08-07 00:00:00,2007,Meteorological,1.743224,UNGRD
2007-08-15 00:00:00,2007,Meteorological,9.05884,UNGRD
2007-09-06 00:00:00,2007,Meteorological,4.477186,UNGRD
2007-09-13 00:00:00,2007,Meteorological,1.930899,UNGRD
2007-09-21 00:00:00,2007,Meteorological,1.129001,UNGRD
2007-10-03 00:00:00,2007,Meteorological,0.515085,UNGRD
2007-10-10 00:00:00,2007,Meteorological,0.120933,UNGRD
2007-10-18 00:00:00,2007,Meteorological,0.353841,UNGRD
2007-11-01 00:00:00,2007,Meteorological,1.420643,UNGRD
2007-11-09 00:00:00,2007,Meteorological,1.86863,UNGRD
2007-11-19 00:00:00,2007,Meteorological,1.204851,UNGRD
2007-12-13 00:00:00,2007,Meteorological,0.528522,UNGRD
2008-01-01 00:00:00,2008,Climatological,4.89099,UNGRD
2008-01-22 00:00:00,2008,Climatological,0.022395,UNGRD
2008-02-07 00:00:00,2008,Climatological,0.359506,UNGRD
2008-03-04 00:00:00,2008,Climatological,0.37623,UNGRD
2008-03-27 00:00:00,2008,Climatological,1.663771,UNGRD
2008-05-11 00:00:00,2008,Climatological,0.03404,UNGRD
2008-07-11 00:00:00,2008,Climatological,0.013437,UNGRD
2008-08-12 00:00:00,2008,Climatological,0.100328,UNGRD
2008-09-06 00:00:00,2008,Climatological,0.03404,UNGRD
2008-09-26 00:00:00,2008,Climatological,1.758429,UNGRD
2008-10-24 00:00:00,2008,Climatological,0.054643,UNGRD
2008-11-10 00:00:00,2008,Climatological,0.025082,UNGRD
2008-12-14 00:00:00,2008,Climatological,0.702296,UNGRD
2008-12-31 00:00:00,2008,Climatological,0.019516,UNGRD
2008-03-31 00:00:00,2008,Geophysical,2.692277,UNGRD
2008-05-20 00:00:00,2008,Geophysical,0.8384,UNGRD
2008-05-24 00:00:00,2008,Geophysical,43.947114,UNGRD
2008-10-21 00:00:00,2008,Geophysical,0.126307,UNGRD
2008-11-09 00:00:00,2008,Geophysical,0.131383,UNGRD
2008-11-20 00:00:00,2008,Geophysical,2.622298,UNGRD
2008-01-02 00:00:00,2008,Hydrological,0.025082,UNGRD
2008-01-05 00:00:00,2008,Hydrological,0.0016,UNGRD
2008-01-11 00:00:00,2008,Hydrological,0.025082,UNGRD
2008-01-18 00:00:00,2008,Hydrological,1.219426,UNGRD
2008-01-22 00:00:00,2008,Hydrological,0.03404,UNGRD
2008-01-28 00:00:00,2008,Hydrological,1.086603,UNGRD
2008-02-05 00:00:00,2008,Hydrological,2.09095,UNGRD
2008-02-09 00:00:00,2008,Hydrological,0.386085,UNGRD
2008-02-12 00:00:00,2008,Hydrological,0.375337,UNGRD
2008-02-17 00:00:00,2008,Hydrological,5.331013,UNGRD
2008-02-20 00:00:00,2008,Hydrological,1.599532,UNGRD
2008-02-23 00:00:00,2008,Hydrological,2.352963,UNGRD
2008-02-26 00:00:00,2008,Hydrological,0.986784,UNGRD
2008-03-03 00:00:00,2008,Hydrological,1.00278,UNGRD
2008-03-06 00:00:00,2008,Hydrological,4.112745,UNGRD
2008-03-09 00:00:00,2008,Hydrological,2.280686,UNGRD
2008-03-13 00:00:00,2008,Hydrological,2.602543,UNGRD
2008-03-17 00:00:00,2008,Hydrological,1.389016,UNGRD
2008-03-20 00:00:00,2008,Hydrological,1.37401,UNGRD
2008-03-26 00:00:00,2008,Hydrological,0.946669,UNGRD
2008-03-29 00:00:00,2008,Hydrological,0.802541,UNGRD
2008-04-01 00:00:00,2008,Hydrological,1.957594,UNGRD
2008-04-04 00:00:00,2008,Hydrological,0.0008,UNGRD
2008-04-07 00:00:00,2008,Hydrological,1.669364,UNGRD
2008-04-10 00:00:00,2008,Hydrological,9.044567,UNGRD
2008-04-14 00:00:00,2008,Hydrological,1.772827,UNGRD
2008-04-17 00:00:00,2008,Hydrological,0.35832,UNGRD
2008-04-20 00:00:00,2008,Hydrological,0.04559,UNGRD
2008-04-23 00:00:00,2008,Hydrological,10.311612,UNGRD
2008-04-26 00:00:00,2008,Hydrological,3.897526,UNGRD
2008-04-29 00:00:00,2008,Hydrological,5.845254,UNGRD
2008-05-02 00:00:00,2008,Hydrological,3.700594,UNGRD
2008-05-05 00:00:00,2008,Hydrological,2.609698,UNGRD
2008-05-08 00:00:00,2008,Hydrological,4.049208,UNGRD
2008-05-12 00:00:00,2008,Hydrological,0.004479,UNGRD
2008-05-15 00:00:00,2008,Hydrological,3.614551,UNGRD
2008-05-18 00:00:00,2008,Hydrological,10.172592,UNGRD
2008-05-21 00:00:00,2008,Hydrological,22.711705,UNGRD
2008-05-24 00:00:00,2008,Hydrological,24.460324,UNGRD
2008-05-27 00:00:00,2008,Hydrological,84.684099,UNGRD
2008-05-30 00:00:00,2008,Hydrological,12.268241,UNGRD
2008-06-02 00:00:00,2008,Hydrological,21.618624,UNGRD
2008-06-05 00:00:00,2008,Hydrological,1.801358,UNGRD
2008-06-08 00:00:00,2008,Hydrological,0.993346,UNGRD
2008-06-11 00:00:00,2008,Hydrological,2.19471,UNGRD
2008-06-14 00:00:00,2008,Hydrological,0.864965,UNGRD
2008-06-18 00:00:00,2008,Hydrological,1.056443,UNGRD
2008-06-21 00:00:00,2008,Hydrological,0.411468,UNGRD
2008-06-24 00:00:00,2008,Hydrological,0.894804,UNGRD
2008-06-28 00:00:00,2008,Hydrological,2.658722,UNGRD
2008-07-01 00:00:00,2008,Hydrological,1.55201,UNGRD
2008-07-04 00:00:00,2008,Hydrological,4.163668,UNGRD
2008-07-07 00:00:00,2008,Hydrological,25.990721,UNGRD
2008-07-12 00:00:00,2008,Hydrological,0.616661,UNGRD
2008-07-15 00:00:00,2008,Hydrological,9.447838,UNGRD
2008-07-21 00:00:00,2008,Hydrological,3.834919,UNGRD
2008-07-24 00:00:00,2008,Hydrological,0.3404,UNGRD
2008-07-28 00:00:00,2008,Hydrological,0.500153,UNGRD
2008-08-01 00:00:00,2008,Hydrological,4.554151,UNGRD
2008-08-04 00:00:00,2008,Hydrological,0.049269,UNGRD
2008-08-08 00:00:00,2008,Hydrological,0.534789,UNGRD
2008-08-11 00:00:00,2008,Hydrological,3.430196,UNGRD
2008-08-14 00:00:00,2008,Hydrological,0.711499,UNGRD
2008-08-17 00:00:00,2008,Hydrological,2.836003,UNGRD
2008-08-21 00:00:00,2008,Hydrological,1.536297,UNGRD
2008-08-25 00:00:00,2008,Hydrological,2.706116,UNGRD
2008-08-28 00:00:00,2008,Hydrological,0.262992,UNGRD
2008-09-01 00:00:00,2008,Hydrological,5.734908,UNGRD
2008-09-04 00:00:00,2008,Hydrological,0.838466,UNGRD
2008-09-10 00:00:00,2008,Hydrological,64.29856,UNGRD
2008-09-15 00:00:00,2008,Hydrological,4.30064,UNGRD
2008-09-18 00:00:00,2008,Hydrological,0.0008,UNGRD
2008-09-21 00:00:00,2008,Hydrological,52.340585,UNGRD
2008-09-24 00:00:00,2008,Hydrological,0.0008,UNGRD
2008-09-27 00:00:00,2008,Hydrological,13.815911,UNGRD
2008-09-30 00:00:00,2008,Hydrological,17.694897,UNGRD
2008-10-03 00:00:00,2008,Hydrological,29.075149,UNGRD
2008-10-06 00:00:00,2008,Hydrological,23.44873,UNGRD
2008-10-09 00:00:00,2008,Hydrological,36.324101,UNGRD
2008-10-12 00:00:00,2008,Hydrological,2.788625,UNGRD
2008-10-15 00:00:00,2008,Hydrological,11.895327,UNGRD
2008-10-18 00:00:00,2008,Hydrological,0.397136,UNGRD
2008-10-21 00:00:00,2008,Hydrological,4.414814,UNGRD
2008-10-27 00:00:00,2008,Hydrological,14.567008,UNGRD
2008-10-30 00:00:00,2008,Hydrological,66.179995,UNGRD
2008-11-02 00:00:00,2008,Hydrological,32.439623,UNGRD
2008-11-05 00:00:00,2008,Hydrological,7.001975,UNGRD
2008-11-08 00:00:00,2008,Hydrological,10.982508,UNGRD
2008-11-11 00:00:00,2008,Hydrological,1.527727,UNGRD
2008-11-14 00:00:00,2008,Hydrological,21.69668,UNGRD
2008-11-17 00:00:00,2008,Hydrological,24.597651,UNGRD
2008-11-20 00:00:00,2008,Hydrological,26.721786,UNGRD
2008-11-23 00:00:00,2008,Hydrological,21.974321,UNGRD
2008-11-26 00:00:00,2008,Hydrological,162.866434,UNGRD
2008-11-29 00:00:00,2008,Hydrological,40.529371000000005,UNGRD
2008-12-02 00:00:00,2008,Hydrological,16.510107,UNGRD
2008-12-06 00:00:00,2008,Hydrological,1.8304,UNGRD
2008-12-11 00:00:00,2008,Hydrological,3.281138,UNGRD
2008-12-14 00:00:00,2008,Hydrological,31.848927,UNGRD
2008-12-22 00:00:00,2008,Hydrological,4.442428,UNGRD
2008-12-27 00:00:00,2008,Hydrological,1.77663,UNGRD
2008-01-10 00:00:00,2008,Meteorological,0.071664,UNGRD
2008-01-25 00:00:00,2008,Meteorological,0.506127,UNGRD
2008-02-09 00:00:00,2008,Meteorological,1.438354,UNGRD
2008-02-20 00:00:00,2008,Meteorological,0.100925,UNGRD
2008-02-28 00:00:00,2008,Meteorological,0.472976,UNGRD
2008-03-06 00:00:00,2008,Meteorological,0.156765,UNGRD
2008-03-15 00:00:00,2008,Meteorological,1.376545,UNGRD
2008-03-21 00:00:00,2008,Meteorological,4.465858,UNGRD
2008-03-27 00:00:00,2008,Meteorological,0.183639,UNGRD
2008-04-03 00:00:00,2008,Meteorological,2.416865,UNGRD
2008-04-10 00:00:00,2008,Meteorological,1.279785,UNGRD
2008-04-17 00:00:00,2008,Meteorological,0.574351,UNGRD
2008-04-24 00:00:00,2008,Meteorological,0.103017,UNGRD
2008-05-02 00:00:00,2008,Meteorological,0.086593,UNGRD
2008-05-08 00:00:00,2008,Meteorological,4.233352,UNGRD
2008-05-17 00:00:00,2008,Meteorological,3.217408,UNGRD
2008-05-24 00:00:00,2008,Meteorological,14.037093,UNGRD
2008-06-03 00:00:00,2008,Meteorological,0.676329,UNGRD
2008-06-13 00:00:00,2008,Meteorological,1.101834,UNGRD
2008-06-21 00:00:00,2008,Meteorological,2.342517,UNGRD
2008-06-28 00:00:00,2008,Meteorological,0.489703,UNGRD
2008-07-05 00:00:00,2008,Meteorological,0.406091,UNGRD
2008-07-11 00:00:00,2008,Meteorological,0.604665,UNGRD
2008-07-21 00:00:00,2008,Meteorological,7.420778,UNGRD
2008-07-27 00:00:00,2008,Meteorological,2.928365,UNGRD
2008-08-07 00:00:00,2008,Meteorological,0.180652,UNGRD
2008-08-13 00:00:00,2008,Meteorological,1.16454,UNGRD
2008-08-19 00:00:00,2008,Meteorological,0.031353,UNGRD
2008-08-28 00:00:00,2008,Meteorological,0.353841,UNGRD
2008-09-04 00:00:00,2008,Meteorological,2.601389,UNGRD
2008-09-12 00:00:00,2008,Meteorological,2.298316,UNGRD
2008-09-18 00:00:00,2008,Meteorological,3.498269,UNGRD
2008-09-26 00:00:00,2008,Meteorological,1.28535,UNGRD
2008-10-06 00:00:00,2008,Meteorological,1.137666,UNGRD
2008-10-18 00:00:00,2008,Meteorological,0.10212,UNGRD
2008-10-24 00:00:00,2008,Meteorological,0.294119,UNGRD
2008-10-30 00:00:00,2008,Meteorological,0.470295,UNGRD
2008-11-07 00:00:00,2008,Meteorological,3.414676,UNGRD
2008-11-19 00:00:00,2008,Meteorological,0.26874,UNGRD
2008-11-28 00:00:00,2008,Meteorological,1.12154,UNGRD
2008-12-06 00:00:00,2008,Meteorological,0.559875,UNGRD
2008-12-12 00:00:00,2008,Meteorological,0.058227,UNGRD
2009-01-29 00:00:00,2009,Climatological,0.853087,UNGRD
2009-02-27 00:00:00,2009,Climatological,0.150492,UNGRD
2009-03-15 00:00:00,2009,Climatological,0.5524,UNGRD
2009-04-03 00:00:00,2009,Climatological,0.341892,UNGRD
2009-04-28 00:00:00,2009,Climatological,0.453268,UNGRD
2009-05-16 00:00:00,2009,Climatological,0.138847,UNGRD
2009-06-06 00:00:00,2009,Climatological,0.050361,UNGRD
2009-06-24 00:00:00,2009,Climatological,0.066885,UNGRD
2009-07-18 00:00:00,2009,Climatological,0.947805,UNGRD
2009-08-12 00:00:00,2009,Climatological,0.426394,UNGRD
2009-09-05 00:00:00,2009,Climatological,0.389673,UNGRD
2009-09-21 00:00:00,2009,Climatological,0.531062,UNGRD
2009-10-08 00:00:00,2009,Climatological,0.259778,UNGRD
2009-10-25 00:00:00,2009,Climatological,0.119141,UNGRD
2009-11-16 00:00:00,2009,Climatological,1.271529,UNGRD
2009-12-07 00:00:00,2009,Climatological,3.186164,UNGRD
2009-12-28 00:00:00,2009,Climatological,44.924282,UNGRD
2009-07-23 00:00:00,2009,Geophysical,0.067185,UNGRD
2009-12-18 00:00:00,2009,Geophysical,0.080502,UNGRD
2009-01-01 00:00:00,2009,Hydrological,7.43674,UNGRD
2009-01-12 00:00:00,2009,Hydrological,4.730624,UNGRD
2009-01-15 00:00:00,2009,Hydrological,3.344865,UNGRD
2009-01-18 00:00:00,2009,Hydrological,0.445116,UNGRD
2009-01-21 00:00:00,2009,Hydrological,2.367684,UNGRD
2009-01-24 00:00:00,2009,Hydrological,0.933374,UNGRD
2009-01-27 00:00:00,2009,Hydrological,2.671079,UNGRD
2009-01-31 00:00:00,2009,Hydrological,1.225167,UNGRD
2009-02-06 00:00:00,2009,Hydrological,0.591737,UNGRD
2009-02-10 00:00:00,2009,Hydrological,0.302383,UNGRD
2009-02-15 00:00:00,2009,Hydrological,92.640629,UNGRD
2009-02-19 00:00:00,2009,Hydrological,3.271076,UNGRD
2009-02-23 00:00:00,2009,Hydrological,0.204084,UNGRD
2009-03-02 00:00:00,2009,Hydrological,1.003296,UNGRD
2009-03-06 00:00:00,2009,Hydrological,4.513815,UNGRD
2009-03-09 00:00:00,2009,Hydrological,0.586749,UNGRD
2009-03-13 00:00:00,2009,Hydrological,8.881857,UNGRD
2009-03-16 00:00:00,2009,Hydrological,1.129798,UNGRD
2009-03-19 00:00:00,2009,Hydrological,0.846432,UNGRD
2009-03-22 00:00:00,2009,Hydrological,20.597968,UNGRD
2009-03-25 00:00:00,2009,Hydrological,9.366388,UNGRD
2009-03-28 00:00:00,2009,Hydrological,6.744672,UNGRD
2009-03-31 00:00:00,2009,Hydrological,12.981604,UNGRD
2009-04-03 00:00:00,2009,Hydrological,2.96567,UNGRD
2009-04-07 00:00:00,2009,Hydrological,3.148343,UNGRD
2009-04-11 00:00:00,2009,Hydrological,5.293991,UNGRD
2009-04-15 00:00:00,2009,Hydrological,1.365198,UNGRD
2009-04-20 00:00:00,2009,Hydrological,2.501404,UNGRD
2009-04-23 00:00:00,2009,Hydrological,24.984503,UNGRD
2009-04-27 00:00:00,2009,Hydrological,0.753585,UNGRD
2009-04-30 00:00:00,2009,Hydrological,3.942126,UNGRD
2009-05-03 00:00:00,2009,Hydrological,8.339965,UNGRD
2009-05-06 00:00:00,2009,Hydrological,2.02226,UNGRD
2009-05-11 00:00:00,2009,Hydrological,0.094859,UNGRD
2009-05-16 00:00:00,2009,Hydrological,0.232429,UNGRD
2009-05-19 00:00:00,2009,Hydrological,5.45071,UNGRD
2009-05-22 00:00:00,2009,Hydrological,0.4479,UNGRD
2009-05-25 00:00:00,2009,Hydrological,0.027482,UNGRD
2009-05-28 00:00:00,2009,Hydrological,0.042998,UNGRD
2009-06-01 00:00:00,2009,Hydrological,1.958024,UNGRD
2009-06-04 00:00:00,2009,Hydrological,5.632782,UNGRD
2009-06-07 00:00:00,2009,Hydrological,2.138737,UNGRD
2009-06-10 00:00:00,2009,Hydrological,18.240675,UNGRD
2009-06-13 00:00:00,2009,Hydrological,7.868706,UNGRD
2009-06-16 00:00:00,2009,Hydrological,12.346793,UNGRD
2009-06-22 00:00:00,2009,Hydrological,0.386887,UNGRD
2009-06-28 00:00:00,2009,Hydrological,0.527621,UNGRD
2009-07-01 00:00:00,2009,Hydrological,4.72904,UNGRD
2009-07-04 00:00:00,2009,Hydrological,0.381515,UNGRD
2009-07-07 00:00:00,2009,Hydrological,8.183916,UNGRD
2009-07-11 00:00:00,2009,Hydrological,1.554213,UNGRD
2009-07-14 00:00:00,2009,Hydrological,0.946366,UNGRD
2009-07-17 00:00:00,2009,Hydrological,2.699282,UNGRD
2009-07-23 00:00:00,2009,Hydrological,1.005678,UNGRD
2009-07-27 00:00:00,2009,Hydrological,0.741625,UNGRD
2009-08-10 00:00:00,2009,Hydrological,0.195284,UNGRD
2009-08-16 00:00:00,2009,Hydrological,2.905974,UNGRD
2009-08-22 00:00:00,2009,Hydrological,0.399526,UNGRD
2009-09-03 00:00:00,2009,Hydrological,0.026874,UNGRD
2009-09-13 00:00:00,2009,Hydrological,0.197971,UNGRD
2009-09-16 00:00:00,2009,Hydrological,9.098635,UNGRD
2009-09-29 00:00:00,2009,Hydrological,1.262307,UNGRD
2009-10-05 00:00:00,2009,Hydrological,0.436958,UNGRD
2009-10-10 00:00:00,2009,Hydrological,4.367025,UNGRD
2009-10-13 00:00:00,2009,Hydrological,53.92716,UNGRD
2009-10-19 00:00:00,2009,Hydrological,0.240874,UNGRD
2009-10-23 00:00:00,2009,Hydrological,5.437506,UNGRD
2009-10-30 00:00:00,2009,Hydrological,3.983105,UNGRD
2009-11-02 00:00:00,2009,Hydrological,6.61669,UNGRD
2009-11-05 00:00:00,2009,Hydrological,1.383106,UNGRD
2009-11-08 00:00:00,2009,Hydrological,2.468805,UNGRD
2009-11-12 00:00:00,2009,Hydrological,0.192597,UNGRD
2009-11-15 00:00:00,2009,Hydrological,3.16121,UNGRD
2009-11-18 00:00:00,2009,Hydrological,1.349074,UNGRD
2009-11-27 00:00:00,2009,Hydrological,0.470295,UNGRD
2009-12-01 00:00:00,2009,Hydrological,0.476558,UNGRD
2009-12-04 00:00:00,2009,Hydrological,0.163929,UNGRD
2009-12-09 00:00:00,2009,Hydrological,0.03404,UNGRD
2009-12-17 00:00:00,2009,Hydrological,0.026874,UNGRD
2009-12-26 00:00:00,2009,Hydrological,3.201208,UNGRD
2009-01-25 00:00:00,2009,Meteorological,0.58943,UNGRD
2009-02-03 00:00:00,2009,Meteorological,1.726183,UNGRD
2009-02-14 00:00:00,2009,Meteorological,0.824136,UNGRD
2009-02-23 00:00:00,2009,Meteorological,0.04479,UNGRD
2009-03-01 00:00:00,2009,Meteorological,0.315317,UNGRD
2009-03-07 00:00:00,2009,Meteorological,1.134082,UNGRD
2009-03-13 00:00:00,2009,Meteorological,0.836977,UNGRD
2009-03-27 00:00:00,2009,Meteorological,1.501058,UNGRD
2009-04-03 00:00:00,2009,Meteorological,0.995707,UNGRD
2009-04-09 00:00:00,2009,Meteorological,6.506773,UNGRD
2009-04-15 00:00:00,2009,Meteorological,1.304881,UNGRD
2009-04-22 00:00:00,2009,Meteorological,1.454328,UNGRD
2009-04-28 00:00:00,2009,Meteorological,1.215301,UNGRD
2009-05-04 00:00:00,2009,Meteorological,7.857211,UNGRD
2009-05-10 00:00:00,2009,Meteorological,3.051688,UNGRD
2009-05-16 00:00:00,2009,Meteorological,0.828615,UNGRD
2009-05-24 00:00:00,2009,Meteorological,2.181273,UNGRD
2009-06-02 00:00:00,2009,Meteorological,1.097232,UNGRD
2009-06-10 00:00:00,2009,Meteorological,2.064817,UNGRD
2009-06-16 00:00:00,2009,Meteorological,1.203057,UNGRD
2009-06-28 00:00:00,2009,Meteorological,0.918655,UNGRD
2009-07-09 00:00:00,2009,Meteorological,3.342514,UNGRD
2009-07-16 00:00:00,2009,Meteorological,2.942703,UNGRD
2009-07-28 00:00:00,2009,Meteorological,3.241292,UNGRD
2009-08-05 00:00:00,2009,Meteorological,1.007475,UNGRD
2009-08-12 00:00:00,2009,Meteorological,1.35853,UNGRD
2009-08-18 00:00:00,2009,Meteorological,1.180841,UNGRD
2009-08-24 00:00:00,2009,Meteorological,2.73057,UNGRD
2009-08-30 00:00:00,2009,Meteorological,3.298334,UNGRD
2009-09-05 00:00:00,2009,Meteorological,0.622581,UNGRD
2009-09-13 00:00:00,2009,Meteorological,1.692459,UNGRD
2009-09-19 00:00:00,2009,Meteorological,1.912533,UNGRD
2009-09-26 00:00:00,2009,Meteorological,1.447309,UNGRD
2009-10-02 00:00:00,2009,Meteorological,2.508234,UNGRD
2009-10-08 00:00:00,2009,Meteorological,2.499282,UNGRD
2009-10-14 00:00:00,2009,Meteorological,1.561676,UNGRD
2009-10-23 00:00:00,2009,Meteorological,0.94059,UNGRD
2009-11-02 00:00:00,2009,Meteorological,2.682921,UNGRD
2009-11-10 00:00:00,2009,Meteorological,0.17886,UNGRD
2009-11-16 00:00:00,2009,Meteorological,0.546438,UNGRD
2009-11-27 00:00:00,2009,Meteorological,0.022395,UNGRD
2009-12-06 00:00:00,2009,Meteorological,1.074834,UNGRD
2009-12-12 00:00:00,2009,Meteorological,0.116454,UNGRD
2009-12-24 00:00:00,2009,Meteorological,1.407301,UNGRD
2010-01-13 00:00:00,2010,Climatological,0.176,UNGRD
2010-02-01 00:00:00,2010,Climatological,3.6848,UNGRD
2010-02-17 00:00:00,2010,Climatological,0.234754,UNGRD
2010-03-08 00:00:00,2010,Climatological,0.102,UNGRD
2010-05-12 00:00:00,2010,Climatological,0.025082,UNGRD
2010-09-05 00:00:00,2010,Climatological,0.004479,UNGRD
2010-10-26 00:00:00,2010,Climatological,0.004479,UNGRD
2010-03-02 00:00:00,2010,Hydrological,0.420726,UNGRD
2010-04-07 00:00:00,2010,Hydrological,1.347879,UNGRD
2010-04-11 00:00:00,2010,Hydrological,0.238879,UNGRD
2010-04-14 00:00:00,2010,Hydrological,1.837283,UNGRD
2010-04-17 00:00:00,2010,Hydrological,0.261274,UNGRD
2010-04-27 00:00:00,2010,Hydrological,0.229324,UNGRD
2010-05-02 00:00:00,2010,Hydrological,0.137952,UNGRD
2010-05-05 00:00:00,2010,Hydrological,1.310513,UNGRD
2010-05-23 00:00:00,2010,Hydrological,0.810699,UNGRD
2010-05-26 00:00:00,2010,Hydrological,3.466746,UNGRD
2010-05-30 00:00:00,2010,Hydrological,0.722611,UNGRD
2010-06-04 00:00:00,2010,Hydrological,1.079439,UNGRD
2010-06-09 00:00:00,2010,Hydrological,2.6874,UNGRD
2010-06-16 00:00:00,2010,Hydrological,0.138849,UNGRD
2010-06-20 00:00:00,2010,Hydrological,0.004479,UNGRD
2010-06-29 00:00:00,2010,Hydrological,0.008958,UNGRD
2010-07-07 00:00:00,2010,Hydrological,0.474774,UNGRD
2010-07-13 00:00:00,2010,Hydrological,0.555396,UNGRD
2010-07-16 00:00:00,2010,Hydrological,0.44479,UNGRD
2010-07-26 00:00:00,2010,Hydrological,8.0,UNGRD
2010-07-29 00:00:00,2010,Hydrological,2.275326,UNGRD
2010-08-15 00:00:00,2010,Hydrological,1.703512,UNGRD
2010-08-18 00:00:00,2010,Hydrological,0.053748,UNGRD
2010-08-25 00:00:00,2010,Hydrological,1.477154,UNGRD
2010-09-01 00:00:00,2010,Hydrological,0.04479,UNGRD
2010-09-04 00:00:00,2010,Hydrological,0.17916,UNGRD
2010-09-13 00:00:00,2010,Hydrological,1.47807,UNGRD
2010-09-26 00:00:00,2010,Hydrological,0.008958,UNGRD
2010-10-01 00:00:00,2010,Hydrological,5.428989,UNGRD
2010-10-06 00:00:00,2010,Hydrological,0.185082,UNGRD
2010-10-13 00:00:00,2010,Hydrological,0.150492,UNGRD
2010-10-20 00:00:00,2010,Hydrological,0.4479,UNGRD
2010-10-27 00:00:00,2010,Hydrological,0.083309,UNGRD
2010-11-01 00:00:00,2010,Hydrological,4.866846,UNGRD
2010-11-07 00:00:00,2010,Hydrological,1.606169,UNGRD
2010-11-10 00:00:00,2010,Hydrological,9.473591,UNGRD
2010-11-13 00:00:00,2010,Hydrological,29.619632,UNGRD
2010-11-16 00:00:00,2010,Hydrological,16.166856,UNGRD
2010-11-20 00:00:00,2010,Hydrological,0.038519,UNGRD
2010-11-23 00:00:00,2010,Hydrological,0.453274,UNGRD
2010-11-26 00:00:00,2010,Hydrological,1.576608,UNGRD
2010-11-30 00:00:00,2010,Hydrological,0.76143,UNGRD
2010-12-03 00:00:00,2010,Hydrological,3.171132,UNGRD
2010-12-06 00:00:00,2010,Hydrological,0.49627,UNGRD
2010-12-14 00:00:00,2010,Hydrological,3.22488,UNGRD
2010-12-17 00:00:00,2010,Hydrological,0.497169,UNGRD
2010-01-27 00:00:00,2010,Meteorological,0.45136,UNGRD
2010-03-21 00:00:00,2010,Meteorological,0.241866,UNGRD
2010-03-30 00:00:00,2010,Meteorological,2.673963,UNGRD
2010-04-14 00:00:00,2010,Meteorological,0.008958,UNGRD
2010-05-24 00:00:00,2010,Meteorological,0.041803,UNGRD
2010-06-09 00:00:00,2010,Meteorological,0.456858,UNGRD
2010-09-01 00:00:00,2010,Meteorological,0.041803,UNGRD
2010-09-16 00:00:00,2010,Meteorological,2.485845,UNGRD
2010-09-25 00:00:00,2010,Meteorological,0.125409,UNGRD
2010-10-01 00:00:00,2010,Meteorological,0.201555,UNGRD
2010-10-16 00:00:00,2010,Meteorological,0.004479,UNGRD
2010-12-07 00:00:00,2010,Meteorological,0.04479,UNGRD
2010-04-06,2010,Hydrological,3495.73482,EM-DAT
2011-01-01 00:00:00,2011,Climatological,1.511193,UNGRD
2011-01-17 00:00:00,2011,Climatological,0.054643,UNGRD
2011-02-02 00:00:00,2011,Climatological,0.398625,UNGRD
2011-02-18 00:00:00,2011,Climatological,1.536929,UNGRD
2011-03-09 00:00:00,2011,Climatological,0.560762,UNGRD
2011-03-27 00:00:00,2011,Climatological,0.38698,UNGRD
2011-04-13 00:00:00,2011,Climatological,0.556283,UNGRD
2011-04-29 00:00:00,2011,Climatological,2.499839,UNGRD
2011-05-20 00:00:00,2011,Climatological,0.118244,UNGRD
2011-06-05 00:00:00,2011,Climatological,0.165529,UNGRD
2011-06-23 00:00:00,2011,Climatological,0.356524,UNGRD
2011-07-15 00:00:00,2011,Climatological,0.652132,UNGRD
2011-08-02 00:00:00,2011,Climatological,0.084204,UNGRD
2011-08-19 00:00:00,2011,Climatological,0.432665,UNGRD
2011-09-13 00:00:00,2011,Climatological,0.134368,UNGRD
2011-10-03 00:00:00,2011,Climatological,0.435352,UNGRD
2011-10-23 00:00:00,2011,Climatological,0.86869,UNGRD
2011-11-11 00:00:00,2011,Climatological,0.485516,UNGRD
2011-11-27 00:00:00,2011,Climatological,0.230217,UNGRD
2011-12-16 00:00:00,2011,Climatological,0.174679,UNGRD
2011-10-25 00:00:00,2011,Geophysical,0.013437,UNGRD
2011-01-01 00:00:00,2011,Hydrological,3.40399,UNGRD
2011-01-04 00:00:00,2011,Hydrological,0.588252,UNGRD
2011-01-07 00:00:00,2011,Hydrological,0.103017,UNGRD
2011-01-10 00:00:00,2011,Hydrological,2.919485,UNGRD
2011-01-14 00:00:00,2011,Hydrological,0.987873,UNGRD
2011-01-17 00:00:00,2011,Hydrological,1.308757,UNGRD
2011-01-20 00:00:00,2011,Hydrological,0.341428,UNGRD
2011-01-24 00:00:00,2011,Hydrological,1.492717,UNGRD
2011-02-01 00:00:00,2011,Hydrological,10.218369,UNGRD
2011-02-04 00:00:00,2011,Hydrological,23.794196,UNGRD
2011-02-07 00:00:00,2011,Hydrological,1.346522,UNGRD
2011-02-10 00:00:00,2011,Hydrological,17.469447,UNGRD
2011-02-13 00:00:00,2011,Hydrological,2.122303,UNGRD
2011-02-16 00:00:00,2011,Hydrological,1.232256,UNGRD
2011-02-20 00:00:00,2011,Hydrological,5.086103,UNGRD
2011-02-23 00:00:00,2011,Hydrological,0.740439,UNGRD
2011-02-26 00:00:00,2011,Hydrological,15.226418,UNGRD
2011-03-01 00:00:00,2011,Hydrological,8.288678,UNGRD
2011-03-04 00:00:00,2011,Hydrological,0.600184,UNGRD
2011-03-07 00:00:00,2011,Hydrological,15.979763,UNGRD
2011-03-10 00:00:00,2011,Hydrological,0.14077,UNGRD
2011-03-14 00:00:00,2011,Hydrological,1.131395,UNGRD
2011-03-17 00:00:00,2011,Hydrological,0.267746,UNGRD
2011-03-20 00:00:00,2011,Hydrological,9.482288,UNGRD
2011-03-23 00:00:00,2011,Hydrological,3.427374,UNGRD
2011-03-26 00:00:00,2011,Hydrological,2.060336,UNGRD
2011-03-30 00:00:00,2011,Hydrological,17.653145,UNGRD
2011-04-02 00:00:00,2011,Hydrological,23.59378,UNGRD
2011-04-05 00:00:00,2011,Hydrological,3.865523,UNGRD
2011-04-08 00:00:00,2011,Hydrological,16.247619,UNGRD
2011-04-11 00:00:00,2011,Hydrological,46.011862,UNGRD
2011-04-14 00:00:00,2011,Hydrological,52.36673,UNGRD
2011-04-17 00:00:00,2011,Hydrological,58.568926,UNGRD
2011-04-20 00:00:00,2011,Hydrological,75.713792,UNGRD
2011-04-23 00:00:00,2011,Hydrological,21.577978,UNGRD
2011-04-26 00:00:00,2011,Hydrological,28.172158,UNGRD
2011-04-29 00:00:00,2011,Hydrological,22.674337,UNGRD
2011-05-02 00:00:00,2011,Hydrological,37.694198,UNGRD
2011-05-05 00:00:00,2011,Hydrological,10.176788,UNGRD
2011-05-08 00:00:00,2011,Hydrological,8.824557,UNGRD
2011-05-11 00:00:00,2011,Hydrological,27.284639,UNGRD
2011-05-14 00:00:00,2011,Hydrological,30.826083,UNGRD
2011-05-17 00:00:00,2011,Hydrological,40.942159,UNGRD
2011-05-20 00:00:00,2011,Hydrological,6.389947,UNGRD
2011-05-23 00:00:00,2011,Hydrological,25.921021,UNGRD
2011-05-26 00:00:00,2011,Hydrological,14.036614,UNGRD
2011-05-29 00:00:00,2011,Hydrological,14.649836,UNGRD
2011-06-01 00:00:00,2011,Hydrological,19.466429,UNGRD
2011-06-04 00:00:00,2011,Hydrological,12.717043,UNGRD
2011-06-07 00:00:00,2011,Hydrological,23.277605,UNGRD
2011-06-10 00:00:00,2011,Hydrological,0.794745,UNGRD
2011-06-13 00:00:00,2011,Hydrological,8.818627,UNGRD
2011-06-16 00:00:00,2011,Hydrological,7.765423,UNGRD
2011-06-19 00:00:00,2011,Hydrological,9.924302,UNGRD
2011-06-22 00:00:00,2011,Hydrological,54.436875,UNGRD
2011-06-25 00:00:00,2011,Hydrological,0.010879,UNGRD
2011-06-28 00:00:00,2011,Hydrological,64.91609,UNGRD
2011-07-01 00:00:00,2011,Hydrological,0.347571,UNGRD
2011-07-04 00:00:00,2011,Hydrological,11.06692,UNGRD
2011-07-07 00:00:00,2011,Hydrological,18.687906,UNGRD
2011-07-11 00:00:00,2011,Hydrological,2.651568,UNGRD
2011-07-14 00:00:00,2011,Hydrological,11.301412,UNGRD
2011-07-17 00:00:00,2011,Hydrological,6.877573,UNGRD
2011-07-21 00:00:00,2011,Hydrological,0.984483,UNGRD
2011-07-25 00:00:00,2011,Hydrological,1.635631,UNGRD
2011-07-28 00:00:00,2011,Hydrological,19.14862,UNGRD
2011-07-31 00:00:00,2011,Hydrological,1.783892,UNGRD
2011-08-03 00:00:00,2011,Hydrological,0.897995,UNGRD
2011-08-08 00:00:00,2011,Hydrological,1.279182,UNGRD
2011-08-11 00:00:00,2011,Hydrological,0.501648,UNGRD
2011-08-14 00:00:00,2011,Hydrological,24.05265,UNGRD
2011-08-17 00:00:00,2011,Hydrological,3.894543,UNGRD
2011-08-22 00:00:00,2011,Hydrological,0.754683,UNGRD
2011-08-25 00:00:00,2011,Hydrological,0.114375,UNGRD
2011-08-28 00:00:00,2011,Hydrological,1.918712,UNGRD
2011-09-01 00:00:00,2011,Hydrological,14.598633,UNGRD
2011-09-04 00:00:00,2011,Hydrological,1.050591,UNGRD
2011-09-08 00:00:00,2011,Hydrological,6.761506,UNGRD
2011-09-11 00:00:00,2011,Hydrological,2.948096,UNGRD
2011-09-15 00:00:00,2011,Hydrological,7.037938,UNGRD
2011-09-18 00:00:00,2011,Hydrological,3.393119,UNGRD
2011-09-21 00:00:00,2011,Hydrological,7.510964,UNGRD
2011-09-24 00:00:00,2011,Hydrological,0.309051,UNGRD
2011-09-27 00:00:00,2011,Hydrological,0.178008,UNGRD
2011-09-30 00:00:00,2011,Hydrological,12.738157,UNGRD
2011-10-03 00:00:00,2011,Hydrological,5.682891,UNGRD
2011-10-06 00:00:00,2011,Hydrological,9.973551,UNGRD
2011-10-10 00:00:00,2011,Hydrological,10.207496,UNGRD
2011-10-13 00:00:00,2011,Hydrological,56.426334,UNGRD
2011-10-16 00:00:00,2011,Hydrological,30.485654,UNGRD
2011-10-19 00:00:00,2011,Hydrological,114.051916,UNGRD
2011-10-22 00:00:00,2011,Hydrological,15.559276,UNGRD
2011-10-25 00:00:00,2011,Hydrological,0.523625,UNGRD
2011-10-28 00:00:00,2011,Hydrological,18.828907,UNGRD
2011-10-31 00:00:00,2011,Hydrological,0.331562,UNGRD
2011-11-03 00:00:00,2011,Hydrological,3.218233,UNGRD
2011-11-06 00:00:00,2011,Hydrological,14.326371,UNGRD
2011-11-09 00:00:00,2011,Hydrological,11.145524,UNGRD
2011-11-12 00:00:00,2011,Hydrological,43.237933,UNGRD
2011-11-15 00:00:00,2011,Hydrological,10.473012,UNGRD
2011-11-18 00:00:00,2011,Hydrological,15.312257,UNGRD
2011-11-21 00:00:00,2011,Hydrological,71.640929,UNGRD
2011-11-24 00:00:00,2011,Hydrological,31.350147,UNGRD
2011-11-27 00:00:00,2011,Hydrological,20.673907,UNGRD
2011-11-30 00:00:00,2011,Hydrological,59.832989,UNGRD
2011-12-03 00:00:00,2011,Hydrological,5.838398,UNGRD
2011-12-06 00:00:00,2011,Hydrological,82.967239,UNGRD
2011-12-09 00:00:00,2011,Hydrological,27.816893,UNGRD
2011-12-12 00:00:00,2011,Hydrological,82.661649,UNGRD
2011-12-15 00:00:00,2011,Hydrological,24.277976,UNGRD
2011-12-18 00:00:00,2011,Hydrological,11.997609,UNGRD
2011-12-21 00:00:00,2011,Hydrological,0.517215,UNGRD
2011-12-24 00:00:00,2011,Hydrological,4.19531,UNGRD
2011-12-28 00:00:00,2011,Hydrological,0.047477,UNGRD
2011-12-31 00:00:00,2011,Hydrological,3.826177,UNGRD
2011-01-02 00:00:00,2011,Meteorological,0.08958,UNGRD
2011-01-20 00:00:00,2011,Meteorological,0.008958,UNGRD
2011-01-27 00:00:00,2011,Meteorological,0.13437,UNGRD
2011-02-10 00:00:00,2011,Meteorological,0.552409,UNGRD
2011-02-23 00:00:00,2011,Meteorological,1.773682,UNGRD
2011-03-01 00:00:00,2011,Meteorological,0.559101,UNGRD
2011-03-08 00:00:00,2011,Meteorological,0.53748,UNGRD
2011-03-24 00:00:00,2011,Meteorological,4.283293,UNGRD
2011-03-30 00:00:00,2011,Meteorological,9.432757,UNGRD
2011-04-05 00:00:00,2011,Meteorological,0.210513,UNGRD
2011-04-14 00:00:00,2011,Meteorological,0.040311,UNGRD
2011-04-20 00:00:00,2011,Meteorological,0.243358,UNGRD
2011-04-26 00:00:00,2011,Meteorological,0.563767,UNGRD
2011-05-02 00:00:00,2011,Meteorological,1.429001,UNGRD
2011-05-08 00:00:00,2011,Meteorological,1.547638,UNGRD
2011-05-15 00:00:00,2011,Meteorological,1.052565,UNGRD
2011-05-21 00:00:00,2011,Meteorological,0.207523,UNGRD
2011-05-30 00:00:00,2011,Meteorological,0.98538,UNGRD
2011-06-05 00:00:00,2011,Meteorological,0.241866,UNGRD
2011-06-11 00:00:00,2011,Meteorological,1.49855,UNGRD
2011-06-18 00:00:00,2011,Meteorological,3.353276,UNGRD
2011-06-24 00:00:00,2011,Meteorological,1.172057,UNGRD
2011-06-30 00:00:00,2011,Meteorological,124.57553106666676,UNGRD
2011-07-10 00:00:00,2011,Meteorological,0.265753,UNGRD
2011-07-20 00:00:00,2011,Meteorological,0.107496,UNGRD
2011-07-27 00:00:00,2011,Meteorological,2.475384,UNGRD
2011-08-03 00:00:00,2011,Meteorological,1.07167,UNGRD
2011-08-12 00:00:00,2011,Meteorological,1.891626,UNGRD
2011-08-18 00:00:00,2011,Meteorological,1.086301,UNGRD
2011-08-24 00:00:00,2011,Meteorological,2.375561,UNGRD
2011-08-30 00:00:00,2011,Meteorological,3.443078,UNGRD
2011-09-06 00:00:00,2011,Meteorological,5.384573,UNGRD
2011-09-13 00:00:00,2011,Meteorological,1.922371,UNGRD
2011-09-20 00:00:00,2011,Meteorological,1.954634,UNGRD
2011-09-26 00:00:00,2011,Meteorological,5.340745,UNGRD
2011-10-03 00:00:00,2011,Meteorological,0.349242,UNGRD
2011-10-10 00:00:00,2011,Meteorological,0.695737,UNGRD
2011-10-16 00:00:00,2011,Meteorological,1.248742,UNGRD
2011-10-22 00:00:00,2011,Meteorological,0.589436,UNGRD
2011-11-01 00:00:00,2011,Meteorological,0.837573,UNGRD
2011-11-07 00:00:00,2011,Meteorological,0.292627,UNGRD
2011-11-15 00:00:00,2011,Meteorological,0.085101,UNGRD
2011-11-25 00:00:00,2011,Meteorological,0.4479,UNGRD
2011-12-04 00:00:00,2011,Meteorological,0.004479,UNGRD
2011-12-12 00:00:00,2011,Meteorological,0.022395,UNGRD
2012-01-01 00:00:00,2012,Climatological,1.795019,UNGRD
2012-01-17 00:00:00,2012,Climatological,11.573661,UNGRD
2012-02-02 00:00:00,2012,Climatological,2.836066,UNGRD
2012-02-18 00:00:00,2012,Climatological,11.822059,UNGRD
2012-03-05 00:00:00,2012,Climatological,9.941679,UNGRD
2012-03-21 00:00:00,2012,Climatological,2.090626,UNGRD
2012-04-06 00:00:00,2012,Climatological,0.625089,UNGRD
2012-04-28 00:00:00,2012,Climatological,0.726334,UNGRD
2012-05-14 00:00:00,2012,Climatological,2.66251,UNGRD
2012-05-31 00:00:00,2012,Climatological,0.348053,UNGRD
2012-06-19 00:00:00,2012,Climatological,1.161809,UNGRD
2012-07-05 00:00:00,2012,Climatological,2.617313,UNGRD
2012-07-21 00:00:00,2012,Climatological,5.586507,UNGRD
2012-08-06 00:00:00,2012,Climatological,3.385869,UNGRD
2012-08-22 00:00:00,2012,Climatological,13.162735,UNGRD
2012-09-07 00:00:00,2012,Climatological,26.286084,UNGRD
2012-09-23 00:00:00,2012,Climatological,1.195365,UNGRD
2012-10-09 00:00:00,2012,Climatological,0.561103,UNGRD
2012-10-29 00:00:00,2012,Climatological,0.111443,UNGRD
2012-11-14 00:00:00,2012,Climatological,0.14461,UNGRD
2012-11-30 00:00:00,2012,Climatological,0.993991,UNGRD
2012-12-17 00:00:00,2012,Climatological,0.357689,UNGRD
2012-02-24 00:00:00,2012,Geophysical,0.106001,UNGRD
2012-07-09 00:00:00,2012,Geophysical,0.083606,UNGRD
2012-08-20 00:00:00,2012,Geophysical,0.385832,UNGRD
2012-09-30 00:00:00,2012,Geophysical,6.946306,UNGRD
2012-10-29 00:00:00,2012,Geophysical,0.046282,UNGRD
2012-01-03 00:00:00,2012,Hydrological,11.884785,UNGRD
2012-01-06 00:00:00,2012,Hydrological,2.64406,UNGRD
2012-01-09 00:00:00,2012,Hydrological,0.73279,UNGRD
2012-01-12 00:00:00,2012,Hydrological,12.242553,UNGRD
2012-01-16 00:00:00,2012,Hydrological,1.094204,UNGRD
2012-01-19 00:00:00,2012,Hydrological,4.812808,UNGRD
2012-01-22 00:00:00,2012,Hydrological,9.385289,UNGRD
2012-01-25 00:00:00,2012,Hydrological,24.284684,UNGRD
2012-01-28 00:00:00,2012,Hydrological,0.581151,UNGRD
2012-01-31 00:00:00,2012,Hydrological,2.022426,UNGRD
2012-02-03 00:00:00,2012,Hydrological,0.890851,UNGRD
2012-02-06 00:00:00,2012,Hydrological,5.157122,UNGRD
2012-02-09 00:00:00,2012,Hydrological,1.034252,UNGRD
2012-02-12 00:00:00,2012,Hydrological,2.198235,UNGRD
2012-02-15 00:00:00,2012,Hydrological,2.54555,UNGRD
2012-02-18 00:00:00,2012,Hydrological,1.630742,UNGRD
2012-02-22 00:00:00,2012,Hydrological,2.071764,UNGRD
2012-02-25 00:00:00,2012,Hydrological,0.177068,UNGRD
2012-02-28 00:00:00,2012,Hydrological,1.150794,UNGRD
2012-03-03 00:00:00,2012,Hydrological,2.293826,UNGRD
2012-03-06 00:00:00,2012,Hydrological,0.076464,UNGRD
2012-03-10 00:00:00,2012,Hydrological,1.669188,UNGRD
2012-03-15 00:00:00,2012,Hydrological,0.973874,UNGRD
2012-03-18 00:00:00,2012,Hydrological,2.383179,UNGRD
2012-03-21 00:00:00,2012,Hydrological,4.209048,UNGRD
2012-03-24 00:00:00,2012,Hydrological,10.019091,UNGRD
2012-03-27 00:00:00,2012,Hydrological,19.066791,UNGRD
2012-03-30 00:00:00,2012,Hydrological,6.533677,UNGRD
2012-04-02 00:00:00,2012,Hydrological,7.627955,UNGRD
2012-04-05 00:00:00,2012,Hydrological,4.989151,UNGRD
2012-04-08 00:00:00,2012,Hydrological,17.896895,UNGRD
2012-04-11 00:00:00,2012,Hydrological,25.914054,UNGRD
2012-04-14 00:00:00,2012,Hydrological,10.204666,UNGRD
2012-04-17 00:00:00,2012,Hydrological,4.686708,UNGRD
2012-04-20 00:00:00,2012,Hydrological,32.097425,UNGRD
2012-04-23 00:00:00,2012,Hydrological,16.703541,UNGRD
2012-04-26 00:00:00,2012,Hydrological,21.812692,UNGRD
2012-04-29 00:00:00,2012,Hydrological,1.934102,UNGRD
2012-05-02 00:00:00,2012,Hydrological,9.48639,UNGRD
2012-05-05 00:00:00,2012,Hydrological,6.177929,UNGRD
2012-05-08 00:00:00,2012,Hydrological,7.954134,UNGRD
2012-05-11 00:00:00,2012,Hydrological,1.275828,UNGRD
2012-05-14 00:00:00,2012,Hydrological,1.410584,UNGRD
2012-05-17 00:00:00,2012,Hydrological,1.348275,UNGRD
2012-05-20 00:00:00,2012,Hydrological,8.566961,UNGRD
2012-05-23 00:00:00,2012,Hydrological,8.328372,UNGRD
2012-05-27 00:00:00,2012,Hydrological,3.286538,UNGRD
2012-05-30 00:00:00,2012,Hydrological,4.06991,UNGRD
2012-06-02 00:00:00,2012,Hydrological,0.019516,UNGRD
2012-06-07 00:00:00,2012,Hydrological,0.319201,UNGRD
2012-06-10 00:00:00,2012,Hydrological,7.990582,UNGRD
2012-06-13 00:00:00,2012,Hydrological,0.840102,UNGRD
2012-06-16 00:00:00,2012,Hydrological,2.600277,UNGRD
2012-06-22 00:00:00,2012,Hydrological,0.0008,UNGRD
2012-06-26 00:00:00,2012,Hydrological,5.65861,UNGRD
2012-06-30 00:00:00,2012,Hydrological,0.597307,UNGRD
2012-07-03 00:00:00,2012,Hydrological,0.050964,UNGRD
2012-07-06 00:00:00,2012,Hydrological,0.657718,UNGRD
2012-07-10 00:00:00,2012,Hydrological,0.473387,UNGRD
2012-07-13 00:00:00,2012,Hydrological,0.101905,UNGRD
2012-07-18 00:00:00,2012,Hydrological,60.230145,UNGRD
2012-07-22 00:00:00,2012,Hydrological,0.242603,UNGRD
2012-07-26 00:00:00,2012,Hydrological,5.243601,UNGRD
2012-07-29 00:00:00,2012,Hydrological,17.91575,UNGRD
2012-08-01 00:00:00,2012,Hydrological,1.73446,UNGRD
2012-08-04 00:00:00,2012,Hydrological,0.992589,UNGRD
2012-08-07 00:00:00,2012,Hydrological,1.104416,UNGRD
2012-08-10 00:00:00,2012,Hydrological,1.30099,UNGRD
2012-08-13 00:00:00,2012,Hydrological,0.866174,UNGRD
2012-08-16 00:00:00,2012,Hydrological,0.353838,UNGRD
2012-08-20 00:00:00,2012,Hydrological,0.138691,UNGRD
2012-08-24 00:00:00,2012,Hydrological,18.510152,UNGRD
2012-08-27 00:00:00,2012,Hydrological,1.183159,UNGRD
2012-08-30 00:00:00,2012,Hydrological,5.842704,UNGRD
2012-09-02 00:00:00,2012,Hydrological,1.48852,UNGRD
2012-09-10 00:00:00,2012,Hydrological,0.382636,UNGRD
2012-09-18 00:00:00,2012,Hydrological,0.376236,UNGRD
2012-09-24 00:00:00,2012,Hydrological,0.443421,UNGRD
2012-09-27 00:00:00,2012,Hydrological,2.635575,UNGRD
2012-10-01 00:00:00,2012,Hydrological,0.267353,UNGRD
2012-10-05 00:00:00,2012,Hydrological,0.766756,UNGRD
2012-10-08 00:00:00,2012,Hydrological,1.340021,UNGRD
2012-10-16 00:00:00,2012,Hydrological,10.401077,UNGRD
2012-10-19 00:00:00,2012,Hydrological,1.456209,UNGRD
2012-10-22 00:00:00,2012,Hydrological,5.081715,UNGRD
2012-10-25 00:00:00,2012,Hydrological,6.72859,UNGRD
2012-10-29 00:00:00,2012,Hydrological,11.448316,UNGRD
2012-11-01 00:00:00,2012,Hydrological,1.74761,UNGRD
2012-11-05 00:00:00,2012,Hydrological,6.479834,UNGRD
2012-11-08 00:00:00,2012,Hydrological,0.117349,UNGRD
2012-11-13 00:00:00,2012,Hydrological,0.219471,UNGRD
2012-11-16 00:00:00,2012,Hydrological,10.602492,UNGRD
2012-11-20 00:00:00,2012,Hydrological,0.176281,UNGRD
2012-11-23 00:00:00,2012,Hydrological,0.57928,UNGRD
2012-11-26 00:00:00,2012,Hydrological,1.128518,UNGRD
2012-11-29 00:00:00,2012,Hydrological,0.386089,UNGRD
2012-12-04 00:00:00,2012,Hydrological,0.755348,UNGRD
2012-12-07 00:00:00,2012,Hydrological,0.011358,UNGRD
2012-12-11 00:00:00,2012,Hydrological,0.721117,UNGRD
2012-12-15 00:00:00,2012,Hydrological,0.017916,UNGRD
2012-12-18 00:00:00,2012,Hydrological,0.297546,UNGRD
2012-12-21 00:00:00,2012,Hydrological,0.3532,UNGRD
2012-12-24 00:00:00,2012,Hydrological,0.121733,UNGRD
2012-12-27 00:00:00,2012,Hydrological,0.04559,UNGRD
2012-01-03 00:00:00,2012,Meteorological,2.249947,UNGRD
2012-01-13 00:00:00,2012,Meteorological,1.500465,UNGRD
2012-01-25 00:00:00,2012,Meteorological,0.069872,UNGRD
2012-02-01 00:00:00,2012,Meteorological,0.13677,UNGRD
2012-02-08 00:00:00,2012,Meteorological,0.299493,UNGRD
2012-02-14 00:00:00,2012,Meteorological,0.379818,UNGRD
2012-02-23 00:00:00,2012,Meteorological,1.139658,UNGRD
2012-02-29 00:00:00,2012,Meteorological,5.882843,UNGRD
2012-03-06 00:00:00,2012,Meteorological,6.368079,UNGRD
2012-03-13 00:00:00,2012,Meteorological,2.36491,UNGRD
2012-03-19 00:00:00,2012,Meteorological,2.156076,UNGRD
2012-03-25 00:00:00,2012,Meteorological,4.859802,UNGRD
2012-03-31 00:00:00,2012,Meteorological,1.840766,UNGRD
2012-04-07 00:00:00,2012,Meteorological,0.728582,UNGRD
2012-04-13 00:00:00,2012,Meteorological,1.006385,UNGRD
2012-04-19 00:00:00,2012,Meteorological,0.559875,UNGRD
2012-04-27 00:00:00,2012,Meteorological,1.259504,UNGRD
2012-05-03 00:00:00,2012,Meteorological,1.020451,UNGRD
2012-05-09 00:00:00,2012,Meteorological,1.126916,UNGRD
2012-05-18 00:00:00,2012,Meteorological,1.289055,UNGRD
2012-05-24 00:00:00,2012,Meteorological,2.00211,UNGRD
2012-05-30 00:00:00,2012,Meteorological,14.137002,UNGRD
2012-06-05 00:00:00,2012,Meteorological,7.532518,UNGRD
2012-06-11 00:00:00,2012,Meteorological,4.956707,UNGRD
2012-06-17 00:00:00,2012,Meteorological,24.411749,UNGRD
2012-06-23 00:00:00,2012,Meteorological,3.54843,UNGRD
2012-06-29 00:00:00,2012,Meteorological,0.328459,UNGRD
2012-07-05 00:00:00,2012,Meteorological,3.005404,UNGRD
2012-07-11 00:00:00,2012,Meteorological,3.241597,UNGRD
2012-07-17 00:00:00,2012,Meteorological,13.044749,UNGRD
2012-07-23 00:00:00,2012,Meteorological,1.091379,UNGRD
2012-07-29 00:00:00,2012,Meteorological,4.183086,UNGRD
2012-08-04 00:00:00,2012,Meteorological,4.337152,UNGRD
2012-08-10 00:00:00,2012,Meteorological,1.721425,UNGRD
2012-08-16 00:00:00,2012,Meteorological,40.731561,UNGRD
2012-08-22 00:00:00,2012,Meteorological,13.657047,UNGRD
2012-08-28 00:00:00,2012,Meteorological,17.661811,UNGRD
2012-09-03 00:00:00,2012,Meteorological,7.565028,UNGRD
2012-09-09 00:00:00,2012,Meteorological,16.17366,UNGRD
2012-09-15 00:00:00,2012,Meteorological,15.165189,UNGRD
2012-09-21 00:00:00,2012,Meteorological,6.642319,UNGRD
2012-09-27 00:00:00,2012,Meteorological,14.373394,UNGRD
2012-10-03 00:00:00,2012,Meteorological,4.65517,UNGRD
2012-10-09 00:00:00,2012,Meteorological,2.450013,UNGRD
2012-10-18 00:00:00,2012,Meteorological,0.609144,UNGRD
2012-10-24 00:00:00,2012,Meteorological,11.070729,UNGRD
2012-10-30 00:00:00,2012,Meteorological,1.506765,UNGRD
2012-11-06 00:00:00,2012,Meteorological,0.450587,UNGRD
2012-11-15 00:00:00,2012,Meteorological,1.154383,UNGRD
2012-11-21 00:00:00,2012,Meteorological,1.234709,UNGRD
2012-11-27 00:00:00,2012,Meteorological,1.100042,UNGRD
2012-12-03 00:00:00,2012,Meteorological,0.495671,UNGRD
2012-12-09 00:00:00,2012,Meteorological,2.109609,UNGRD
2012-12-15 00:00:00,2012,Meteorological,0.488211,UNGRD
2013-01-02 00:00:00,2013,Climatological,5.970511,UNGRD
2013-01-18 00:00:00,2013,Climatological,7.572118,UNGRD
2013-02-03 00:00:00,2013,Climatological,7.694034,UNGRD
2013-02-19 00:00:00,2013,Climatological,6.810579,UNGRD
2013-03-07 00:00:00,2013,Climatological,1.844079,UNGRD
2013-03-24 00:00:00,2013,Climatological,2.264762,UNGRD
2013-04-09 00:00:00,2013,Climatological,1.15675,UNGRD
2013-04-25 00:00:00,2013,Climatological,0.640357,UNGRD
2013-05-11 00:00:00,2013,Climatological,0.526565,UNGRD
2013-05-27 00:00:00,2013,Climatological,0.580192,UNGRD
2013-06-13 00:00:00,2013,Climatological,0.503962,UNGRD
2013-06-29 00:00:00,2013,Climatological,0.604005,UNGRD
2013-07-15 00:00:00,2013,Climatological,6.085979,UNGRD
2013-07-31 00:00:00,2013,Climatological,1.599203,UNGRD
2013-08-16 00:00:00,2013,Climatological,2.340768,UNGRD
2013-09-01 00:00:00,2013,Climatological,3.805813,UNGRD
2013-09-17 00:00:00,2013,Climatological,4.69511,UNGRD
2013-10-03 00:00:00,2013,Climatological,2.029378,UNGRD
2013-10-20 00:00:00,2013,Climatological,0.894229,UNGRD
2013-11-05 00:00:00,2013,Climatological,0.94513,UNGRD
2013-11-21 00:00:00,2013,Climatological,0.394484,UNGRD
2013-12-07 00:00:00,2013,Climatological,4.119053,UNGRD
2013-12-23 00:00:00,2013,Climatological,2.195275,UNGRD
2013-02-09 00:00:00,2013,Geophysical,49.334442,UNGRD
2013-03-07 00:00:00,2013,Geophysical,0.318009,UNGRD
2013-04-18 00:00:00,2013,Geophysical,0.361301,UNGRD
2013-08-27 00:00:00,2013,Geophysical,0.017916,UNGRD
2013-01-11 00:00:00,2013,Hydrological,0.200656,UNGRD
2013-01-15 00:00:00,2013,Hydrological,0.040311,UNGRD
2013-01-25 00:00:00,2013,Hydrological,0.2,UNGRD
2013-02-04 00:00:00,2013,Hydrological,0.56146,UNGRD
2013-02-07 00:00:00,2013,Hydrological,7.692775,UNGRD
2013-02-10 00:00:00,2013,Hydrological,0.559096,UNGRD
2013-02-13 00:00:00,2013,Hydrological,0.860222,UNGRD
2013-02-17 00:00:00,2013,Hydrological,3.205003,UNGRD
2013-02-20 00:00:00,2013,Hydrological,3.804918,UNGRD
2013-02-24 00:00:00,2013,Hydrological,0.094954,UNGRD
2013-02-28 00:00:00,2013,Hydrological,0.903203,UNGRD
2013-03-03 00:00:00,2013,Hydrological,1.448317,UNGRD
2013-03-11 00:00:00,2013,Hydrological,0.938187,UNGRD
2013-03-15 00:00:00,2013,Hydrological,32.034299,UNGRD
2013-03-18 00:00:00,2013,Hydrological,9.628668,UNGRD
2013-03-21 00:00:00,2013,Hydrological,1.811553,UNGRD
2013-03-24 00:00:00,2013,Hydrological,3.277249,UNGRD
2013-03-28 00:00:00,2013,Hydrological,0.171002,UNGRD
2013-04-01 00:00:00,2013,Hydrological,0.146015,UNGRD
2013-04-05 00:00:00,2013,Hydrological,0.385194,UNGRD
2013-04-08 00:00:00,2013,Hydrological,0.23221,UNGRD
2013-04-11 00:00:00,2013,Hydrological,0.264261,UNGRD
2013-04-16 00:00:00,2013,Hydrological,4.189252,UNGRD
2013-04-19 00:00:00,2013,Hydrological,1.011664,UNGRD
2013-04-22 00:00:00,2013,Hydrological,3.025202,UNGRD
2013-04-25 00:00:00,2013,Hydrological,6.916872,UNGRD
2013-04-28 00:00:00,2013,Hydrological,0.559007,UNGRD
2013-05-01 00:00:00,2013,Hydrological,1.706293,UNGRD
2013-05-04 00:00:00,2013,Hydrological,3.961882,UNGRD
2013-05-07 00:00:00,2013,Hydrological,5.677217,UNGRD
2013-05-10 00:00:00,2013,Hydrological,2.154087,UNGRD
2013-05-13 00:00:00,2013,Hydrological,0.753272,UNGRD
2013-05-16 00:00:00,2013,Hydrological,1.266225,UNGRD
2013-05-19 00:00:00,2013,Hydrological,4.342394,UNGRD
2013-05-22 00:00:00,2013,Hydrological,5.252777,UNGRD
2013-05-26 00:00:00,2013,Hydrological,10.893202,UNGRD
2013-05-29 00:00:00,2013,Hydrological,7.898542,UNGRD
2013-06-01 00:00:00,2013,Hydrological,4.950622,UNGRD
2013-06-04 00:00:00,2013,Hydrological,1.91602,UNGRD
2013-06-09 00:00:00,2013,Hydrological,0.009758,UNGRD
2013-06-12 00:00:00,2013,Hydrological,0.152774,UNGRD
2013-06-15 00:00:00,2013,Hydrological,1.103132,UNGRD
2013-06-18 00:00:00,2013,Hydrological,0.543492,UNGRD
2013-06-23 00:00:00,2013,Hydrological,0.069585,UNGRD
2013-06-27 00:00:00,2013,Hydrological,0.260795,UNGRD
2013-06-30 00:00:00,2013,Hydrological,0.20405,UNGRD
2013-07-04 00:00:00,2013,Hydrological,1.123918,UNGRD
2013-07-09 00:00:00,2013,Hydrological,0.702049,UNGRD
2013-07-12 00:00:00,2013,Hydrological,0.111878,UNGRD
2013-07-15 00:00:00,2013,Hydrological,11.775973,UNGRD
2013-07-18 00:00:00,2013,Hydrological,12.933436,UNGRD
2013-07-22 00:00:00,2013,Hydrological,1.028089,UNGRD
2013-07-25 00:00:00,2013,Hydrological,59.649363,UNGRD
2013-07-29 00:00:00,2013,Hydrological,3.337649,UNGRD
2013-08-01 00:00:00,2013,Hydrological,0.34633,UNGRD
2013-08-04 00:00:00,2013,Hydrological,0.046282,UNGRD
2013-08-07 00:00:00,2013,Hydrological,0.625262,UNGRD
2013-08-10 00:00:00,2013,Hydrological,0.611565,UNGRD
2013-08-13 00:00:00,2013,Hydrological,12.561555,UNGRD
2013-08-16 00:00:00,2013,Hydrological,4.162582,UNGRD
2013-08-19 00:00:00,2013,Hydrological,0.711169,UNGRD
2013-08-22 00:00:00,2013,Hydrological,0.247145,UNGRD
2013-08-25 00:00:00,2013,Hydrological,0.196084,UNGRD
2013-08-28 00:00:00,2013,Hydrological,9.732766,UNGRD
2013-08-31 00:00:00,2013,Hydrological,7.395629,UNGRD
2013-09-03 00:00:00,2013,Hydrological,2.32677,UNGRD
2013-09-06 00:00:00,2013,Hydrological,12.328233,UNGRD
2013-09-09 00:00:00,2013,Hydrological,0.448063,UNGRD
2013-09-12 00:00:00,2013,Hydrological,0.073264,UNGRD
2013-09-15 00:00:00,2013,Hydrological,3.634749,UNGRD
2013-09-18 00:00:00,2013,Hydrological,1.976839,UNGRD
2013-09-21 00:00:00,2013,Hydrological,0.69105,UNGRD
2013-09-27 00:00:00,2013,Hydrological,2.736247,UNGRD
2013-09-30 00:00:00,2013,Hydrological,0.541862,UNGRD
2013-10-03 00:00:00,2013,Hydrological,1.224144,UNGRD
2013-10-07 00:00:00,2013,Hydrological,0.506127,UNGRD
2013-10-12 00:00:00,2013,Hydrological,3.665194,UNGRD
2013-10-15 00:00:00,2013,Hydrological,1.274436,UNGRD
2013-10-18 00:00:00,2013,Hydrological,2.344917,UNGRD
2013-10-21 00:00:00,2013,Hydrological,0.127012,UNGRD
2013-10-24 00:00:00,2013,Hydrological,0.12362,UNGRD
2013-10-28 00:00:00,2013,Hydrological,1.937417,UNGRD
2013-10-31 00:00:00,2013,Hydrological,1.275613,UNGRD
2013-11-03 00:00:00,2013,Hydrological,2.106025,UNGRD
2013-11-06 00:00:00,2013,Hydrological,2.892571,UNGRD
2013-11-09 00:00:00,2013,Hydrological,1.143745,UNGRD
2013-11-12 00:00:00,2013,Hydrological,0.143328,UNGRD
2013-11-15 00:00:00,2013,Hydrological,4.807219,UNGRD
2013-11-18 00:00:00,2013,Hydrological,6.285149,UNGRD
2013-11-22 00:00:00,2013,Hydrological,0.468811,UNGRD
2013-11-25 00:00:00,2013,Hydrological,1.51729,UNGRD
2013-11-28 00:00:00,2013,Hydrological,1.268756,UNGRD
2013-12-01 00:00:00,2013,Hydrological,4.950252,UNGRD
2013-12-04 00:00:00,2013,Hydrological,0.293553,UNGRD
2013-12-07 00:00:00,2013,Hydrological,0.291596,UNGRD
2013-12-10 00:00:00,2013,Hydrological,0.067506,UNGRD
2013-12-13 00:00:00,2013,Hydrological,1.965466,UNGRD
2013-12-16 00:00:00,2013,Hydrological,0.072305,UNGRD
2013-12-19 00:00:00,2013,Hydrological,0.061043,UNGRD
2013-12-23 00:00:00,2013,Hydrological,6.579017,UNGRD
2013-12-26 00:00:00,2013,Hydrological,0.389319,UNGRD
2013-12-29 00:00:00,2013,Hydrological,0.225738,UNGRD
2013-01-03 00:00:00,2013,Meteorological,0.256597,UNGRD
2013-01-22 00:00:00,2013,Meteorological,0.931618,UNGRD
2013-02-01 00:00:00,2013,Meteorological,5.627715,UNGRD
2013-02-08 00:00:00,2013,Meteorological,1.330263,UNGRD
2013-02-14 00:00:00,2013,Meteorological,5.506074,UNGRD
2013-02-20 00:00:00,2013,Meteorological,0.721119,UNGRD
2013-02-27 00:00:00,2013,Meteorological,2.303081,UNGRD
2013-03-05 00:00:00,2013,Meteorological,4.641083,UNGRD
2013-03-11 00:00:00,2013,Meteorological,1.21978,UNGRD
2013-03-17 00:00:00,2013,Meteorological,1.735665,UNGRD
2013-03-24 00:00:00,2013,Meteorological,4.664712,UNGRD
2013-03-31 00:00:00,2013,Meteorological,2.771901,UNGRD
2013-04-07 00:00:00,2013,Meteorological,4.359955,UNGRD
2013-04-13 00:00:00,2013,Meteorological,11.961618,UNGRD
2013-04-19 00:00:00,2013,Meteorological,5.141563,UNGRD
2013-04-25 00:00:00,2013,Meteorological,3.270965,UNGRD
2013-05-01 00:00:00,2013,Meteorological,0.533427,UNGRD
2013-05-07 00:00:00,2013,Meteorological,0.958506,UNGRD
2013-05-13 00:00:00,2013,Meteorological,2.346286,UNGRD
2013-05-19 00:00:00,2013,Meteorological,5.557092,UNGRD
2013-05-26 00:00:00,2013,Meteorological,2.088909,UNGRD
2013-06-01 00:00:00,2013,Meteorological,4.562357,UNGRD
2013-06-07 00:00:00,2013,Meteorological,0.072464,UNGRD
2013-06-13 00:00:00,2013,Meteorological,1.982711,UNGRD
2013-06-19 00:00:00,2013,Meteorological,6.263131,UNGRD
2013-06-25 00:00:00,2013,Meteorological,2.942969,UNGRD
2013-07-01 00:00:00,2013,Meteorological,1.222647,UNGRD
2013-07-07 00:00:00,2013,Meteorological,1.938031,UNGRD
2013-07-13 00:00:00,2013,Meteorological,1.330457,UNGRD
2013-07-19 00:00:00,2013,Meteorological,1.52226,UNGRD
2013-07-25 00:00:00,2013,Meteorological,3.825693,UNGRD
2013-08-01 00:00:00,2013,Meteorological,4.127243,UNGRD
2013-08-07 00:00:00,2013,Meteorological,1.470596,UNGRD
2013-08-14 00:00:00,2013,Meteorological,7.023148,UNGRD
2013-08-20 00:00:00,2013,Meteorological,4.473611,UNGRD
2013-08-26 00:00:00,2013,Meteorological,7.876143,UNGRD
2013-09-01 00:00:00,2013,Meteorological,3.518688,UNGRD
2013-09-08 00:00:00,2013,Meteorological,2.451674,UNGRD
2013-09-14 00:00:00,2013,Meteorological,3.600659,UNGRD
2013-09-20 00:00:00,2013,Meteorological,4.816039,UNGRD
2013-09-26 00:00:00,2013,Meteorological,10.203456,UNGRD
2013-10-02 00:00:00,2013,Meteorological,3.125641,UNGRD
2013-10-10 00:00:00,2013,Meteorological,1.807304,UNGRD
2013-10-16 00:00:00,2013,Meteorological,1.924011,UNGRD
2013-10-23 00:00:00,2013,Meteorological,4.137275,UNGRD
2013-10-29 00:00:00,2013,Meteorological,1.194098,UNGRD
2013-11-04 00:00:00,2013,Meteorological,1.091669,UNGRD
2013-11-10 00:00:00,2013,Meteorological,2.271868,UNGRD
2013-11-16 00:00:00,2013,Meteorological,7.260581,UNGRD
2013-11-26 00:00:00,2013,Meteorological,0.105309,UNGRD
2013-12-02 00:00:00,2013,Meteorological,1.237004,UNGRD
2013-12-09 00:00:00,2013,Meteorological,0.678416,UNGRD
2013-12-17 00:00:00,2013,Meteorological,0.668297,UNGRD
2013-12-27 00:00:00,2013,Meteorological,0.17916,UNGRD
2014-01-08 00:00:00,2014,Climatological,6.786048,UNGRD
2014-01-24 00:00:00,2014,Climatological,6.722741,UNGRD
2014-02-09 00:00:00,2014,Climatological,16.350854,UNGRD
2014-02-25 00:00:00,2014,Climatological,21.839915,UNGRD
2014-03-13 00:00:00,2014,Climatological,11.450493,UNGRD
2014-03-29 00:00:00,2014,Climatological,22.37524,UNGRD
2014-04-14 00:00:00,2014,Climatological,0.491444,UNGRD
2014-04-30 00:00:00,2014,Climatological,0.493103,UNGRD
2014-05-18 00:00:00,2014,Climatological,0.696199,UNGRD
2014-06-03 00:00:00,2014,Climatological,0.882088,UNGRD
2014-06-19 00:00:00,2014,Climatological,3.271735,UNGRD
2014-07-05 00:00:00,2014,Climatological,5.07721,UNGRD
2014-07-21 00:00:00,2014,Climatological,16.191457,UNGRD
2014-08-06 00:00:00,2014,Climatological,11.911773,UNGRD
2014-08-22 00:00:00,2014,Climatological,5.813171,UNGRD
2014-09-07 00:00:00,2014,Climatological,2.40755,UNGRD
2014-09-23 00:00:00,2014,Climatological,7.615746,UNGRD
2014-10-09 00:00:00,2014,Climatological,0.469293,UNGRD
2014-10-25 00:00:00,2014,Climatological,0.612599,UNGRD
2014-11-11 00:00:00,2014,Climatological,1.738631,UNGRD
2014-11-28 00:00:00,2014,Climatological,0.331309,UNGRD
2014-12-14 00:00:00,2014,Climatological,1.117576,UNGRD
2014-12-30 00:00:00,2014,Climatological,5.071466,UNGRD
2014-01-04 00:00:00,2014,Geophysical,0.20074,UNGRD
2014-01-09 00:00:00,2014,Geophysical,1.840071,UNGRD
2014-02-07 00:00:00,2014,Geophysical,0.083606,UNGRD
2014-03-14 00:00:00,2014,Geophysical,0.158257,UNGRD
2014-03-24 00:00:00,2014,Geophysical,0.35832,UNGRD
2014-08-03 00:00:00,2014,Geophysical,0.18931,UNGRD
2014-10-20 00:00:00,2014,Geophysical,1.25492,UNGRD
2014-11-26 00:00:00,2014,Geophysical,0.013437,UNGRD
2014-01-03 00:00:00,2014,Hydrological,0.133281,UNGRD
2014-01-06 00:00:00,2014,Hydrological,6.376186,UNGRD
2014-01-09 00:00:00,2014,Hydrological,4.916233,UNGRD
2014-01-12 00:00:00,2014,Hydrological,0.320312,UNGRD
2014-01-21 00:00:00,2014,Hydrological,0.0008,UNGRD
2014-01-26 00:00:00,2014,Hydrological,0.900174,UNGRD
2014-01-29 00:00:00,2014,Hydrological,0.126115,UNGRD
2014-02-01 00:00:00,2014,Hydrological,0.546438,UNGRD
2014-02-04 00:00:00,2014,Hydrological,0.199689,UNGRD
2014-02-10 00:00:00,2014,Hydrological,0.119844,UNGRD
2014-02-14 00:00:00,2014,Hydrological,0.13437,UNGRD
2014-02-18 00:00:00,2014,Hydrological,0.90523,UNGRD
2014-02-24 00:00:00,2014,Hydrological,0.691479,UNGRD
2014-02-27 00:00:00,2014,Hydrological,0.671155,UNGRD
2014-03-02 00:00:00,2014,Hydrological,0.530812,UNGRD
2014-03-05 00:00:00,2014,Hydrological,0.84765,UNGRD
2014-03-08 00:00:00,2014,Hydrological,0.78961,UNGRD
2014-03-11 00:00:00,2014,Hydrological,4.041154,UNGRD
2014-03-14 00:00:00,2014,Hydrological,2.810037,UNGRD
2014-03-17 00:00:00,2014,Hydrological,1.523068,UNGRD
2014-03-20 00:00:00,2014,Hydrological,0.096464,UNGRD
2014-03-24 00:00:00,2014,Hydrological,0.113383,UNGRD
2014-03-31 00:00:00,2014,Hydrological,0.0008,UNGRD
2014-04-03 00:00:00,2014,Hydrological,3.856415,UNGRD
2014-04-06 00:00:00,2014,Hydrological,0.0008,UNGRD
2014-04-10 00:00:00,2014,Hydrological,0.008958,UNGRD
2014-04-15 00:00:00,2014,Hydrological,0.433708,UNGRD
2014-04-18 00:00:00,2014,Hydrological,0.817254,UNGRD
2014-04-21 00:00:00,2014,Hydrological,1.87894,UNGRD
2014-04-24 00:00:00,2014,Hydrological,9.449705,UNGRD
2014-04-27 00:00:00,2014,Hydrological,0.532028,UNGRD
2014-04-30 00:00:00,2014,Hydrological,1.075919,UNGRD
2014-05-03 00:00:00,2014,Hydrological,0.0048,UNGRD
2014-05-06 00:00:00,2014,Hydrological,9.750751,UNGRD
2014-05-09 00:00:00,2014,Hydrological,6.187961,UNGRD
2014-05-12 00:00:00,2014,Hydrological,0.448676,UNGRD
2014-05-15 00:00:00,2014,Hydrological,2.567364,UNGRD
2014-05-20 00:00:00,2014,Hydrological,3.406544,UNGRD
2014-05-23 00:00:00,2014,Hydrological,0.48616,UNGRD
2014-05-26 00:00:00,2014,Hydrological,0.006879,UNGRD
2014-05-29 00:00:00,2014,Hydrological,0.251621,UNGRD
2014-06-01 00:00:00,2014,Hydrological,0.729083,UNGRD
2014-06-07 00:00:00,2014,Hydrological,8.443012,UNGRD
2014-06-10 00:00:00,2014,Hydrological,3.705626,UNGRD
2014-06-13 00:00:00,2014,Hydrological,9.033307,UNGRD
2014-06-17 00:00:00,2014,Hydrological,1.38227,UNGRD
2014-06-20 00:00:00,2014,Hydrological,6.442306,UNGRD
2014-06-23 00:00:00,2014,Hydrological,12.345873,UNGRD
2014-06-26 00:00:00,2014,Hydrological,1.633568,UNGRD
2014-06-30 00:00:00,2014,Hydrological,9.902916,UNGRD
2014-07-03 00:00:00,2014,Hydrological,4.992698,UNGRD
2014-07-06 00:00:00,2014,Hydrological,6.06578,UNGRD
2014-07-09 00:00:00,2014,Hydrological,1.3503,UNGRD
2014-07-12 00:00:00,2014,Hydrological,6.400149,UNGRD
2014-07-15 00:00:00,2014,Hydrological,7.910714,UNGRD
2014-07-18 00:00:00,2014,Hydrological,2.110409,UNGRD
2014-07-24 00:00:00,2014,Hydrological,0.970647,UNGRD
2014-08-02 00:00:00,2014,Hydrological,2.705316,UNGRD
2014-08-06 00:00:00,2014,Hydrological,0.032153,UNGRD
2014-08-10 00:00:00,2014,Hydrological,0.380715,UNGRD
2014-08-13 00:00:00,2014,Hydrological,0.284864,UNGRD
2014-08-17 00:00:00,2014,Hydrological,0.04479,UNGRD
2014-08-20 00:00:00,2014,Hydrological,0.100328,UNGRD
2014-08-23 00:00:00,2014,Hydrological,0.53748,UNGRD
2014-08-27 00:00:00,2014,Hydrological,8.358614,UNGRD
2014-09-02 00:00:00,2014,Hydrological,0.232908,UNGRD
2014-09-07 00:00:00,2014,Hydrological,0.086006,UNGRD
2014-09-10 00:00:00,2014,Hydrological,0.119141,UNGRD
2014-09-14 00:00:00,2014,Hydrological,0.0024,UNGRD
2014-09-17 00:00:00,2014,Hydrological,2.713875,UNGRD
2014-09-21 00:00:00,2014,Hydrological,1.626513,UNGRD
2014-09-24 00:00:00,2014,Hydrological,0.405497,UNGRD
2014-09-27 00:00:00,2014,Hydrological,2.258216,UNGRD
2014-09-30 00:00:00,2014,Hydrological,0.009758,UNGRD
2014-10-04 00:00:00,2014,Hydrological,0.422464,UNGRD
2014-10-08 00:00:00,2014,Hydrological,17.673797,UNGRD
2014-10-11 00:00:00,2014,Hydrological,2.973824,UNGRD
2014-10-14 00:00:00,2014,Hydrological,0.281698,UNGRD
2014-10-18 00:00:00,2014,Hydrological,4.39099,UNGRD
2014-10-21 00:00:00,2014,Hydrological,0.498769,UNGRD
2014-10-24 00:00:00,2014,Hydrological,12.204881,UNGRD
2014-10-27 00:00:00,2014,Hydrological,8.622686,UNGRD
2014-10-30 00:00:00,2014,Hydrological,5.588754,UNGRD
2014-11-02 00:00:00,2014,Hydrological,0.111975,UNGRD
2014-11-05 00:00:00,2014,Hydrological,2.822669,UNGRD
2014-11-08 00:00:00,2014,Hydrological,3.553463,UNGRD
2014-11-11 00:00:00,2014,Hydrological,9.154639,UNGRD
2014-11-14 00:00:00,2014,Hydrological,9.161034,UNGRD
2014-11-17 00:00:00,2014,Hydrological,0.428435,UNGRD
2014-11-21 00:00:00,2014,Hydrological,0.226754,UNGRD
2014-11-24 00:00:00,2014,Hydrological,0.191605,UNGRD
2014-11-28 00:00:00,2014,Hydrological,0.158257,UNGRD
2014-12-02 00:00:00,2014,Hydrological,0.098441,UNGRD
2014-12-08 00:00:00,2014,Hydrological,0.821644,UNGRD
2014-12-11 00:00:00,2014,Hydrological,0.195187,UNGRD
2014-12-14 00:00:00,2014,Hydrological,0.049877,UNGRD
2014-12-17 00:00:00,2014,Hydrological,0.023995,UNGRD
2014-12-20 00:00:00,2014,Hydrological,5.313688,UNGRD
2014-12-23 00:00:00,2014,Hydrological,0.150494,UNGRD
2014-12-28 00:00:00,2014,Hydrological,0.695043,UNGRD
2014-01-04 00:00:00,2014,Meteorological,0.013437,UNGRD
2014-01-22 00:00:00,2014,Meteorological,0.678416,UNGRD
2014-01-29 00:00:00,2014,Meteorological,0.614518,UNGRD
2014-02-04 00:00:00,2014,Meteorological,4.97169,UNGRD
2014-02-10 00:00:00,2014,Meteorological,1.348179,UNGRD
2014-02-16 00:00:00,2014,Meteorological,0.497166,UNGRD
2014-02-22 00:00:00,2014,Meteorological,0.885068,UNGRD
2014-02-28 00:00:00,2014,Meteorological,0.490703,UNGRD
2014-03-07 00:00:00,2014,Meteorological,0.99034,UNGRD
2014-03-13 00:00:00,2014,Meteorological,3.883465,UNGRD
2014-03-21 00:00:00,2014,Meteorological,3.306491,UNGRD
2014-03-27 00:00:00,2014,Meteorological,1.465821,UNGRD
2014-04-03 00:00:00,2014,Meteorological,3.245774,UNGRD
2014-04-09 00:00:00,2014,Meteorological,8.3684,UNGRD
2014-04-15 00:00:00,2014,Meteorological,0.967461,UNGRD
2014-04-21 00:00:00,2014,Meteorological,0.574164,UNGRD
2014-04-27 00:00:00,2014,Meteorological,1.91618,UNGRD
2014-05-04 00:00:00,2014,Meteorological,5.453844,UNGRD
2014-05-10 00:00:00,2014,Meteorological,2.686503,UNGRD
2014-05-19 00:00:00,2014,Meteorological,13.538806,UNGRD
2014-05-27 00:00:00,2014,Meteorological,0.450297,UNGRD
2014-06-02 00:00:00,2014,Meteorological,1.608947,UNGRD
2014-06-09 00:00:00,2014,Meteorological,2.423528,UNGRD
2014-06-15 00:00:00,2014,Meteorological,1.990405,UNGRD
2014-06-23 00:00:00,2014,Meteorological,0.817865,UNGRD
2014-07-01 00:00:00,2014,Meteorological,1.881111,UNGRD
2014-07-07 00:00:00,2014,Meteorological,9.22749,UNGRD
2014-07-16 00:00:00,2014,Meteorological,10.272631,UNGRD
2014-07-22 00:00:00,2014,Meteorological,5.703804,UNGRD
2014-07-28 00:00:00,2014,Meteorological,17.652321,UNGRD
2014-08-03 00:00:00,2014,Meteorological,1.640114,UNGRD
2014-08-09 00:00:00,2014,Meteorological,7.353458,UNGRD
2014-08-15 00:00:00,2014,Meteorological,10.34624,UNGRD
2014-08-21 00:00:00,2014,Meteorological,2.006592,UNGRD
2014-08-27 00:00:00,2014,Meteorological,0.428597,UNGRD
2014-09-02 00:00:00,2014,Meteorological,11.013861,UNGRD
2014-09-08 00:00:00,2014,Meteorological,0.558083,UNGRD
2014-09-15 00:00:00,2014,Meteorological,2.119367,UNGRD
2014-09-22 00:00:00,2014,Meteorological,0.619594,UNGRD
2014-09-28 00:00:00,2014,Meteorological,8.175099,UNGRD
2014-10-04 00:00:00,2014,Meteorological,1.613212,UNGRD
2014-10-10 00:00:00,2014,Meteorological,0.546543,UNGRD
2014-10-16 00:00:00,2014,Meteorological,3.911129,UNGRD
2014-10-22 00:00:00,2014,Meteorological,1.551101,UNGRD
2014-10-28 00:00:00,2014,Meteorological,10.34684,UNGRD
2014-11-04 00:00:00,2014,Meteorological,0.62646,UNGRD
2014-11-10 00:00:00,2014,Meteorological,1.475966,UNGRD
2014-11-19 00:00:00,2014,Meteorological,0.04479,UNGRD
2014-12-02 00:00:00,2014,Meteorological,0.133091,UNGRD
2014-12-13 00:00:00,2014,Meteorological,1.025691,UNGRD
2014-12-19 00:00:00,2014,Meteorological,0.387591,UNGRD
2014-12-26 00:00:00,2014,Meteorological,0.036632,UNGRD
2015-01-15 00:00:00,2015,Climatological,1.0942685999999997,UNGRD
2015-01-31 00:00:00,2015,Climatological,4.893562,UNGRD
2015-02-16 00:00:00,2015,Climatological,5.114006999999999,UNGRD
2015-03-04 00:00:00,2015,Climatological,22.481314,UNGRD
2015-03-20 00:00:00,2015,Climatological,19.173349,UNGRD
2015-04-05 00:00:00,2015,Climatological,0.658474,UNGRD
2015-04-21 00:00:00,2015,Climatological,3.82825,UNGRD
2015-05-07 00:00:00,2015,Climatological,23.559655,UNGRD
2015-05-23 00:00:00,2015,Climatological,0.252328,UNGRD
2015-06-08 00:00:00,2015,Climatological,0.270165,UNGRD
2015-06-24 00:00:00,2015,Climatological,2.848958,UNGRD
2015-07-10 00:00:00,2015,Climatological,2.224687,UNGRD
2015-07-26 00:00:00,2015,Climatological,6.096304,UNGRD
2015-08-11 00:00:00,2015,Climatological,5.976094,UNGRD
2015-08-27 00:00:00,2015,Climatological,22.525474,UNGRD
2015-09-12 00:00:00,2015,Climatological,16.485106,UNGRD
2015-09-28 00:00:00,2015,Climatological,5.613129,UNGRD
2015-10-14 00:00:00,2015,Climatological,1.347448,UNGRD
2015-10-30 00:00:00,2015,Climatological,0.430567,UNGRD
2015-11-15 00:00:00,2015,Climatological,0.289811,UNGRD
2015-12-01 00:00:00,2015,Climatological,5.218021,UNGRD
2015-12-17 00:00:00,2015,Climatological,1.917096,UNGRD
2015-02-22 00:00:00,2015,Geophysical,1.699027,UNGRD
2015-03-10 00:00:00,2015,Geophysical,37.170678,UNGRD
2015-04-11 00:00:00,2015,Geophysical,0.25799,UNGRD
2015-07-28 00:00:00,2015,Geophysical,0.3404,UNGRD
2015-09-04 00:00:00,2015,Geophysical,0.004479,UNGRD
2015-09-17 00:00:00,2015,Geophysical,0.004479,UNGRD
2015-01-03 00:00:00,2015,Hydrological,0.117849,UNGRD
2015-01-07 00:00:00,2015,Hydrological,0.025082,UNGRD
2015-01-16 00:00:00,2015,Hydrological,5.64434,UNGRD
2015-01-19 00:00:00,2015,Hydrological,8.720613,UNGRD
2015-01-23 00:00:00,2015,Hydrological,0.223708,UNGRD
2015-01-29 00:00:00,2015,Hydrological,0.005279,UNGRD
2015-02-01 00:00:00,2015,Hydrological,11.606458,UNGRD
2015-02-05 00:00:00,2015,Hydrological,0.589613,UNGRD
2015-02-08 00:00:00,2015,Hydrological,4.892773,UNGRD
2015-02-12 00:00:00,2015,Hydrological,0.027674,UNGRD
2015-02-19 00:00:00,2015,Hydrological,0.025082,UNGRD
2015-03-01 00:00:00,2015,Hydrological,0.277443,UNGRD
2015-03-04 00:00:00,2015,Hydrological,0.2008,UNGRD
2015-03-09 00:00:00,2015,Hydrological,0.008958,UNGRD
2015-03-14 00:00:00,2015,Hydrological,0.225763,UNGRD
2015-03-17 00:00:00,2015,Hydrological,3.263087,UNGRD
2015-03-20 00:00:00,2015,Hydrological,3.355931,UNGRD
2015-03-23 00:00:00,2015,Hydrological,0.010558,UNGRD
2015-03-26 00:00:00,2015,Hydrological,0.026874,UNGRD
2015-03-29 00:00:00,2015,Hydrological,0.223995,UNGRD
2015-04-01 00:00:00,2015,Hydrological,0.436632,UNGRD
2015-04-04 00:00:00,2015,Hydrological,0.13567,UNGRD
2015-04-07 00:00:00,2015,Hydrological,1.01366,UNGRD
2015-04-10 00:00:00,2015,Hydrological,6.851966,UNGRD
2015-04-13 00:00:00,2015,Hydrological,2.799659,UNGRD
2015-04-16 00:00:00,2015,Hydrological,1.561589,UNGRD
2015-04-19 00:00:00,2015,Hydrological,3.556547,UNGRD
2015-04-22 00:00:00,2015,Hydrological,3.190604,UNGRD
2015-04-25 00:00:00,2015,Hydrological,0.660972,UNGRD
2015-04-28 00:00:00,2015,Hydrological,0.237387,UNGRD
2015-05-01 00:00:00,2015,Hydrological,0.476143,UNGRD
2015-05-04 00:00:00,2015,Hydrological,0.403323,UNGRD
2015-05-08 00:00:00,2015,Hydrological,0.0008,UNGRD
2015-05-13 00:00:00,2015,Hydrological,1.051928,UNGRD
2015-05-16 00:00:00,2015,Hydrological,13.367604,UNGRD
2015-05-21 00:00:00,2015,Hydrological,1.82644,UNGRD
2015-05-24 00:00:00,2015,Hydrological,22.397585,UNGRD
2015-05-27 00:00:00,2015,Hydrological,10.063939,UNGRD
2015-05-30 00:00:00,2015,Hydrological,0.483941,UNGRD
2015-06-02 00:00:00,2015,Hydrological,0.035832,UNGRD
2015-06-05 00:00:00,2015,Hydrological,9.708272,UNGRD
2015-06-08 00:00:00,2015,Hydrological,2.36161,UNGRD
2015-06-11 00:00:00,2015,Hydrological,0.055443,UNGRD
2015-06-16 00:00:00,2015,Hydrological,0.593403,UNGRD
2015-06-19 00:00:00,2015,Hydrological,12.83603,UNGRD
2015-06-22 00:00:00,2015,Hydrological,5.392557,UNGRD
2015-06-25 00:00:00,2015,Hydrological,8.229234,UNGRD
2015-06-28 00:00:00,2015,Hydrological,0.76914,UNGRD
2015-07-01 00:00:00,2015,Hydrological,1.753053,UNGRD
2015-07-05 00:00:00,2015,Hydrological,0.174202,UNGRD
2015-07-09 00:00:00,2015,Hydrological,0.642478,UNGRD
2015-07-13 00:00:00,2015,Hydrological,2.146726,UNGRD
2015-07-16 00:00:00,2015,Hydrological,0.532805,UNGRD
2015-07-19 00:00:00,2015,Hydrological,5.076002,UNGRD
2015-07-22 00:00:00,2015,Hydrological,8.142687,UNGRD
2015-07-27 00:00:00,2015,Hydrological,0.017916,UNGRD
2015-08-01 00:00:00,2015,Hydrological,0.022395,UNGRD
2015-08-04 00:00:00,2015,Hydrological,2.46345,UNGRD
2015-08-08 00:00:00,2015,Hydrological,0.111975,UNGRD
2015-08-13 00:00:00,2015,Hydrological,0.580286,UNGRD
2015-08-18 00:00:00,2015,Hydrological,0.090351,UNGRD
2015-08-21 00:00:00,2015,Hydrological,0.222933,UNGRD
2015-08-25 00:00:00,2015,Hydrological,0.201555,UNGRD
2015-08-29 00:00:00,2015,Hydrological,0.022395,UNGRD
2015-09-01 00:00:00,2015,Hydrological,1.681407,UNGRD
2015-09-06 00:00:00,2015,Hydrological,0.103017,UNGRD
2015-09-10 00:00:00,2015,Hydrological,0.461337,UNGRD
2015-09-15 00:00:00,2015,Hydrological,1.484029,UNGRD
2015-09-19 00:00:00,2015,Hydrological,2.146504,UNGRD
2015-09-23 00:00:00,2015,Hydrological,0.008958,UNGRD
2015-09-28 00:00:00,2015,Hydrological,6.285226,UNGRD
2015-10-02 00:00:00,2015,Hydrological,0.751805,UNGRD
2015-10-05 00:00:00,2015,Hydrological,3.124542,UNGRD
2015-10-08 00:00:00,2015,Hydrological,0.23515,UNGRD
2015-10-11 00:00:00,2015,Hydrological,0.13517,UNGRD
2015-10-14 00:00:00,2015,Hydrological,0.069872,UNGRD
2015-10-22 00:00:00,2015,Hydrological,0.022395,UNGRD
2015-10-25 00:00:00,2015,Hydrological,0.238187,UNGRD
2015-10-29 00:00:00,2015,Hydrological,0.213437,UNGRD
2015-11-01 00:00:00,2015,Hydrological,6.211144,UNGRD
2015-11-04 00:00:00,2015,Hydrological,15.508343,UNGRD
2015-11-07 00:00:00,2015,Hydrological,0.010558,UNGRD
2015-11-11 00:00:00,2015,Hydrological,0.745114,UNGRD
2015-11-16 00:00:00,2015,Hydrological,5.704335,UNGRD
2015-11-20 00:00:00,2015,Hydrological,0.022395,UNGRD
2015-11-23 00:00:00,2015,Hydrological,0.245448,UNGRD
2015-11-26 00:00:00,2015,Hydrological,0.283585,UNGRD
2015-11-29 00:00:00,2015,Hydrological,0.050761,UNGRD
2015-12-04 00:00:00,2015,Hydrological,1.37185,UNGRD
2015-12-12 00:00:00,2015,Hydrological,0.017916,UNGRD
2015-12-15 00:00:00,2015,Hydrological,1.22803,UNGRD
2015-12-22 00:00:00,2015,Hydrological,0.0008,UNGRD
2015-01-03 00:00:00,2015,Meteorological,0.825622,UNGRD
2015-01-14 00:00:00,2015,Meteorological,0.458347,UNGRD
2015-01-21 00:00:00,2015,Meteorological,1.48863,UNGRD
2015-01-27 00:00:00,2015,Meteorological,0.147807,UNGRD
2015-02-02 00:00:00,2015,Meteorological,1.127855,UNGRD
2015-02-09 00:00:00,2015,Meteorological,0.120633,UNGRD
2015-02-15 00:00:00,2015,Meteorological,4.117441,UNGRD
2015-02-22 00:00:00,2015,Meteorological,0.17916,UNGRD
2015-02-28 00:00:00,2015,Meteorological,2.338843,UNGRD
2015-03-07 00:00:00,2015,Meteorological,2.788739,UNGRD
2015-03-15 00:00:00,2015,Meteorological,1.304815,UNGRD
2015-03-21 00:00:00,2015,Meteorological,3.718854,UNGRD
2015-03-28 00:00:00,2015,Meteorological,1.9289,UNGRD
2015-04-03 00:00:00,2015,Meteorological,3.337415,UNGRD
2015-04-10 00:00:00,2015,Meteorological,3.111086,UNGRD
2015-04-16 00:00:00,2015,Meteorological,2.952663,UNGRD
2015-04-22 00:00:00,2015,Meteorological,1.999669,UNGRD
2015-04-28 00:00:00,2015,Meteorological,0.82712,UNGRD
2015-05-04 00:00:00,2015,Meteorological,2.865605,UNGRD
2015-05-12 00:00:00,2015,Meteorological,13.618966,UNGRD
2015-05-18 00:00:00,2015,Meteorological,4.090819,UNGRD
2015-05-24 00:00:00,2015,Meteorological,1.473291,UNGRD
2015-05-30 00:00:00,2015,Meteorological,6.01676,UNGRD
2015-06-05 00:00:00,2015,Meteorological,9.65372,UNGRD
2015-06-11 00:00:00,2015,Meteorological,1.439248,UNGRD
2015-06-19 00:00:00,2015,Meteorological,1.089889,UNGRD
2015-06-25 00:00:00,2015,Meteorological,7.359583,UNGRD
2015-07-01 00:00:00,2015,Meteorological,4.610494,UNGRD
2015-07-07 00:00:00,2015,Meteorological,3.070435,UNGRD
2015-07-15 00:00:00,2015,Meteorological,1.899093,UNGRD
2015-07-22 00:00:00,2015,Meteorological,0.90326,UNGRD
2015-07-28 00:00:00,2015,Meteorological,8.562341,UNGRD
2015-08-03 00:00:00,2015,Meteorological,7.307304,UNGRD
2015-08-09 00:00:00,2015,Meteorological,3.962297,UNGRD
2015-08-15 00:00:00,2015,Meteorological,5.148166,UNGRD
2015-08-25 00:00:00,2015,Meteorological,2.482855,UNGRD
2015-08-31 00:00:00,2015,Meteorological,1.692364,UNGRD
2015-09-09 00:00:00,2015,Meteorological,0.15527,UNGRD
2015-09-15 00:00:00,2015,Meteorological,1.194392,UNGRD
2015-09-21 00:00:00,2015,Meteorological,0.712155,UNGRD
2015-09-29 00:00:00,2015,Meteorological,2.517193,UNGRD
2015-10-06 00:00:00,2015,Meteorological,1.139652,UNGRD
2015-10-16 00:00:00,2015,Meteorological,0.331446,UNGRD
2015-10-22 00:00:00,2015,Meteorological,0.918195,UNGRD
2015-10-28 00:00:00,2015,Meteorological,0.679313,UNGRD
2015-11-09 00:00:00,2015,Meteorological,0.721114,UNGRD
2015-11-19 00:00:00,2015,Meteorological,0.37086,UNGRD
2015-11-25 00:00:00,2015,Meteorological,0.458668,UNGRD
2015-12-05 00:00:00,2015,Meteorological,0.585254,UNGRD
2015-12-14 00:00:00,2015,Meteorological,0.53988,UNGRD
2015-12-20 00:00:00,2015,Meteorological,0.095551,UNGRD
2016-01-02 00:00:00,2016,Climatological,2.540847,UNGRD
2016-01-18 00:00:00,2016,Climatological,10.980881,UNGRD
2016-02-03 00:00:00,2016,Climatological,23.421411,UNGRD
2016-02-19 00:00:00,2016,Climatological,24.947186,UNGRD
2016-03-06 00:00:00,2016,Climatological,63.414710000000014,UNGRD
2016-03-22 00:00:00,2016,Climatological,8.861568,UNGRD
2016-04-07 00:00:00,2016,Climatological,1.280132,UNGRD
2016-04-23 00:00:00,2016,Climatological,0.177371,UNGRD
2016-05-10 00:00:00,2016,Climatological,0.498305,UNGRD
2016-05-26 00:00:00,2016,Climatological,0.778894,UNGRD
2016-06-12 00:00:00,2016,Climatological,0.350454,UNGRD
2016-06-28 00:00:00,2016,Climatological,0.609478,UNGRD
2016-07-14 00:00:00,2016,Climatological,0.847494,UNGRD
2016-07-30 00:00:00,2016,Climatological,1.661847,UNGRD
2016-08-15 00:00:00,2016,Climatological,12.058076,UNGRD
2016-08-31 00:00:00,2016,Climatological,1.383361,UNGRD
2016-09-16 00:00:00,2016,Climatological,4.253444,UNGRD
2016-10-04 00:00:00,2016,Climatological,0.20421,UNGRD
2016-10-20 00:00:00,2016,Climatological,0.134925,UNGRD
2016-11-06 00:00:00,2016,Climatological,0.061522,UNGRD
2016-11-22 00:00:00,2016,Climatological,1.615264,UNGRD
2016-12-08 00:00:00,2016,Climatological,0.776038,UNGRD
2016-12-25 00:00:00,2016,Climatological,0.290329,UNGRD
2016-04-16 00:00:00,2016,Geophysical,1.18753,UNGRD
2016-08-28 00:00:00,2016,Geophysical,0.743388,UNGRD
2016-10-30 00:00:00,2016,Geophysical,2.304174,UNGRD
2016-01-02 00:00:00,2016,Hydrological,2.41866,UNGRD
2016-01-05 00:00:00,2016,Hydrological,0.062706,UNGRD
2016-01-12 00:00:00,2016,Hydrological,0.036632,UNGRD
2016-01-15 00:00:00,2016,Hydrological,0.093162,UNGRD
2016-01-18 00:00:00,2016,Hydrological,0.0008,UNGRD
2016-01-25 00:00:00,2016,Hydrological,2.505788,UNGRD
2016-01-30 00:00:00,2016,Hydrological,0.17916,UNGRD
2016-02-15 00:00:00,2016,Hydrological,0.111975,UNGRD
2016-02-20 00:00:00,2016,Hydrological,0.027674,UNGRD
2016-02-24 00:00:00,2016,Hydrological,0.013437,UNGRD
2016-03-01 00:00:00,2016,Hydrological,0.022395,UNGRD
2016-03-05 00:00:00,2016,Hydrological,0.004479,UNGRD
2016-03-09 00:00:00,2016,Hydrological,0.072559,UNGRD
2016-03-17 00:00:00,2016,Hydrological,0.026874,UNGRD
2016-03-27 00:00:00,2016,Hydrological,0.13517,UNGRD
2016-03-30 00:00:00,2016,Hydrological,5.337106,UNGRD
2016-04-02 00:00:00,2016,Hydrological,4.233508,UNGRD
2016-04-05 00:00:00,2016,Hydrological,0.513483,UNGRD
2016-04-09 00:00:00,2016,Hydrological,1.037564,UNGRD
2016-04-12 00:00:00,2016,Hydrological,12.496941,UNGRD
2016-04-15 00:00:00,2016,Hydrological,0.480143,UNGRD
2016-04-19 00:00:00,2016,Hydrological,0.060519,UNGRD
2016-04-22 00:00:00,2016,Hydrological,0.677259,UNGRD
2016-04-26 00:00:00,2016,Hydrological,3.112636,UNGRD
2016-04-29 00:00:00,2016,Hydrological,2.11673,UNGRD
2016-05-02 00:00:00,2016,Hydrological,3.098143,UNGRD
2016-05-05 00:00:00,2016,Hydrological,1.401939,UNGRD
2016-05-08 00:00:00,2016,Hydrological,1.643149,UNGRD
2016-05-11 00:00:00,2016,Hydrological,1.25288,UNGRD
2016-05-14 00:00:00,2016,Hydrological,3.79084,UNGRD
2016-05-17 00:00:00,2016,Hydrological,0.073359,UNGRD
2016-05-21 00:00:00,2016,Hydrological,1.25956,UNGRD
2016-05-24 00:00:00,2016,Hydrological,7.258887,UNGRD
2016-05-27 00:00:00,2016,Hydrological,0.261126,UNGRD
2016-05-30 00:00:00,2016,Hydrological,6.720239,UNGRD
2016-06-02 00:00:00,2016,Hydrological,5.260952,UNGRD
2016-06-06 00:00:00,2016,Hydrological,0.915052,UNGRD
2016-06-09 00:00:00,2016,Hydrological,3.280596,UNGRD
2016-06-14 00:00:00,2016,Hydrological,2.415145,UNGRD
2016-06-17 00:00:00,2016,Hydrological,3.709494,UNGRD
2016-06-20 00:00:00,2016,Hydrological,0.528326,UNGRD
2016-06-23 00:00:00,2016,Hydrological,2.565318,UNGRD
2016-06-26 00:00:00,2016,Hydrological,1.569582,UNGRD
2016-06-29 00:00:00,2016,Hydrological,0.574036,UNGRD
2016-07-03 00:00:00,2016,Hydrological,13.653223,UNGRD
2016-07-06 00:00:00,2016,Hydrological,14.616415,UNGRD
2016-07-09 00:00:00,2016,Hydrological,0.008958,UNGRD
2016-07-12 00:00:00,2016,Hydrological,0.0176,UNGRD
2016-07-15 00:00:00,2016,Hydrological,0.498859,UNGRD
2016-07-18 00:00:00,2016,Hydrological,21.358441,UNGRD
2016-07-21 00:00:00,2016,Hydrological,1.830399,UNGRD
2016-07-24 00:00:00,2016,Hydrological,0.147805,UNGRD
2016-07-27 00:00:00,2016,Hydrological,2.898463,UNGRD
2016-07-30 00:00:00,2016,Hydrological,0.025082,UNGRD
2016-08-05 00:00:00,2016,Hydrological,0.071664,UNGRD
2016-08-11 00:00:00,2016,Hydrological,0.26874,UNGRD
2016-08-15 00:00:00,2016,Hydrological,2.487166,UNGRD
2016-08-18 00:00:00,2016,Hydrological,2.318826,UNGRD
2016-08-25 00:00:00,2016,Hydrological,0.443421,UNGRD
2016-08-29 00:00:00,2016,Hydrological,2.347796,UNGRD
2016-09-01 00:00:00,2016,Hydrological,0.263566,UNGRD
2016-09-05 00:00:00,2016,Hydrological,0.999617,UNGRD
2016-09-08 00:00:00,2016,Hydrological,0.22635,UNGRD
2016-09-11 00:00:00,2016,Hydrological,1.0891,UNGRD
2016-09-14 00:00:00,2016,Hydrological,2.571729,UNGRD
2016-09-17 00:00:00,2016,Hydrological,0.418677,UNGRD
2016-09-20 00:00:00,2016,Hydrological,1.455578,UNGRD
2016-09-24 00:00:00,2016,Hydrological,0.0016,UNGRD
2016-09-30 00:00:00,2016,Hydrological,1.661337,UNGRD
2016-10-04 00:00:00,2016,Hydrological,0.753778,UNGRD
2016-10-07 00:00:00,2016,Hydrological,3.350048,UNGRD
2016-10-10 00:00:00,2016,Hydrological,1.869972,UNGRD
2016-10-13 00:00:00,2016,Hydrological,0.476374,UNGRD
2016-10-16 00:00:00,2016,Hydrological,2.811551,UNGRD
2016-10-19 00:00:00,2016,Hydrological,1.111472,UNGRD
2016-10-22 00:00:00,2016,Hydrological,0.677129,UNGRD
2016-10-25 00:00:00,2016,Hydrological,0.805151,UNGRD
2016-10-28 00:00:00,2016,Hydrological,1.602774,UNGRD
2016-11-01 00:00:00,2016,Hydrological,15.231153,UNGRD
2016-11-04 00:00:00,2016,Hydrological,5.613722,UNGRD
2016-11-07 00:00:00,2016,Hydrological,12.357535,UNGRD
2016-11-10 00:00:00,2016,Hydrological,1.475369,UNGRD
2016-11-13 00:00:00,2016,Hydrological,1.165045,UNGRD
2016-11-16 00:00:00,2016,Hydrological,1.633963,UNGRD
2016-11-19 00:00:00,2016,Hydrological,19.600867,UNGRD
2016-11-22 00:00:00,2016,Hydrological,0.025082,UNGRD
2016-11-25 00:00:00,2016,Hydrological,0.202163,UNGRD
2016-11-28 00:00:00,2016,Hydrological,1.736857,UNGRD
2016-12-01 00:00:00,2016,Hydrological,1.598906,UNGRD
2016-12-04 00:00:00,2016,Hydrological,0.839681,UNGRD
2016-12-07 00:00:00,2016,Hydrological,1.468198,UNGRD
2016-12-10 00:00:00,2016,Hydrological,0.188031,UNGRD
2016-12-14 00:00:00,2016,Hydrological,1.283662,UNGRD
2016-12-17 00:00:00,2016,Hydrological,0.0008,UNGRD
2016-12-20 00:00:00,2016,Hydrological,0.728636,UNGRD
2016-12-25 00:00:00,2016,Hydrological,0.429408,UNGRD
2016-12-30 00:00:00,2016,Hydrological,0.236395,UNGRD
2016-01-04 00:00:00,2016,Meteorological,0.076143,UNGRD
2016-01-29 00:00:00,2016,Meteorological,0.117254,UNGRD
2016-02-04 00:00:00,2016,Meteorological,0.041803,UNGRD
2016-02-11 00:00:00,2016,Meteorological,1.637819,UNGRD
2016-02-20 00:00:00,2016,Meteorological,0.472979,UNGRD
2016-03-05 00:00:00,2016,Meteorological,2.003754,UNGRD
2016-03-12 00:00:00,2016,Meteorological,0.760413,UNGRD
2016-03-20 00:00:00,2016,Meteorological,0.083309,UNGRD
2016-03-27 00:00:00,2016,Meteorological,0.212005,UNGRD
2016-04-02 00:00:00,2016,Meteorological,0.429384,UNGRD
2016-04-10 00:00:00,2016,Meteorological,1.829721,UNGRD
2016-04-17 00:00:00,2016,Meteorological,0.443318,UNGRD
2016-04-24 00:00:00,2016,Meteorological,0.951845,UNGRD
2016-04-30 00:00:00,2016,Meteorological,2.265511,UNGRD
2016-05-07 00:00:00,2016,Meteorological,0.469546,UNGRD
2016-05-13 00:00:00,2016,Meteorological,3.699352,UNGRD
2016-05-19 00:00:00,2016,Meteorological,1.092876,UNGRD
2016-05-25 00:00:00,2016,Meteorological,1.16939,UNGRD
2016-05-31 00:00:00,2016,Meteorological,0.220663,UNGRD
2016-06-06 00:00:00,2016,Meteorological,3.565666,UNGRD
2016-06-13 00:00:00,2016,Meteorological,15.007769,UNGRD
2016-06-19 00:00:00,2016,Meteorological,0.250824,UNGRD
2016-06-28 00:00:00,2016,Meteorological,0.744109,UNGRD
2016-07-05 00:00:00,2016,Meteorological,0.262072,UNGRD
2016-07-11 00:00:00,2016,Meteorological,2.753576,UNGRD
2016-07-17 00:00:00,2016,Meteorological,2.767107,UNGRD
2016-07-23 00:00:00,2016,Meteorological,2.249936,UNGRD
2016-07-29 00:00:00,2016,Meteorological,2.648575,UNGRD
2016-08-04 00:00:00,2016,Meteorological,0.480445,UNGRD
2016-08-10 00:00:00,2016,Meteorological,0.868926,UNGRD
2016-08-17 00:00:00,2016,Meteorological,3.235116,UNGRD
2016-08-23 00:00:00,2016,Meteorological,1.943883,UNGRD
2016-08-29 00:00:00,2016,Meteorological,0.954027,UNGRD
2016-09-04 00:00:00,2016,Meteorological,0.581383,UNGRD
2016-09-10 00:00:00,2016,Meteorological,2.085719,UNGRD
2016-09-17 00:00:00,2016,Meteorological,7.248426,UNGRD
2016-09-23 00:00:00,2016,Meteorological,0.84006,UNGRD
2016-09-29 00:00:00,2016,Meteorological,11.051534,UNGRD
2016-10-06 00:00:00,2016,Meteorological,0.17916,UNGRD
2016-10-13 00:00:00,2016,Meteorological,0.706013,UNGRD
2016-10-19 00:00:00,2016,Meteorological,0.608244,UNGRD
2016-10-25 00:00:00,2016,Meteorological,0.157565,UNGRD
2016-11-02 00:00:00,2016,Meteorological,0.30218,UNGRD
2016-11-17 00:00:00,2016,Meteorological,0.120933,UNGRD
2016-12-03 00:00:00,2016,Meteorological,0.035832,UNGRD
2016-12-09 00:00:00,2016,Meteorological,0.201555,UNGRD
2016-12-15 00:00:00,2016,Meteorological,0.677821,UNGRD
2016-12-22 00:00:00,2016,Meteorological,0.165723,UNGRD
2017-01-10 00:00:00,2017,Climatological,1.69993,UNGRD
2017-01-26 00:00:00,2017,Climatological,4.672665,UNGRD
2017-02-11 00:00:00,2017,Climatological,8.300148,UNGRD
2017-02-27 00:00:00,2017,Climatological,3.236587,UNGRD
2017-03-15 00:00:00,2017,Climatological,2.575365,UNGRD
2017-03-31 00:00:00,2017,Climatological,6.184094,UNGRD
2017-04-16 00:00:00,2017,Climatological,0.875353,UNGRD
2017-05-02 00:00:00,2017,Climatological,0.623326,UNGRD
2017-05-19 00:00:00,2017,Climatological,0.216841,UNGRD
2017-06-04 00:00:00,2017,Climatological,0.731766,UNGRD
2017-06-20 00:00:00,2017,Climatological,0.160199,UNGRD
2017-07-07 00:00:00,2017,Climatological,0.351365,UNGRD
2017-07-23 00:00:00,2017,Climatological,0.890679,UNGRD
2017-08-08 00:00:00,2017,Climatological,1.890083,UNGRD
2017-08-24 00:00:00,2017,Climatological,4.83954,UNGRD
2017-09-10 00:00:00,2017,Climatological,3.13177,UNGRD
2017-09-26 00:00:00,2017,Climatological,0.689048,UNGRD
2017-10-12 00:00:00,2017,Climatological,0.61369,UNGRD
2017-10-28 00:00:00,2017,Climatological,1.144375,UNGRD
2017-11-13 00:00:00,2017,Climatological,0.606275,UNGRD
2017-12-01 00:00:00,2017,Climatological,1.549665,UNGRD
2017-12-17 00:00:00,2017,Climatological,1.558523,UNGRD
2017-02-06 00:00:00,2017,Geophysical,1.31978,UNGRD
2017-11-06 00:00:00,2017,Geophysical,0.025082,UNGRD
2017-12-05 00:00:00,2017,Geophysical,0.0032,UNGRD
2017-01-02 00:00:00,2017,Hydrological,0.006079,UNGRD
2017-01-05 00:00:00,2017,Hydrological,3.611563,UNGRD
2017-01-08 00:00:00,2017,Hydrological,1.033367,UNGRD
2017-01-11 00:00:00,2017,Hydrological,7.298437,UNGRD
2017-01-14 00:00:00,2017,Hydrological,1.72228,UNGRD
2017-01-17 00:00:00,2017,Hydrological,1.204699,UNGRD
2017-01-20 00:00:00,2017,Hydrological,7.565799,UNGRD
2017-01-23 00:00:00,2017,Hydrological,2.36356,UNGRD
2017-01-26 00:00:00,2017,Hydrological,0.0016,UNGRD
2017-02-03 00:00:00,2017,Hydrological,0.0008,UNGRD
2017-02-06 00:00:00,2017,Hydrological,1.092876,UNGRD
2017-02-10 00:00:00,2017,Hydrological,2.888494,UNGRD
2017-02-16 00:00:00,2017,Hydrological,0.0016,UNGRD
2017-02-21 00:00:00,2017,Hydrological,17.125143,UNGRD
2017-03-01 00:00:00,2017,Hydrological,0.06888,UNGRD
2017-03-06 00:00:00,2017,Hydrological,1.235131,UNGRD
2017-03-09 00:00:00,2017,Hydrological,0.932716,UNGRD
2017-03-12 00:00:00,2017,Hydrological,1.519106,UNGRD
2017-03-15 00:00:00,2017,Hydrological,2.589892,UNGRD
2017-03-18 00:00:00,2017,Hydrological,1.656765,UNGRD
2017-03-21 00:00:00,2017,Hydrological,1.346678,UNGRD
2017-03-24 00:00:00,2017,Hydrological,3.999305,UNGRD
2017-03-27 00:00:00,2017,Hydrological,2.329751,UNGRD
2017-03-30 00:00:00,2017,Hydrological,9.039132,UNGRD
2017-04-02 00:00:00,2017,Hydrological,0.594407,UNGRD
2017-04-05 00:00:00,2017,Hydrological,1.040597,UNGRD
2017-04-08 00:00:00,2017,Hydrological,0.571155,UNGRD
2017-04-12 00:00:00,2017,Hydrological,0.981347,UNGRD
2017-04-15 00:00:00,2017,Hydrological,0.100938,UNGRD
2017-04-18 00:00:00,2017,Hydrological,31.943602,UNGRD
2017-04-21 00:00:00,2017,Hydrological,0.803103,UNGRD
2017-04-24 00:00:00,2017,Hydrological,1.884965,UNGRD
2017-04-28 00:00:00,2017,Hydrological,0.208763,UNGRD
2017-05-01 00:00:00,2017,Hydrological,1.167035,UNGRD
2017-05-05 00:00:00,2017,Hydrological,2.255511,UNGRD
2017-05-08 00:00:00,2017,Hydrological,14.137384,UNGRD
2017-05-11 00:00:00,2017,Hydrological,40.79197,UNGRD
2017-05-14 00:00:00,2017,Hydrological,9.333704,UNGRD
2017-05-17 00:00:00,2017,Hydrological,4.378715,UNGRD
2017-05-20 00:00:00,2017,Hydrological,9.559916,UNGRD
2017-05-23 00:00:00,2017,Hydrological,3.48549,UNGRD
2017-05-26 00:00:00,2017,Hydrological,9.941236,UNGRD
2017-05-29 00:00:00,2017,Hydrological,0.633831,UNGRD
2017-06-02 00:00:00,2017,Hydrological,0.717323,UNGRD
2017-06-07 00:00:00,2017,Hydrological,2.703568,UNGRD
2017-06-11 00:00:00,2017,Hydrological,1.353832,UNGRD
2017-06-14 00:00:00,2017,Hydrological,1.302289,UNGRD
2017-06-17 00:00:00,2017,Hydrological,0.988912,UNGRD
2017-06-20 00:00:00,2017,Hydrological,0.231521,UNGRD
2017-06-23 00:00:00,2017,Hydrological,8.320638,UNGRD
2017-06-26 00:00:00,2017,Hydrological,2.695483,UNGRD
2017-06-30 00:00:00,2017,Hydrological,2.2096,UNGRD
2017-07-06 00:00:00,2017,Hydrological,2.124489,UNGRD
2017-07-10 00:00:00,2017,Hydrological,0.154756,UNGRD
2017-07-13 00:00:00,2017,Hydrological,0.046282,UNGRD
2017-07-17 00:00:00,2017,Hydrological,0.561013,UNGRD
2017-07-21 00:00:00,2017,Hydrological,0.0016,UNGRD
2017-07-25 00:00:00,2017,Hydrological,8.481176,UNGRD
2017-07-30 00:00:00,2017,Hydrological,8.463186,UNGRD
2017-08-02 00:00:00,2017,Hydrological,3.412998,UNGRD
2017-08-05 00:00:00,2017,Hydrological,0.158365,UNGRD
2017-08-08 00:00:00,2017,Hydrological,0.185239,UNGRD
2017-08-11 00:00:00,2017,Hydrological,0.2344,UNGRD
2017-08-14 00:00:00,2017,Hydrological,0.452185,UNGRD
2017-08-17 00:00:00,2017,Hydrological,0.158245,UNGRD
2017-08-20 00:00:00,2017,Hydrological,0.007679,UNGRD
2017-08-23 00:00:00,2017,Hydrological,0.040311,UNGRD
2017-08-26 00:00:00,2017,Hydrological,0.013437,UNGRD
2017-08-30 00:00:00,2017,Hydrological,0.738178,UNGRD
2017-09-05 00:00:00,2017,Hydrological,2.580188,UNGRD
2017-09-10 00:00:00,2017,Hydrological,1.029499,UNGRD
2017-09-13 00:00:00,2017,Hydrological,0.129196,UNGRD
2017-09-17 00:00:00,2017,Hydrological,0.008958,UNGRD
2017-09-22 00:00:00,2017,Hydrological,0.0016,UNGRD
2017-09-25 00:00:00,2017,Hydrological,0.0016,UNGRD
2017-09-28 00:00:00,2017,Hydrological,0.284969,UNGRD
2017-10-01 00:00:00,2017,Hydrological,0.824955,UNGRD
2017-10-04 00:00:00,2017,Hydrological,0.280143,UNGRD
2017-10-11 00:00:00,2017,Hydrological,0.0008,UNGRD
2017-10-15 00:00:00,2017,Hydrological,0.433606,UNGRD
2017-10-18 00:00:00,2017,Hydrological,0.0008,UNGRD
2017-10-21 00:00:00,2017,Hydrological,0.239787,UNGRD
2017-10-25 00:00:00,2017,Hydrological,2.924316,UNGRD
2017-10-28 00:00:00,2017,Hydrological,0.053364,UNGRD
2017-10-31 00:00:00,2017,Hydrological,5.047888,UNGRD
2017-11-03 00:00:00,2017,Hydrological,0.715466,UNGRD
2017-11-07 00:00:00,2017,Hydrological,5.629592,UNGRD
2017-11-10 00:00:00,2017,Hydrological,0.115067,UNGRD
2017-11-13 00:00:00,2017,Hydrological,3.590052,UNGRD
2017-11-16 00:00:00,2017,Hydrological,1.23791,UNGRD
2017-11-19 00:00:00,2017,Hydrological,2.22202,UNGRD
2017-11-22 00:00:00,2017,Hydrological,0.928113,UNGRD
2017-11-25 00:00:00,2017,Hydrological,0.138657,UNGRD
2017-11-28 00:00:00,2017,Hydrological,0.094859,UNGRD
2017-12-01 00:00:00,2017,Hydrological,0.469556,UNGRD
2017-12-06 00:00:00,2017,Hydrological,2.60022,UNGRD
2017-12-09 00:00:00,2017,Hydrological,0.219471,UNGRD
2017-12-12 00:00:00,2017,Hydrological,2.934593,UNGRD
2017-12-19 00:00:00,2017,Hydrological,0.0024,UNGRD
2017-12-25 00:00:00,2017,Hydrological,0.056243,UNGRD
2017-12-28 00:00:00,2017,Hydrological,0.004479,UNGRD
2017-12-31 00:00:00,2017,Hydrological,0.793391,UNGRD
2017-01-03 00:00:00,2017,Meteorological,0.008958,UNGRD
2017-01-09 00:00:00,2017,Meteorological,0.022395,UNGRD
2017-01-17 00:00:00,2017,Meteorological,1.665595,UNGRD
2017-01-27 00:00:00,2017,Meteorological,0.832674,UNGRD
2017-02-02 00:00:00,2017,Meteorological,0.753367,UNGRD
2017-02-09 00:00:00,2017,Meteorological,0.273216,UNGRD
2017-02-16 00:00:00,2017,Meteorological,0.084801,UNGRD
2017-02-22 00:00:00,2017,Meteorological,0.067185,UNGRD
2017-02-28 00:00:00,2017,Meteorological,0.168707,UNGRD
2017-03-06 00:00:00,2017,Meteorological,1.51507,UNGRD
2017-03-12 00:00:00,2017,Meteorological,0.119438,UNGRD
2017-03-18 00:00:00,2017,Meteorological,0.986268,UNGRD
2017-03-25 00:00:00,2017,Meteorological,1.110088,UNGRD
2017-04-01 00:00:00,2017,Meteorological,0.886422,UNGRD
2017-04-07 00:00:00,2017,Meteorological,0.39767,UNGRD
2017-04-13 00:00:00,2017,Meteorological,0.352944,UNGRD
2017-04-20 00:00:00,2017,Meteorological,1.249735,UNGRD
2017-04-26 00:00:00,2017,Meteorological,0.458501,UNGRD
2017-05-02 00:00:00,2017,Meteorological,0.42401,UNGRD
2017-05-09 00:00:00,2017,Meteorological,0.04479,UNGRD
2017-05-15 00:00:00,2017,Meteorological,0.309851,UNGRD
2017-05-21 00:00:00,2017,Meteorological,0.177665,UNGRD
2017-05-31 00:00:00,2017,Meteorological,2.543077,UNGRD
2017-06-06 00:00:00,2017,Meteorological,0.673989,UNGRD
2017-06-14 00:00:00,2017,Meteorological,0.450294,UNGRD
2017-06-21 00:00:00,2017,Meteorological,1.498159,UNGRD
2017-06-28 00:00:00,2017,Meteorological,0.214992,UNGRD
2017-07-05 00:00:00,2017,Meteorological,0.855244,UNGRD
2017-07-11 00:00:00,2017,Meteorological,0.706187,UNGRD
2017-07-18 00:00:00,2017,Meteorological,0.739035,UNGRD
2017-07-25 00:00:00,2017,Meteorological,0.527027,UNGRD
2017-07-31 00:00:00,2017,Meteorological,0.250822,UNGRD
2017-08-07 00:00:00,2017,Meteorological,2.934523,UNGRD
2017-08-15 00:00:00,2017,Meteorological,3.449596,UNGRD
2017-08-21 00:00:00,2017,Meteorological,5.070678,UNGRD
2017-08-27 00:00:00,2017,Meteorological,0.95386,UNGRD
2017-09-04 00:00:00,2017,Meteorological,0.203047,UNGRD
2017-09-11 00:00:00,2017,Meteorological,0.205434,UNGRD
2017-09-17 00:00:00,2017,Meteorological,0.791971,UNGRD
2017-09-23 00:00:00,2017,Meteorological,1.616919,UNGRD
2017-09-29 00:00:00,2017,Meteorological,0.297103,UNGRD
2017-10-05 00:00:00,2017,Meteorological,2.131766,UNGRD
2017-10-11 00:00:00,2017,Meteorological,0.170202,UNGRD
2017-10-18 00:00:00,2017,Meteorological,0.259662,UNGRD
2017-10-25 00:00:00,2017,Meteorological,0.067985,UNGRD
2017-11-01 00:00:00,2017,Meteorological,0.595707,UNGRD
2017-11-07 00:00:00,2017,Meteorological,0.116454,UNGRD
2017-11-14 00:00:00,2017,Meteorological,0.013437,UNGRD
2017-11-21 00:00:00,2017,Meteorological,0.094059,UNGRD
2017-11-29 00:00:00,2017,Meteorological,0.099338,UNGRD
2017-12-08 00:00:00,2017,Meteorological,2.037848,UNGRD
2017-12-31 00:00:00,2017,Meteorological,0.16637,UNGRD
2018-01-03 00:00:00,2018,Climatological,1.26403,UNGRD
2018-01-20 00:00:00,2018,Climatological,6.19294,UNGRD
2018-02-05 00:00:00,2018,Climatological,17.977522,UNGRD
2018-02-21 00:00:00,2018,Climatological,11.596763,UNGRD
2018-03-09 00:00:00,2018,Climatological,5.090179,UNGRD
2018-03-25 00:00:00,2018,Climatological,2.913701,UNGRD
2018-04-10 00:00:00,2018,Climatological,0.533247,UNGRD
2018-04-26 00:00:00,2018,Climatological,0.419319,UNGRD
2018-05-12 00:00:00,2018,Climatological,0.06808,UNGRD
2018-05-28 00:00:00,2018,Climatological,0.419132,UNGRD
2018-06-15 00:00:00,2018,Climatological,0.266117,UNGRD
2018-07-02 00:00:00,2018,Climatological,1.667163,UNGRD
2018-07-18 00:00:00,2018,Climatological,0.894219,UNGRD
2018-08-03 00:00:00,2018,Climatological,3.018606,UNGRD
2018-08-19 00:00:00,2018,Climatological,5.74038,UNGRD
2018-09-04 00:00:00,2018,Climatological,2.27761,UNGRD
2018-09-20 00:00:00,2018,Climatological,1.489194,UNGRD
2018-10-06 00:00:00,2018,Climatological,0.257856,UNGRD
2018-10-22 00:00:00,2018,Climatological,1.103803,UNGRD
2018-11-07 00:00:00,2018,Climatological,0.341734,UNGRD
2018-11-24 00:00:00,2018,Climatological,0.572587,UNGRD
2018-12-10 00:00:00,2018,Climatological,1.351725,UNGRD
2018-12-26 00:00:00,2018,Climatological,7.957317,UNGRD
2018-06-12 00:00:00,2018,Geophysical,0.540967,UNGRD
2018-06-24 00:00:00,2018,Geophysical,0.004479,UNGRD
2018-07-19 00:00:00,2018,Geophysical,0.106801,UNGRD
2018-11-08 00:00:00,2018,Geophysical,0.008958,UNGRD
2018-01-03 00:00:00,2018,Hydrological,0.06968,UNGRD
2018-01-06 00:00:00,2018,Hydrological,0.042998,UNGRD
2018-01-09 00:00:00,2018,Hydrological,0.056948,UNGRD
2018-01-12 00:00:00,2018,Hydrological,0.956148,UNGRD
2018-01-16 00:00:00,2018,Hydrological,0.027195,UNGRD
2018-01-19 00:00:00,2018,Hydrological,0.0008,UNGRD
2018-02-02 00:00:00,2018,Hydrological,0.026874,UNGRD
2018-02-05 00:00:00,2018,Hydrological,2.056633,UNGRD
2018-02-09 00:00:00,2018,Hydrological,0.040958,UNGRD
2018-02-12 00:00:00,2018,Hydrological,0.017916,UNGRD
2018-02-15 00:00:00,2018,Hydrological,1.483193,UNGRD
2018-02-18 00:00:00,2018,Hydrological,0.197876,UNGRD
2018-02-21 00:00:00,2018,Hydrological,0.461589,UNGRD
2018-02-24 00:00:00,2018,Hydrological,0.126475,UNGRD
2018-03-01 00:00:00,2018,Hydrological,0.0008,UNGRD
2018-03-04 00:00:00,2018,Hydrological,0.073956,UNGRD
2018-03-07 00:00:00,2018,Hydrological,0.053161,UNGRD
2018-03-16 00:00:00,2018,Hydrological,1.505647,UNGRD
2018-03-20 00:00:00,2018,Hydrological,0.362199,UNGRD
2018-03-25 00:00:00,2018,Hydrological,0.653037,UNGRD
2018-03-29 00:00:00,2018,Hydrological,0.797015,UNGRD
2018-04-01 00:00:00,2018,Hydrological,0.114504,UNGRD
2018-04-04 00:00:00,2018,Hydrological,0.715487,UNGRD
2018-04-07 00:00:00,2018,Hydrological,0.113575,UNGRD
2018-04-10 00:00:00,2018,Hydrological,0.336938,UNGRD
2018-04-13 00:00:00,2018,Hydrological,0.165565,UNGRD
2018-04-16 00:00:00,2018,Hydrological,0.52517,UNGRD
2018-04-19 00:00:00,2018,Hydrological,0.404198,UNGRD
2018-04-22 00:00:00,2018,Hydrological,0.199761,UNGRD
2018-04-25 00:00:00,2018,Hydrological,1.117204,UNGRD
2018-04-28 00:00:00,2018,Hydrological,0.23644,UNGRD
2018-05-02 00:00:00,2018,Hydrological,1.462871,UNGRD
2018-05-05 00:00:00,2018,Hydrological,16.622002,UNGRD
2018-05-08 00:00:00,2018,Hydrological,1.881912,UNGRD
2018-05-11 00:00:00,2018,Hydrological,1.321939,UNGRD
2018-05-14 00:00:00,2018,Hydrological,0.343704,UNGRD
2018-05-17 00:00:00,2018,Hydrological,0.147828,UNGRD
2018-05-20 00:00:00,2018,Hydrological,1.566933,UNGRD
2018-05-23 00:00:00,2018,Hydrological,0.371068,UNGRD
2018-05-26 00:00:00,2018,Hydrological,0.903204,UNGRD
2018-05-30 00:00:00,2018,Hydrological,0.977267,UNGRD
2018-06-02 00:00:00,2018,Hydrological,1.347508,UNGRD
2018-06-05 00:00:00,2018,Hydrological,2.972294,UNGRD
2018-06-08 00:00:00,2018,Hydrological,0.728862,UNGRD
2018-06-11 00:00:00,2018,Hydrological,2.40344,UNGRD
2018-06-14 00:00:00,2018,Hydrological,14.54828,UNGRD
2018-06-17 00:00:00,2018,Hydrological,0.529481,UNGRD
2018-06-20 00:00:00,2018,Hydrological,8.879519,UNGRD
2018-06-25 00:00:00,2018,Hydrological,0.160678,UNGRD
2018-06-28 00:00:00,2018,Hydrological,2.484955,UNGRD
2018-07-05 00:00:00,2018,Hydrological,0.141354,UNGRD
2018-07-08 00:00:00,2018,Hydrological,0.365037,UNGRD
2018-07-13 00:00:00,2018,Hydrological,0.676879,UNGRD
2018-07-16 00:00:00,2018,Hydrological,0.497951,UNGRD
2018-07-20 00:00:00,2018,Hydrological,2.300759,UNGRD
2018-07-24 00:00:00,2018,Hydrological,0.55988,UNGRD
2018-07-27 00:00:00,2018,Hydrological,0.977222,UNGRD
2018-07-30 00:00:00,2018,Hydrological,0.740473,UNGRD
2018-08-02 00:00:00,2018,Hydrological,0.104396,UNGRD
2018-08-05 00:00:00,2018,Hydrological,0.964464,UNGRD
2018-08-08 00:00:00,2018,Hydrological,0.0024,UNGRD
2018-08-11 00:00:00,2018,Hydrological,2.898062,UNGRD
2018-08-14 00:00:00,2018,Hydrological,0.519564,UNGRD
2018-08-18 00:00:00,2018,Hydrological,0.0008,UNGRD
2018-08-21 00:00:00,2018,Hydrological,0.461997,UNGRD
2018-08-25 00:00:00,2018,Hydrological,1.65415,UNGRD
2018-08-29 00:00:00,2018,Hydrological,0.322488,UNGRD
2018-09-04 00:00:00,2018,Hydrological,0.474774,UNGRD
2018-09-11 00:00:00,2018,Hydrological,1.624328,UNGRD
2018-09-15 00:00:00,2018,Hydrological,0.369866,UNGRD
2018-09-18 00:00:00,2018,Hydrological,0.832752,UNGRD
2018-09-24 00:00:00,2018,Hydrological,0.013437,UNGRD
2018-09-27 00:00:00,2018,Hydrological,0.709603,UNGRD
2018-10-01 00:00:00,2018,Hydrological,1.305171,UNGRD
2018-10-04 00:00:00,2018,Hydrological,2.970029,UNGRD
2018-10-07 00:00:00,2018,Hydrological,10.929189,UNGRD
2018-10-10 00:00:00,2018,Hydrological,5.222028,UNGRD
2018-10-13 00:00:00,2018,Hydrological,0.812048,UNGRD
2018-10-18 00:00:00,2018,Hydrological,2.070795,UNGRD
2018-10-21 00:00:00,2018,Hydrological,14.936713,UNGRD
2018-10-24 00:00:00,2018,Hydrological,3.641974,UNGRD
2018-10-27 00:00:00,2018,Hydrological,0.272227,UNGRD
2018-10-30 00:00:00,2018,Hydrological,2.136391,UNGRD
2018-11-02 00:00:00,2018,Hydrological,0.110683,UNGRD
2018-11-05 00:00:00,2018,Hydrological,0.028474,UNGRD
2018-11-08 00:00:00,2018,Hydrological,0.122233,UNGRD
2018-11-11 00:00:00,2018,Hydrological,1.57573,UNGRD
2018-11-14 00:00:00,2018,Hydrological,0.143936,UNGRD
2018-11-17 00:00:00,2018,Hydrological,0.316825,UNGRD
2018-11-20 00:00:00,2018,Hydrological,0.284895,UNGRD
2018-11-23 00:00:00,2018,Hydrological,0.510549,UNGRD
2018-11-26 00:00:00,2018,Hydrological,12.103812,UNGRD
2018-11-29 00:00:00,2018,Hydrological,28.016506,UNGRD
2018-12-02 00:00:00,2018,Hydrological,1.36673,UNGRD
2018-12-05 00:00:00,2018,Hydrological,7.047328,UNGRD
2018-12-08 00:00:00,2018,Hydrological,5.512034,UNGRD
2018-12-12 00:00:00,2018,Hydrological,0.0016,UNGRD
2018-12-18 00:00:00,2018,Hydrological,0.22475,UNGRD
2018-12-22 00:00:00,2018,Hydrological,0.050164,UNGRD
2018-01-07 00:00:00,2018,Meteorological,0.730077,UNGRD
2018-01-14 00:00:00,2018,Meteorological,0.168015,UNGRD
2018-02-02 00:00:00,2018,Meteorological,0.237387,UNGRD
2018-02-13 00:00:00,2018,Meteorological,0.389673,UNGRD
2018-02-20 00:00:00,2018,Meteorological,0.067185,UNGRD
2018-03-04 00:00:00,2018,Meteorological,0.050761,UNGRD
2018-03-11 00:00:00,2018,Meteorological,0.004479,UNGRD
2018-03-17 00:00:00,2018,Meteorological,0.798301,UNGRD
2018-03-25 00:00:00,2018,Meteorological,1.900588,UNGRD
2018-03-31 00:00:00,2018,Meteorological,0.342696,UNGRD
2018-04-06 00:00:00,2018,Meteorological,1.245575,UNGRD
2018-04-12 00:00:00,2018,Meteorological,0.333067,UNGRD
2018-04-21 00:00:00,2018,Meteorological,8.091458,UNGRD
2018-04-28 00:00:00,2018,Meteorological,0.022395,UNGRD
2018-05-06 00:00:00,2018,Meteorological,0.008958,UNGRD
2018-05-12 00:00:00,2018,Meteorological,0.191318,UNGRD
2018-05-18 00:00:00,2018,Meteorological,0.244266,UNGRD
2018-05-26 00:00:00,2018,Meteorological,0.098538,UNGRD
2018-06-01 00:00:00,2018,Meteorological,0.468794,UNGRD
2018-06-12 00:00:00,2018,Meteorological,1.401927,UNGRD
2018-06-18 00:00:00,2018,Meteorological,5.991907,UNGRD
2018-06-24 00:00:00,2018,Meteorological,0.480745,UNGRD
2018-06-30 00:00:00,2018,Meteorological,0.771396,UNGRD
2018-07-08 00:00:00,2018,Meteorological,0.385194,UNGRD
2018-07-15 00:00:00,2018,Meteorological,0.111975,UNGRD
2018-07-22 00:00:00,2018,Meteorological,0.132578,UNGRD
2018-08-02 00:00:00,2018,Meteorological,2.058934,UNGRD
2018-08-08 00:00:00,2018,Meteorological,0.833342,UNGRD
2018-08-14 00:00:00,2018,Meteorological,0.108988,UNGRD
2018-08-20 00:00:00,2018,Meteorological,1.410186,UNGRD
2018-08-26 00:00:00,2018,Meteorological,1.046588,UNGRD
2018-09-01 00:00:00,2018,Meteorological,0.521856,UNGRD
2018-09-07 00:00:00,2018,Meteorological,0.226037,UNGRD
2018-09-15 00:00:00,2018,Meteorological,0.920067,UNGRD
2018-09-24 00:00:00,2018,Meteorological,1.283381,UNGRD
2018-10-01 00:00:00,2018,Meteorological,9.705245,UNGRD
2018-10-10 00:00:00,2018,Meteorological,0.250824,UNGRD
2018-10-16 00:00:00,2018,Meteorological,2.043363,UNGRD
2018-10-23 00:00:00,2018,Meteorological,0.013437,UNGRD
2018-10-29 00:00:00,2018,Meteorological,0.250234,UNGRD
2018-11-05 00:00:00,2018,Meteorological,0.452379,UNGRD
2018-11-13 00:00:00,2018,Meteorological,0.420439,UNGRD
2018-11-19 00:00:00,2018,Meteorological,0.077635,UNGRD
2018-11-29 00:00:00,2018,Meteorological,0.004479,UNGRD
2018-12-05 00:00:00,2018,Meteorological,0.022395,UNGRD
2018-12-14 00:00:00,2018,Meteorological,0.008958,UNGRD
2018-12-21 00:00:00,2018,Meteorological,0.135862,UNGRD
2018-12-28 00:00:00,2018,Meteorological,0.008958,UNGRD
2019-01-11 00:00:00,2019,Climatological,11.373059000000001,UNGRD
2019-01-27 00:00:00,2019,Climatological,41.70599800000001,UNGRD
2019-02-12 00:00:00,2019,Climatological,45.968924,UNGRD
2019-02-28 00:00:00,2019,Climatological,24.387051000000003,UNGRD
2019-03-16 00:00:00,2019,Climatological,15.824904,UNGRD
2019-04-01 00:00:00,2019,Climatological,8.665381,UNGRD
2019-04-17 00:00:00,2019,Climatological,1.166719,UNGRD
2019-05-03 00:00:00,2019,Climatological,1.074222,UNGRD
2019-05-20 00:00:00,2019,Climatological,0.57298,UNGRD
2019-06-05 00:00:00,2019,Climatological,0.425988,UNGRD
2019-06-21 00:00:00,2019,Climatological,0.531241,UNGRD
2019-07-07 00:00:00,2019,Climatological,0.981699,UNGRD
2019-07-23 00:00:00,2019,Climatological,5.016178,UNGRD
2019-08-08 00:00:00,2019,Climatological,21.079739,UNGRD
2019-08-24 00:00:00,2019,Climatological,36.692678,UNGRD
2019-09-09 00:00:00,2019,Climatological,17.860389,UNGRD
2019-09-25 00:00:00,2019,Climatological,2.56048,UNGRD
2019-10-12 00:00:00,2019,Climatological,0.572692,UNGRD
2019-10-30 00:00:00,2019,Climatological,0.826774,UNGRD
2019-11-16 00:00:00,2019,Climatological,0.485474,UNGRD
2019-12-05 00:00:00,2019,Climatological,1.772699,UNGRD
2019-12-21 00:00:00,2019,Climatological,0.90941,UNGRD
2019-01-26 00:00:00,2019,Geophysical,0.165303,UNGRD
2019-07-26 00:00:00,2019,Geophysical,0.083606,UNGRD
2019-12-24 00:00:00,2019,Geophysical,0.138714,UNGRD
2019-01-04 00:00:00,2019,Hydrological,0.075246,UNGRD
2019-01-09 00:00:00,2019,Hydrological,0.0008,UNGRD
2019-01-15 00:00:00,2019,Hydrological,0.088683,UNGRD
2019-01-20 00:00:00,2019,Hydrological,0.0008,UNGRD
2019-01-29 00:00:00,2019,Hydrological,1.666968,UNGRD
2019-02-01 00:00:00,2019,Hydrological,0.040311,UNGRD
2019-02-06 00:00:00,2019,Hydrological,0.425246,UNGRD
2019-02-10 00:00:00,2019,Hydrological,0.03644,UNGRD
2019-02-16 00:00:00,2019,Hydrological,0.041803,UNGRD
2019-02-19 00:00:00,2019,Hydrological,0.0032,UNGRD
2019-02-23 00:00:00,2019,Hydrological,3.505325,UNGRD
2019-02-26 00:00:00,2019,Hydrological,0.17697,UNGRD
2019-03-01 00:00:00,2019,Hydrological,0.043319,UNGRD
2019-03-06 00:00:00,2019,Hydrological,0.821584,UNGRD
2019-03-10 00:00:00,2019,Hydrological,0.401764,UNGRD
2019-03-14 00:00:00,2019,Hydrological,1.044658,UNGRD
2019-03-17 00:00:00,2019,Hydrological,1.632692,UNGRD
2019-03-20 00:00:00,2019,Hydrological,0.398311,UNGRD
2019-03-23 00:00:00,2019,Hydrological,0.736237,UNGRD
2019-03-26 00:00:00,2019,Hydrological,0.396324,UNGRD
2019-03-29 00:00:00,2019,Hydrological,1.195797,UNGRD
2019-04-01 00:00:00,2019,Hydrological,0.980609,UNGRD
2019-04-04 00:00:00,2019,Hydrological,2.534309,UNGRD
2019-04-07 00:00:00,2019,Hydrological,1.134827,UNGRD
2019-04-10 00:00:00,2019,Hydrological,0.033753,UNGRD
2019-04-13 00:00:00,2019,Hydrological,3.857454,UNGRD
2019-04-17 00:00:00,2019,Hydrological,0.506894,UNGRD
2019-04-20 00:00:00,2019,Hydrological,15.188273,UNGRD
2019-04-23 00:00:00,2019,Hydrological,4.280909,UNGRD
2019-04-26 00:00:00,2019,Hydrological,1.254117,UNGRD
2019-04-29 00:00:00,2019,Hydrological,0.247834,UNGRD
2019-05-02 00:00:00,2019,Hydrological,0.238232,UNGRD
2019-05-08 00:00:00,2019,Hydrological,1.304918,UNGRD
2019-05-11 00:00:00,2019,Hydrological,0.621685,UNGRD
2019-05-14 00:00:00,2019,Hydrological,22.558547,UNGRD
2019-05-17 00:00:00,2019,Hydrological,5.137214,UNGRD
2019-05-20 00:00:00,2019,Hydrological,14.08771,UNGRD
2019-05-23 00:00:00,2019,Hydrological,2.646173,UNGRD
2019-05-26 00:00:00,2019,Hydrological,8.472216,UNGRD
2019-05-29 00:00:00,2019,Hydrological,8.680556,UNGRD
2019-06-01 00:00:00,2019,Hydrological,4.565594,UNGRD
2019-06-04 00:00:00,2019,Hydrological,0.570418,UNGRD
2019-06-07 00:00:00,2019,Hydrological,3.229943,UNGRD
2019-06-10 00:00:00,2019,Hydrological,11.960643,UNGRD
2019-06-13 00:00:00,2019,Hydrological,12.387568,UNGRD
2019-06-16 00:00:00,2019,Hydrological,0.015837,UNGRD
2019-06-20 00:00:00,2019,Hydrological,17.414936,UNGRD
2019-06-23 00:00:00,2019,Hydrological,1.943191,UNGRD
2019-06-27 00:00:00,2019,Hydrological,0.09438,UNGRD
2019-06-30 00:00:00,2019,Hydrological,1.002868,UNGRD
2019-07-03 00:00:00,2019,Hydrological,0.724901,UNGRD
2019-07-08 00:00:00,2019,Hydrological,0.083606,UNGRD
2019-07-12 00:00:00,2019,Hydrological,0.361841,UNGRD
2019-07-15 00:00:00,2019,Hydrological,0.258787,UNGRD
2019-07-18 00:00:00,2019,Hydrological,0.885906,UNGRD
2019-07-21 00:00:00,2019,Hydrological,0.768309,UNGRD
2019-07-25 00:00:00,2019,Hydrological,0.748247,UNGRD
2019-07-28 00:00:00,2019,Hydrological,0.421634,UNGRD
2019-07-31 00:00:00,2019,Hydrological,0.300893,UNGRD
2019-08-07 00:00:00,2019,Hydrological,0.912562,UNGRD
2019-08-10 00:00:00,2019,Hydrological,0.117254,UNGRD
2019-08-14 00:00:00,2019,Hydrological,0.018716,UNGRD
2019-08-17 00:00:00,2019,Hydrological,0.13517,UNGRD
2019-08-23 00:00:00,2019,Hydrological,0.079725,UNGRD
2019-08-27 00:00:00,2019,Hydrological,0.171002,UNGRD
2019-08-30 00:00:00,2019,Hydrological,0.964479,UNGRD
2019-09-02 00:00:00,2019,Hydrological,0.67185,UNGRD
2019-09-18 00:00:00,2019,Hydrological,0.156765,UNGRD
2019-09-22 00:00:00,2019,Hydrological,0.010558,UNGRD
2019-09-27 00:00:00,2019,Hydrological,0.371757,UNGRD
2019-09-30 00:00:00,2019,Hydrological,3.624009,UNGRD
2019-10-03 00:00:00,2019,Hydrological,0.087596,UNGRD
2019-10-06 00:00:00,2019,Hydrological,0.004479,UNGRD
2019-10-09 00:00:00,2019,Hydrological,1.210522,UNGRD
2019-10-13 00:00:00,2019,Hydrological,2.634452,UNGRD
2019-10-16 00:00:00,2019,Hydrological,0.286656,UNGRD
2019-10-19 00:00:00,2019,Hydrological,1.19903,UNGRD
2019-10-22 00:00:00,2019,Hydrological,0.42481,UNGRD
2019-10-27 00:00:00,2019,Hydrological,1.131108,UNGRD
2019-10-30 00:00:00,2019,Hydrological,0.157565,UNGRD
2019-11-03 00:00:00,2019,Hydrological,1.268221,UNGRD
2019-11-06 00:00:00,2019,Hydrological,0.063506,UNGRD
2019-11-09 00:00:00,2019,Hydrological,1.582792,UNGRD
2019-11-12 00:00:00,2019,Hydrological,0.253953,UNGRD
2019-11-15 00:00:00,2019,Hydrological,3.633041,UNGRD
2019-11-18 00:00:00,2019,Hydrological,0.08363,UNGRD
2019-11-21 00:00:00,2019,Hydrological,0.047832,UNGRD
2019-11-24 00:00:00,2019,Hydrological,0.009758,UNGRD
2019-11-28 00:00:00,2019,Hydrological,0.107399,UNGRD
2019-12-06 00:00:00,2019,Hydrological,8.279795,UNGRD
2019-12-09 00:00:00,2019,Hydrological,0.577674,UNGRD
2019-12-14 00:00:00,2019,Hydrological,0.078159,UNGRD
2019-12-17 00:00:00,2019,Hydrological,0.0024,UNGRD
2019-12-20 00:00:00,2019,Hydrological,0.0008,UNGRD
2019-12-26 00:00:00,2019,Hydrological,0.606114,UNGRD
2019-12-29 00:00:00,2019,Hydrological,0.551456,UNGRD
2019-01-05 00:00:00,2019,Meteorological,0.309051,UNGRD
2019-01-11 00:00:00,2019,Meteorological,0.183052,UNGRD
2019-01-23 00:00:00,2019,Meteorological,0.050761,UNGRD
2019-01-30 00:00:00,2019,Meteorological,0.182144,UNGRD
2019-02-05 00:00:00,2019,Meteorological,0.246345,UNGRD
2019-02-14 00:00:00,2019,Meteorological,0.415289,UNGRD
2019-02-21 00:00:00,2019,Meteorological,7.357692,UNGRD
2019-02-28 00:00:00,2019,Meteorological,0.685093,UNGRD
2019-03-06 00:00:00,2019,Meteorological,4.523655,UNGRD
2019-03-12 00:00:00,2019,Meteorological,5.05504,UNGRD
2019-03-18 00:00:00,2019,Meteorological,0.628455,UNGRD
2019-03-24 00:00:00,2019,Meteorological,0.252424,UNGRD
2019-03-31 00:00:00,2019,Meteorological,1.426808,UNGRD
2019-04-08 00:00:00,2019,Meteorological,0.445397,UNGRD
2019-04-14 00:00:00,2019,Meteorological,1.540012,UNGRD
2019-04-20 00:00:00,2019,Meteorological,0.638987,UNGRD
2019-04-26 00:00:00,2019,Meteorological,0.568084,UNGRD
2019-05-03 00:00:00,2019,Meteorological,0.55539,UNGRD
2019-05-10 00:00:00,2019,Meteorological,0.246345,UNGRD
2019-05-16 00:00:00,2019,Meteorological,0.298014,UNGRD
2019-05-22 00:00:00,2019,Meteorological,0.643481,UNGRD
2019-05-28 00:00:00,2019,Meteorological,1.523664,UNGRD
2019-06-04 00:00:00,2019,Meteorological,2.538757,UNGRD
2019-06-10 00:00:00,2019,Meteorological,0.229921,UNGRD
2019-06-16 00:00:00,2019,Meteorological,0.497169,UNGRD
2019-06-24 00:00:00,2019,Meteorological,2.446483,UNGRD
2019-06-30 00:00:00,2019,Meteorological,0.693547,UNGRD
2019-07-06 00:00:00,2019,Meteorological,4.698228,UNGRD
2019-07-12 00:00:00,2019,Meteorological,0.141141,UNGRD
2019-07-18 00:00:00,2019,Meteorological,5.588454,UNGRD
2019-07-24 00:00:00,2019,Meteorological,2.713847,UNGRD
2019-07-30 00:00:00,2019,Meteorological,2.297127,UNGRD
2019-08-05 00:00:00,2019,Meteorological,0.544943,UNGRD
2019-08-11 00:00:00,2019,Meteorological,1.847383,UNGRD
2019-08-18 00:00:00,2019,Meteorological,5.71657,UNGRD
2019-08-24 00:00:00,2019,Meteorological,3.666595,UNGRD
2019-08-31 00:00:00,2019,Meteorological,1.810696,UNGRD
2019-09-06 00:00:00,2019,Meteorological,1.054057,UNGRD
2019-09-12 00:00:00,2019,Meteorological,6.242425,UNGRD
2019-09-18 00:00:00,2019,Meteorological,1.053449,UNGRD
2019-09-24 00:00:00,2019,Meteorological,2.70531,UNGRD
2019-09-30 00:00:00,2019,Meteorological,3.711296,UNGRD
2019-10-07 00:00:00,2019,Meteorological,0.617502,UNGRD
2019-10-13 00:00:00,2019,Meteorological,1.061352,UNGRD
2019-10-20 00:00:00,2019,Meteorological,0.617205,UNGRD
2019-10-26 00:00:00,2019,Meteorological,0.183639,UNGRD
2019-11-02 00:00:00,2019,Meteorological,0.400123,UNGRD
2019-11-08 00:00:00,2019,Meteorological,0.338217,UNGRD
2019-11-16 00:00:00,2019,Meteorological,0.092564,UNGRD
2019-11-22 00:00:00,2019,Meteorological,0.017916,UNGRD
2019-11-29 00:00:00,2019,Meteorological,0.026874,UNGRD
2019-12-05 00:00:00,2019,Meteorological,0.524041,UNGRD
2020-01-06 00:00:00,2020,Climatological,8.675108,UNGRD
2020-01-22 00:00:00,2020,Climatological,14.358535,UNGRD
2020-02-07 00:00:00,2020,Climatological,46.922996,UNGRD
2020-02-23 00:00:00,2020,Climatological,22.684651,UNGRD
2020-03-10 00:00:00,2020,Climatological,23.68408,UNGRD
2020-03-26 00:00:00,2020,Climatological,9.278899,UNGRD
2020-04-13 00:00:00,2020,Climatological,4.502086,UNGRD
2020-04-29 00:00:00,2020,Climatological,0.400119,UNGRD
2020-05-15 00:00:00,2020,Climatological,3.358925,UNGRD
2020-06-05 00:00:00,2020,Climatological,0.993708,UNGRD
2020-06-24 00:00:00,2020,Climatological,1.330964,UNGRD
2020-07-10 00:00:00,2020,Climatological,1.413906,UNGRD
2020-07-27 00:00:00,2020,Climatological,2.442566,UNGRD
2020-08-12 00:00:00,2020,Climatological,0.959824,UNGRD
2020-08-28 00:00:00,2020,Climatological,3.08585,UNGRD
2020-09-13 00:00:00,2020,Climatological,3.662848,UNGRD
2020-09-29 00:00:00,2020,Climatological,1.616441,UNGRD
2020-10-15 00:00:00,2020,Climatological,1.773261,UNGRD
2020-11-02 00:00:00,2020,Climatological,0.15052,UNGRD
2020-11-19 00:00:00,2020,Climatological,2.546627,UNGRD
2020-12-05 00:00:00,2020,Climatological,1.687131,UNGRD
2020-12-21 00:00:00,2020,Climatological,0.447917,UNGRD
2020-03-28 00:00:00,2020,Geophysical,0.2,UNGRD
2020-04-15 00:00:00,2020,Geophysical,1.590039,UNGRD
2020-01-01 00:00:00,2020,Hydrological,0.118638,UNGRD
2020-01-04 00:00:00,2020,Hydrological,0.154971,UNGRD
2020-01-08 00:00:00,2020,Hydrological,0.005279,UNGRD
2020-01-18 00:00:00,2020,Hydrological,0.06888,UNGRD
2020-01-21 00:00:00,2020,Hydrological,0.267649,UNGRD
2020-01-26 00:00:00,2020,Hydrological,0.980046,UNGRD
2020-01-29 00:00:00,2020,Hydrological,0.032153,UNGRD
2020-02-11 00:00:00,2020,Hydrological,0.411167,UNGRD
2020-02-19 00:00:00,2020,Hydrological,0.0008,UNGRD
2020-02-22 00:00:00,2020,Hydrological,0.017916,UNGRD
2020-02-26 00:00:00,2020,Hydrological,3.243847,UNGRD
2020-03-03 00:00:00,2020,Hydrological,0.013437,UNGRD
2020-03-06 00:00:00,2020,Hydrological,0.009758,UNGRD
2020-03-09 00:00:00,2020,Hydrological,0.27034,UNGRD
2020-03-14 00:00:00,2020,Hydrological,0.105309,UNGRD
2020-03-20 00:00:00,2020,Hydrological,0.164826,UNGRD
2020-03-24 00:00:00,2020,Hydrological,0.005279,UNGRD
2020-04-01 00:00:00,2020,Hydrological,1.425219,UNGRD
2020-04-04 00:00:00,2020,Hydrological,1.207583,UNGRD
2020-04-08 00:00:00,2020,Hydrological,0.654524,UNGRD
2020-04-11 00:00:00,2020,Hydrological,0.03404,UNGRD
2020-04-15 00:00:00,2020,Hydrological,0.058035,UNGRD
2020-04-18 00:00:00,2020,Hydrological,0.050964,UNGRD
2020-04-21 00:00:00,2020,Hydrological,0.823333,UNGRD
2020-04-24 00:00:00,2020,Hydrological,2.061917,UNGRD
2020-04-28 00:00:00,2020,Hydrological,1.105321,UNGRD
2020-05-04 00:00:00,2020,Hydrological,0.442429,UNGRD
2020-05-08 00:00:00,2020,Hydrological,1.675681,UNGRD
2020-05-11 00:00:00,2020,Hydrological,2.420407,UNGRD
2020-05-17 00:00:00,2020,Hydrological,0.4495,UNGRD
2020-05-22 00:00:00,2020,Hydrological,0.541954,UNGRD
2020-05-26 00:00:00,2020,Hydrological,1.745687,UNGRD
2020-05-29 00:00:00,2020,Hydrological,4.037495,UNGRD
2020-06-01 00:00:00,2020,Hydrological,5.402812,UNGRD
2020-06-04 00:00:00,2020,Hydrological,0.223195,UNGRD
2020-06-09 00:00:00,2020,Hydrological,5.901561,UNGRD
2020-06-13 00:00:00,2020,Hydrological,1.216847,UNGRD
2020-06-16 00:00:00,2020,Hydrological,2.364168,UNGRD
2020-06-19 00:00:00,2020,Hydrological,1.73485,UNGRD
2020-06-22 00:00:00,2020,Hydrological,1.932237,UNGRD
2020-06-25 00:00:00,2020,Hydrological,1.298392,UNGRD
2020-06-28 00:00:00,2020,Hydrological,0.881653,UNGRD
2020-07-01 00:00:00,2020,Hydrological,7.972082,UNGRD
2020-07-04 00:00:00,2020,Hydrological,11.878422,UNGRD
2020-07-07 00:00:00,2020,Hydrological,4.335338,UNGRD
2020-07-11 00:00:00,2020,Hydrological,1.470302,UNGRD
2020-07-15 00:00:00,2020,Hydrological,0.309051,UNGRD
2020-07-18 00:00:00,2020,Hydrological,0.207634,UNGRD
2020-07-21 00:00:00,2020,Hydrological,0.8974,UNGRD
2020-07-24 00:00:00,2020,Hydrological,2.076821,UNGRD
2020-07-27 00:00:00,2020,Hydrological,0.561331,UNGRD
2020-07-30 00:00:00,2020,Hydrological,0.955273,UNGRD
2020-08-04 00:00:00,2020,Hydrological,0.721119,UNGRD
2020-08-07 00:00:00,2020,Hydrological,0.720633,UNGRD
2020-08-10 00:00:00,2020,Hydrological,0.065393,UNGRD
2020-08-13 00:00:00,2020,Hydrological,0.040311,UNGRD
2020-08-16 00:00:00,2020,Hydrological,1.312056,UNGRD
2020-08-19 00:00:00,2020,Hydrological,2.451259,UNGRD
2020-08-22 00:00:00,2020,Hydrological,5.320986,UNGRD
2020-08-25 00:00:00,2020,Hydrological,1.376809,UNGRD
2020-08-28 00:00:00,2020,Hydrological,0.334173,UNGRD
2020-08-31 00:00:00,2020,Hydrological,1.935608,UNGRD
2020-09-03 00:00:00,2020,Hydrological,4.835145,UNGRD
2020-09-06 00:00:00,2020,Hydrological,2.101289,UNGRD
2020-09-09 00:00:00,2020,Hydrological,0.052469,UNGRD
2020-09-13 00:00:00,2020,Hydrological,3.268543,UNGRD
2020-09-16 00:00:00,2020,Hydrological,1.093401,UNGRD
2020-09-19 00:00:00,2020,Hydrological,10.696696,UNGRD
2020-09-22 00:00:00,2020,Hydrological,0.004479,UNGRD
2020-09-25 00:00:00,2020,Hydrological,0.041803,UNGRD
2020-09-28 00:00:00,2020,Hydrological,3.205577,UNGRD
2020-10-01 00:00:00,2020,Hydrological,0.892004,UNGRD
2020-10-04 00:00:00,2020,Hydrological,0.910462,UNGRD
2020-10-07 00:00:00,2020,Hydrological,2.717198,UNGRD
2020-10-12 00:00:00,2020,Hydrological,0.239595,UNGRD
2020-10-18 00:00:00,2020,Hydrological,2.592852,UNGRD
2020-10-21 00:00:00,2020,Hydrological,3.246645,UNGRD
2020-10-24 00:00:00,2020,Hydrological,1.248143,UNGRD
2020-10-27 00:00:00,2020,Hydrological,0.879343,UNGRD
2020-10-30 00:00:00,2020,Hydrological,49.865516,UNGRD
2020-11-02 00:00:00,2020,Hydrological,11.415126,UNGRD
2020-11-05 00:00:00,2020,Hydrological,11.653067,UNGRD
2020-11-08 00:00:00,2020,Hydrological,16.495805,UNGRD
2020-11-11 00:00:00,2020,Hydrological,15.01716,UNGRD
2020-11-14 00:00:00,2020,Hydrological,41.021147,UNGRD
2020-11-17 00:00:00,2020,Hydrological,30.198396,UNGRD
2020-11-20 00:00:00,2020,Hydrological,17.188811,UNGRD
2020-11-23 00:00:00,2020,Hydrological,0.011358,UNGRD
2020-11-26 00:00:00,2020,Hydrological,6.53143,UNGRD
2020-11-29 00:00:00,2020,Hydrological,2.612104,UNGRD
2020-12-02 00:00:00,2020,Hydrological,23.511058,UNGRD
2020-12-05 00:00:00,2020,Hydrological,0.0016,UNGRD
2020-12-08 00:00:00,2020,Hydrological,0.178681,UNGRD
2020-12-12 00:00:00,2020,Hydrological,0.147326,UNGRD
2020-12-18 00:00:00,2020,Hydrological,0.023195,UNGRD
2020-12-21 00:00:00,2020,Hydrological,0.215037,UNGRD
2020-12-24 00:00:00,2020,Hydrological,2.054952,UNGRD
2020-12-27 00:00:00,2020,Hydrological,0.177081,UNGRD
2020-12-30 00:00:00,2020,Hydrological,0.5664,UNGRD
2020-01-03 00:00:00,2020,Meteorological,0.175502,UNGRD
2020-01-11 00:00:00,2020,Meteorological,0.022395,UNGRD
2020-01-19 00:00:00,2020,Meteorological,0.105704,UNGRD
2020-01-29 00:00:00,2020,Meteorological,0.94805,UNGRD
2020-02-04 00:00:00,2020,Meteorological,2.009279,UNGRD
2020-02-20 00:00:00,2020,Meteorological,1.128403,UNGRD
2020-02-26 00:00:00,2020,Meteorological,0.456858,UNGRD
2020-03-03 00:00:00,2020,Meteorological,3.371507,UNGRD
2020-03-09 00:00:00,2020,Meteorological,0.792653,UNGRD
2020-03-16 00:00:00,2020,Meteorological,0.386686,UNGRD
2020-03-23 00:00:00,2020,Meteorological,0.72709,UNGRD
2020-03-29 00:00:00,2020,Meteorological,0.103017,UNGRD
2020-04-05 00:00:00,2020,Meteorological,1.401028,UNGRD
2020-04-12 00:00:00,2020,Meteorological,0.865935,UNGRD
2020-04-18 00:00:00,2020,Meteorological,2.563462,UNGRD
2020-04-25 00:00:00,2020,Meteorological,0.47925,UNGRD
2020-05-01 00:00:00,2020,Meteorological,0.437087,UNGRD
2020-05-08 00:00:00,2020,Meteorological,1.428801,UNGRD
2020-05-16 00:00:00,2020,Meteorological,2.715766,UNGRD
2020-05-22 00:00:00,2020,Meteorological,3.395576,UNGRD
2020-05-28 00:00:00,2020,Meteorological,0.10003,UNGRD
2020-06-04 00:00:00,2020,Meteorological,2.172012,UNGRD
2020-06-10 00:00:00,2020,Meteorological,4.000427,UNGRD
2020-06-17 00:00:00,2020,Meteorological,3.471929,UNGRD
2020-06-23 00:00:00,2020,Meteorological,0.290175,UNGRD
2020-06-29 00:00:00,2020,Meteorological,0.137857,UNGRD
2020-07-06 00:00:00,2020,Meteorological,2.827958,UNGRD
2020-07-12 00:00:00,2020,Meteorological,2.533198,UNGRD
2020-07-18 00:00:00,2020,Meteorological,3.049415,UNGRD
2020-07-29 00:00:00,2020,Meteorological,5.750158,UNGRD
2020-08-04 00:00:00,2020,Meteorological,0.077635,UNGRD
2020-08-10 00:00:00,2020,Meteorological,3.207238,UNGRD
2020-08-16 00:00:00,2020,Meteorological,0.708179,UNGRD
2020-08-22 00:00:00,2020,Meteorological,0.770388,UNGRD
2020-08-29 00:00:00,2020,Meteorological,0.536093,UNGRD
2020-09-05 00:00:00,2020,Meteorological,3.663375,UNGRD
2020-09-11 00:00:00,2020,Meteorological,2.773587,UNGRD
2020-09-17 00:00:00,2020,Meteorological,1.855911,UNGRD
2020-09-24 00:00:00,2020,Meteorological,3.503149,UNGRD
2020-09-30 00:00:00,2020,Meteorological,1.367533,UNGRD
2020-10-06 00:00:00,2020,Meteorological,1.348179,UNGRD
2020-10-12 00:00:00,2020,Meteorological,0.201555,UNGRD
2020-10-18 00:00:00,2020,Meteorological,0.486024,UNGRD
2020-10-24 00:00:00,2020,Meteorological,2.152767,UNGRD
2020-10-30 00:00:00,2020,Meteorological,1.419094,UNGRD
2020-11-06 00:00:00,2020,Meteorological,0.340509,UNGRD
2020-11-13 00:00:00,2020,Meteorological,46.016647,UNGRD
2020-11-20 00:00:00,2020,Meteorological,0.712161,UNGRD
2020-11-26 00:00:00,2020,Meteorological,0.165721,UNGRD
2020-12-03 00:00:00,2020,Meteorological,0.004479,UNGRD
2020-12-09 00:00:00,2020,Meteorological,0.253808,UNGRD
2020-12-15 00:00:00,2020,Meteorological,0.154973,UNGRD
2020-12-23 00:00:00,2020,Meteorological,0.017916,UNGRD
2021-01-06 00:00:00,2021,Climatological,2.005619,UNGRD
2021-01-22 00:00:00,2021,Climatological,4.21583,UNGRD
2021-02-07 00:00:00,2021,Climatological,10.567255,UNGRD
2021-02-23 00:00:00,2021,Climatological,13.758093,UNGRD
2021-03-11 00:00:00,2021,Climatological,14.938932,UNGRD
2021-03-28 00:00:00,2021,Climatological,0.472444,UNGRD
2021-04-13 00:00:00,2021,Climatological,1.394705,UNGRD
2021-05-01 00:00:00,2021,Climatological,0.197969,UNGRD
2021-05-18 00:00:00,2021,Climatological,0.507071,UNGRD
2021-06-08 00:00:00,2021,Climatological,0.433215,UNGRD
2021-06-24 00:00:00,2021,Climatological,0.3842,UNGRD
2021-07-10 00:00:00,2021,Climatological,0.74207,UNGRD
2021-07-26 00:00:00,2021,Climatological,1.554261,UNGRD
2021-08-11 00:00:00,2021,Climatological,0.25332,UNGRD
2021-08-27 00:00:00,2021,Climatological,0.523527,UNGRD
2021-09-12 00:00:00,2021,Climatological,2.876441,UNGRD
2021-09-28 00:00:00,2021,Climatological,1.21696,UNGRD
2021-10-14 00:00:00,2021,Climatological,1.287656,UNGRD
2021-10-30 00:00:00,2021,Climatological,0.548363,UNGRD
2021-11-15 00:00:00,2021,Climatological,0.075472,UNGRD
2021-12-01 00:00:00,2021,Climatological,66.210718,UNGRD
2021-12-17 00:00:00,2021,Climatological,2.082567,UNGRD
2021-03-01 00:00:00,2021,Geophysical,0.017916,UNGRD
2021-12-08 00:00:00,2021,Geophysical,0.337417,UNGRD
2021-01-02 00:00:00,2021,Hydrological,0.385319,UNGRD
2021-01-05 00:00:00,2021,Hydrological,0.522252,UNGRD
2021-01-08 00:00:00,2021,Hydrological,0.056435,UNGRD
2021-01-11 00:00:00,2021,Hydrological,0.061319,UNGRD
2021-01-14 00:00:00,2021,Hydrological,0.267243,UNGRD
2021-01-21 00:00:00,2021,Hydrological,8.124217,UNGRD
2021-01-24 00:00:00,2021,Hydrological,0.005279,UNGRD
2021-01-28 00:00:00,2021,Hydrological,0.008958,UNGRD
2021-01-31 00:00:00,2021,Hydrological,0.100328,UNGRD
2021-02-07 00:00:00,2021,Hydrological,0.41808,UNGRD
2021-02-11 00:00:00,2021,Hydrological,0.040119,UNGRD
2021-02-14 00:00:00,2021,Hydrological,4.065202,UNGRD
2021-02-17 00:00:00,2021,Hydrological,1.204698,UNGRD
2021-02-20 00:00:00,2021,Hydrological,0.439826,UNGRD
2021-02-23 00:00:00,2021,Hydrological,0.04799,UNGRD
2021-02-26 00:00:00,2021,Hydrological,0.063506,UNGRD
2021-03-01 00:00:00,2021,Hydrological,4.963244,UNGRD
2021-03-04 00:00:00,2021,Hydrological,2.37355,UNGRD
2021-03-07 00:00:00,2021,Hydrological,12.144764,UNGRD
2021-03-10 00:00:00,2021,Hydrological,1.974484,UNGRD
2021-03-13 00:00:00,2021,Hydrological,8.37961,UNGRD
2021-03-16 00:00:00,2021,Hydrological,1.109831,UNGRD
2021-03-19 00:00:00,2021,Hydrological,1.15427,UNGRD
2021-03-22 00:00:00,2021,Hydrological,5.402472,UNGRD
2021-03-25 00:00:00,2021,Hydrological,1.019463,UNGRD
2021-03-28 00:00:00,2021,Hydrological,0.690009,UNGRD
2021-03-31 00:00:00,2021,Hydrological,2.153336,UNGRD
2021-04-03 00:00:00,2021,Hydrological,1.752357,UNGRD
2021-04-06 00:00:00,2021,Hydrological,0.162386,UNGRD
2021-04-09 00:00:00,2021,Hydrological,2.807054,UNGRD
2021-04-12 00:00:00,2021,Hydrological,14.03346,UNGRD
2021-04-15 00:00:00,2021,Hydrological,1.163457,UNGRD
2021-04-18 00:00:00,2021,Hydrological,1.63722,UNGRD
2021-04-21 00:00:00,2021,Hydrological,0.218692,UNGRD
2021-04-24 00:00:00,2021,Hydrological,0.144928,UNGRD
2021-04-27 00:00:00,2021,Hydrological,15.374413,UNGRD
2021-04-30 00:00:00,2021,Hydrological,2.14326,UNGRD
2021-05-03 00:00:00,2021,Hydrological,3.852004,UNGRD
2021-05-06 00:00:00,2021,Hydrological,14.099726,UNGRD
2021-05-09 00:00:00,2021,Hydrological,4.726721,UNGRD
2021-05-12 00:00:00,2021,Hydrological,2.284755,UNGRD
2021-05-15 00:00:00,2021,Hydrological,4.352317,UNGRD
2021-05-18 00:00:00,2021,Hydrological,3.130962,UNGRD
2021-05-21 00:00:00,2021,Hydrological,0.254024,UNGRD
2021-05-24 00:00:00,2021,Hydrological,5.577189,UNGRD
2021-05-27 00:00:00,2021,Hydrological,2.967877,UNGRD
2021-05-30 00:00:00,2021,Hydrological,3.578484,UNGRD
2021-06-02 00:00:00,2021,Hydrological,7.313079,UNGRD
2021-06-05 00:00:00,2021,Hydrological,4.254605,UNGRD
2021-06-08 00:00:00,2021,Hydrological,24.703477,UNGRD
2021-06-11 00:00:00,2021,Hydrological,46.346763,UNGRD
2021-06-14 00:00:00,2021,Hydrological,1.89662,UNGRD
2021-06-17 00:00:00,2021,Hydrological,2.053065,UNGRD
2021-06-20 00:00:00,2021,Hydrological,1.817821,UNGRD
2021-06-23 00:00:00,2021,Hydrological,0.37626,UNGRD
2021-06-26 00:00:00,2021,Hydrological,0.716098,UNGRD
2021-06-29 00:00:00,2021,Hydrological,2.460571,UNGRD
2021-07-02 00:00:00,2021,Hydrological,0.961711,UNGRD
2021-07-05 00:00:00,2021,Hydrological,0.073264,UNGRD
2021-07-08 00:00:00,2021,Hydrological,4.857591,UNGRD
2021-07-11 00:00:00,2021,Hydrological,11.94454,UNGRD
2021-07-14 00:00:00,2021,Hydrological,0.301693,UNGRD
2021-07-17 00:00:00,2021,Hydrological,13.442838,UNGRD
2021-07-20 00:00:00,2021,Hydrological,7.68864,UNGRD
2021-07-23 00:00:00,2021,Hydrological,15.993053,UNGRD
2021-07-26 00:00:00,2021,Hydrological,3.523751,UNGRD
2021-07-29 00:00:00,2021,Hydrological,3.503204,UNGRD
2021-08-01 00:00:00,2021,Hydrological,0.234816,UNGRD
2021-08-04 00:00:00,2021,Hydrological,8.273476,UNGRD
2021-08-07 00:00:00,2021,Hydrological,0.434143,UNGRD
2021-08-10 00:00:00,2021,Hydrological,0.493107,UNGRD
2021-08-13 00:00:00,2021,Hydrological,0.724959,UNGRD
2021-08-16 00:00:00,2021,Hydrological,8.379635,UNGRD
2021-08-19 00:00:00,2021,Hydrological,72.935365,UNGRD
2021-08-22 00:00:00,2021,Hydrological,30.351167,UNGRD
2021-08-25 00:00:00,2021,Hydrological,41.479468,UNGRD
2021-08-28 00:00:00,2021,Hydrological,16.128205,UNGRD
2021-08-31 00:00:00,2021,Hydrological,6.632447,UNGRD
2021-09-03 00:00:00,2021,Hydrological,1.497222,UNGRD
2021-09-06 00:00:00,2021,Hydrological,16.895132,UNGRD
2021-09-09 00:00:00,2021,Hydrological,1.116679,UNGRD
2021-09-12 00:00:00,2021,Hydrological,1.894757,UNGRD
2021-09-15 00:00:00,2021,Hydrological,5.16072,UNGRD
2021-09-20 00:00:00,2021,Hydrological,0.095167,UNGRD
2021-09-23 00:00:00,2021,Hydrological,5.26031,UNGRD
2021-09-26 00:00:00,2021,Hydrological,1.008224,UNGRD
2021-09-29 00:00:00,2021,Hydrological,7.161939,UNGRD
2021-10-02 00:00:00,2021,Hydrological,0.588155,UNGRD
2021-10-05 00:00:00,2021,Hydrological,1.607533,UNGRD
2021-10-08 00:00:00,2021,Hydrological,1.379148,UNGRD
2021-10-11 00:00:00,2021,Hydrological,1.544135,UNGRD
2021-10-14 00:00:00,2021,Hydrological,7.511768,UNGRD
2021-10-17 00:00:00,2021,Hydrological,1.906987,UNGRD
2021-10-20 00:00:00,2021,Hydrological,4.261609,UNGRD
2021-10-23 00:00:00,2021,Hydrological,0.245648,UNGRD
2021-10-26 00:00:00,2021,Hydrological,5.124533,UNGRD
2021-10-29 00:00:00,2021,Hydrological,0.947758,UNGRD
2021-11-01 00:00:00,2021,Hydrological,5.328037,UNGRD
2021-11-04 00:00:00,2021,Hydrological,0.795624,UNGRD
2021-11-07 00:00:00,2021,Hydrological,0.617875,UNGRD
2021-11-10 00:00:00,2021,Hydrological,6.714877,UNGRD
2021-11-13 00:00:00,2021,Hydrological,0.414692,UNGRD
2021-11-16 00:00:00,2021,Hydrological,10.548087,UNGRD
2021-11-19 00:00:00,2021,Hydrological,15.14391,UNGRD
2021-11-22 00:00:00,2021,Hydrological,4.481048,UNGRD
2021-11-25 00:00:00,2021,Hydrological,3.401047,UNGRD
2021-11-28 00:00:00,2021,Hydrological,1.199573,UNGRD
2021-12-01 00:00:00,2021,Hydrological,0.341012,UNGRD
2021-12-04 00:00:00,2021,Hydrological,0.494928,UNGRD
2021-12-07 00:00:00,2021,Hydrological,0.011358,UNGRD
2021-12-10 00:00:00,2021,Hydrological,1.782029,UNGRD
2021-12-13 00:00:00,2021,Hydrological,0.0096,UNGRD
2021-12-16 00:00:00,2021,Hydrological,0.027482,UNGRD
2021-12-19 00:00:00,2021,Hydrological,0.193526,UNGRD
2021-12-22 00:00:00,2021,Hydrological,0.179513,UNGRD
2021-12-25 00:00:00,2021,Hydrological,0.568513,UNGRD
2021-12-29 00:00:00,2021,Hydrological,0.646597,UNGRD
2021-01-04 00:00:00,2021,Meteorological,0.049269,UNGRD
2021-01-27 00:00:00,2021,Meteorological,0.026874,UNGRD
2021-02-02 00:00:00,2021,Meteorological,3.370574,UNGRD
2021-02-08 00:00:00,2021,Meteorological,0.713653,UNGRD
2021-02-15 00:00:00,2021,Meteorological,0.652758,UNGRD
2021-02-22 00:00:00,2021,Meteorological,0.69275,UNGRD
2021-02-28 00:00:00,2021,Meteorological,0.496091,UNGRD
2021-03-07 00:00:00,2021,Meteorological,0.208721,UNGRD
2021-03-14 00:00:00,2021,Meteorological,1.200775,UNGRD
2021-03-20 00:00:00,2021,Meteorological,1.539387,UNGRD
2021-03-26 00:00:00,2021,Meteorological,1.900696,UNGRD
2021-04-01 00:00:00,2021,Meteorological,0.56951,UNGRD
2021-04-08 00:00:00,2021,Meteorological,0.843228,UNGRD
2021-04-14 00:00:00,2021,Meteorological,9.903708,UNGRD
2021-04-20 00:00:00,2021,Meteorological,0.183639,UNGRD
2021-04-27 00:00:00,2021,Meteorological,0.18961,UNGRD
2021-05-03 00:00:00,2021,Meteorological,0.503965,UNGRD
2021-05-10 00:00:00,2021,Meteorological,0.309051,UNGRD
2021-05-16 00:00:00,2021,Meteorological,0.260582,UNGRD
2021-05-22 00:00:00,2021,Meteorological,0.697732,UNGRD
2021-05-28 00:00:00,2021,Meteorological,2.140255,UNGRD
2021-06-04 00:00:00,2021,Meteorological,2.313454,UNGRD
2021-06-10 00:00:00,2021,Meteorological,2.129175,UNGRD
2021-06-16 00:00:00,2021,Meteorological,0.337414,UNGRD
2021-06-22 00:00:00,2021,Meteorological,0.099516,UNGRD
2021-06-28 00:00:00,2021,Meteorological,0.773075,UNGRD
2021-07-04 00:00:00,2021,Meteorological,0.579135,UNGRD
2021-07-12 00:00:00,2021,Meteorological,1.375053,UNGRD
2021-07-18 00:00:00,2021,Meteorological,6.112661,UNGRD
2021-07-24 00:00:00,2021,Meteorological,1.048381,UNGRD
2021-07-30 00:00:00,2021,Meteorological,1.687759,UNGRD
2021-08-05 00:00:00,2021,Meteorological,1.565083,UNGRD
2021-08-11 00:00:00,2021,Meteorological,1.88598,UNGRD
2021-08-17 00:00:00,2021,Meteorological,1.315015,UNGRD
2021-08-23 00:00:00,2021,Meteorological,5.448359,UNGRD
2021-08-29 00:00:00,2021,Meteorological,0.241866,UNGRD
2021-09-04 00:00:00,2021,Meteorological,6.568707,UNGRD
2021-09-10 00:00:00,2021,Meteorological,7.745807,UNGRD
2021-09-17 00:00:00,2021,Meteorological,2.019932,UNGRD
2021-09-23 00:00:00,2021,Meteorological,0.421026,UNGRD
2021-09-29 00:00:00,2021,Meteorological,3.510038,UNGRD
2021-10-05 00:00:00,2021,Meteorological,0.058227,UNGRD
2021-10-11 00:00:00,2021,Meteorological,2.070974,UNGRD
2021-10-17 00:00:00,2021,Meteorological,1.399829,UNGRD
2021-10-24 00:00:00,2021,Meteorological,0.483732,UNGRD
2021-10-30 00:00:00,2021,Meteorological,0.917521,UNGRD
2021-11-06 00:00:00,2021,Meteorological,0.217679,UNGRD
2021-11-12 00:00:00,2021,Meteorological,0.025595,UNGRD
2021-11-20 00:00:00,2021,Meteorological,0.057235,UNGRD
2021-11-26 00:00:00,2021,Meteorological,0.041803,UNGRD
2021-12-02 00:00:00,2021,Meteorological,2.824398,UNGRD
2021-12-13 00:00:00,2021,Meteorological,0.197779,UNGRD
2021-12-29 00:00:00,2021,Meteorological,0.023195,UNGRD
2022-01-02 00:00:00,2022,Climatological,58.708162,UNGRD
2022-01-18 00:00:00,2022,Climatological,81.027238,UNGRD
2022-02-03 00:00:00,2022,Climatological,43.050187,UNGRD
2022-02-19 00:00:00,2022,Climatological,11.39728,UNGRD
2022-03-07 00:00:00,2022,Climatological,11.123697,UNGRD
2022-03-23 00:00:00,2022,Climatological,7.525116,UNGRD
2022-04-10 00:00:00,2022,Climatological,0.828493,UNGRD
2022-04-27 00:00:00,2022,Climatological,0.462868,UNGRD
2022-05-15 00:00:00,2022,Climatological,0.993027,UNGRD
2022-05-31 00:00:00,2022,Climatological,0.248714,UNGRD
2022-06-16 00:00:00,2022,Climatological,1.084954,UNGRD
2022-07-02 00:00:00,2022,Climatological,0.244235,UNGRD
2022-07-18 00:00:00,2022,Climatological,0.661117,UNGRD
2022-08-04 00:00:00,2022,Climatological,0.914824,UNGRD
2022-08-20 00:00:00,2022,Climatological,4.294128,UNGRD
2022-09-05 00:00:00,2022,Climatological,3.280325,UNGRD
2022-09-21 00:00:00,2022,Climatological,2.108283,UNGRD
2022-10-07 00:00:00,2022,Climatological,0.305976,UNGRD
2022-10-23 00:00:00,2022,Climatological,0.782918,UNGRD
2022-11-08 00:00:00,2022,Climatological,0.243282,UNGRD
2022-11-25 00:00:00,2022,Climatological,0.753316,UNGRD
2022-12-12 00:00:00,2022,Climatological,8.473028,UNGRD
2022-12-28 00:00:00,2022,Climatological,2.051122,UNGRD
2022-06-20 00:00:00,2022,Geophysical,0.312775,UNGRD
2022-07-25 00:00:00,2022,Geophysical,0.219049,UNGRD
2022-01-01 00:00:00,2022,Hydrological,0.455866,UNGRD
2022-01-04 00:00:00,2022,Hydrological,3.208251,UNGRD
2022-01-07 00:00:00,2022,Hydrological,2.417937,UNGRD
2022-01-10 00:00:00,2022,Hydrological,3.54821,UNGRD
2022-01-13 00:00:00,2022,Hydrological,0.016479,UNGRD
2022-01-17 00:00:00,2022,Hydrological,0.017916,UNGRD
2022-01-20 00:00:00,2022,Hydrological,0.0008,UNGRD
2022-01-23 00:00:00,2022,Hydrological,4.132576,UNGRD
2022-01-26 00:00:00,2022,Hydrological,0.184313,UNGRD
2022-01-29 00:00:00,2022,Hydrological,0.102025,UNGRD
2022-02-02 00:00:00,2022,Hydrological,3.57688,UNGRD
2022-02-06 00:00:00,2022,Hydrological,0.274015,UNGRD
2022-02-09 00:00:00,2022,Hydrological,0.387432,UNGRD
2022-02-12 00:00:00,2022,Hydrological,0.84657,UNGRD
2022-02-15 00:00:00,2022,Hydrological,0.081422,UNGRD
2022-02-18 00:00:00,2022,Hydrological,2.577554,UNGRD
2022-02-21 00:00:00,2022,Hydrological,2.03212,UNGRD
2022-02-24 00:00:00,2022,Hydrological,4.150192,UNGRD
2022-02-27 00:00:00,2022,Hydrological,7.880767,UNGRD
2022-03-02 00:00:00,2022,Hydrological,12.65806,UNGRD
2022-03-05 00:00:00,2022,Hydrological,12.429334,UNGRD
2022-03-08 00:00:00,2022,Hydrological,3.773944,UNGRD
2022-03-11 00:00:00,2022,Hydrological,3.086331,UNGRD
2022-03-14 00:00:00,2022,Hydrological,6.801275,UNGRD
2022-03-17 00:00:00,2022,Hydrological,2.153287,UNGRD
2022-03-20 00:00:00,2022,Hydrological,4.047422,UNGRD
2022-03-23 00:00:00,2022,Hydrological,3.176562,UNGRD
2022-03-26 00:00:00,2022,Hydrological,0.948463,UNGRD
2022-03-29 00:00:00,2022,Hydrological,2.077098,UNGRD
2022-04-01 00:00:00,2022,Hydrological,4.738979,UNGRD
2022-04-04 00:00:00,2022,Hydrological,5.238168,UNGRD
2022-04-07 00:00:00,2022,Hydrological,1.190964,UNGRD
2022-04-10 00:00:00,2022,Hydrological,4.72368,UNGRD
2022-04-13 00:00:00,2022,Hydrological,0.203581,UNGRD
2022-04-16 00:00:00,2022,Hydrological,3.4892936,UNGRD
2022-04-19 00:00:00,2022,Hydrological,7.359563,UNGRD
2022-04-22 00:00:00,2022,Hydrological,29.521131,UNGRD
2022-04-25 00:00:00,2022,Hydrological,5.398592,UNGRD
2022-04-28 00:00:00,2022,Hydrological,7.846677,UNGRD
2022-05-01 00:00:00,2022,Hydrological,5.506983,UNGRD
2022-05-04 00:00:00,2022,Hydrological,33.208504,UNGRD
2022-05-07 00:00:00,2022,Hydrological,4.41289,UNGRD
2022-05-10 00:00:00,2022,Hydrological,7.229133,UNGRD
2022-05-13 00:00:00,2022,Hydrological,1.737803,UNGRD
2022-05-16 00:00:00,2022,Hydrological,7.96917,UNGRD
2022-05-19 00:00:00,2022,Hydrological,12.736869,UNGRD
2022-05-22 00:00:00,2022,Hydrological,0.8243,UNGRD
2022-05-25 00:00:00,2022,Hydrological,1.391051,UNGRD
2022-05-28 00:00:00,2022,Hydrological,0.405644,UNGRD
2022-05-31 00:00:00,2022,Hydrological,0.849413,UNGRD
2022-06-03 00:00:00,2022,Hydrological,0.462345,UNGRD
2022-06-06 00:00:00,2022,Hydrological,6.749021,UNGRD
2022-06-09 00:00:00,2022,Hydrological,3.993756,UNGRD
2022-06-12 00:00:00,2022,Hydrological,4.559151,UNGRD
2022-06-15 00:00:00,2022,Hydrological,4.446783,UNGRD
2022-06-18 00:00:00,2022,Hydrological,2.686424,UNGRD
2022-06-21 00:00:00,2022,Hydrological,1.914634,UNGRD
2022-06-24 00:00:00,2022,Hydrological,2.290227,UNGRD
2022-06-27 00:00:00,2022,Hydrological,3.739577,UNGRD
2022-06-30 00:00:00,2022,Hydrological,15.980022,UNGRD
2022-07-04 00:00:00,2022,Hydrological,27.746157,UNGRD
2022-07-07 00:00:00,2022,Hydrological,5.583625,UNGRD
2022-07-10 00:00:00,2022,Hydrological,7.184196,UNGRD
2022-07-13 00:00:00,2022,Hydrological,6.155821,UNGRD
2022-07-16 00:00:00,2022,Hydrological,1.542836,UNGRD
2022-07-19 00:00:00,2022,Hydrological,2.012205,UNGRD
2022-07-22 00:00:00,2022,Hydrological,2.433394,UNGRD
2022-07-25 00:00:00,2022,Hydrological,10.528045,UNGRD
2022-07-28 00:00:00,2022,Hydrological,11.476915,UNGRD
2022-07-31 00:00:00,2022,Hydrological,2.741161,UNGRD
2022-08-03 00:00:00,2022,Hydrological,4.645165,UNGRD
2022-08-06 00:00:00,2022,Hydrological,3.900754,UNGRD
2022-08-09 00:00:00,2022,Hydrological,0.82378,UNGRD
2022-08-12 00:00:00,2022,Hydrological,2.56536,UNGRD
2022-08-15 00:00:00,2022,Hydrological,0.137378,UNGRD
2022-08-18 00:00:00,2022,Hydrological,4.775411,UNGRD
2022-08-21 00:00:00,2022,Hydrological,0.999183,UNGRD
2022-08-24 00:00:00,2022,Hydrological,0.668728,UNGRD
2022-08-27 00:00:00,2022,Hydrological,0.58327,UNGRD
2022-08-30 00:00:00,2022,Hydrological,1.041525,UNGRD
2022-09-03 00:00:00,2022,Hydrological,7.543995,UNGRD
2022-09-06 00:00:00,2022,Hydrological,1.582618,UNGRD
2022-09-09 00:00:00,2022,Hydrological,0.122278,UNGRD
2022-09-12 00:00:00,2022,Hydrological,3.638312,UNGRD
2022-09-15 00:00:00,2022,Hydrological,9.466142,UNGRD
2022-09-18 00:00:00,2022,Hydrological,47.48846,UNGRD
2022-09-21 00:00:00,2022,Hydrological,5.890906,UNGRD
2022-09-24 00:00:00,2022,Hydrological,1.17405,UNGRD
2022-09-27 00:00:00,2022,Hydrological,1.553241,UNGRD
2022-09-30 00:00:00,2022,Hydrological,2.078798,UNGRD
2022-10-04 00:00:00,2022,Hydrological,9.936658,UNGRD
2022-10-07 00:00:00,2022,Hydrological,42.765974,UNGRD
2022-10-10 00:00:00,2022,Hydrological,2.72522,UNGRD
2022-10-13 00:00:00,2022,Hydrological,2.935582,UNGRD
2022-10-16 00:00:00,2022,Hydrological,2.358081,UNGRD
2022-10-19 00:00:00,2022,Hydrological,11.152469,UNGRD
2022-10-22 00:00:00,2022,Hydrological,33.942165,UNGRD
2022-10-25 00:00:00,2022,Hydrological,40.725443,UNGRD
2022-10-28 00:00:00,2022,Hydrological,6.908355,UNGRD
2022-10-31 00:00:00,2022,Hydrological,2.262798,UNGRD
2022-11-03 00:00:00,2022,Hydrological,15.983093,UNGRD
2022-11-06 00:00:00,2022,Hydrological,39.137948,UNGRD
2022-11-09 00:00:00,2022,Hydrological,11.408636,UNGRD
2022-11-12 00:00:00,2022,Hydrological,15.494569,UNGRD
2022-11-15 00:00:00,2022,Hydrological,6.456008,UNGRD
2022-11-18 00:00:00,2022,Hydrological,4.959118,UNGRD
2022-11-21 00:00:00,2022,Hydrological,8.86885,UNGRD
2022-11-24 00:00:00,2022,Hydrological,32.85038,UNGRD
2022-11-27 00:00:00,2022,Hydrological,4.056931,UNGRD
2022-11-30 00:00:00,2022,Hydrological,4.101335,UNGRD
2022-12-03 00:00:00,2022,Hydrological,0.700217,UNGRD
2022-12-06 00:00:00,2022,Hydrological,1.213975,UNGRD
2022-12-09 00:00:00,2022,Hydrological,0.740421,UNGRD
2022-12-12 00:00:00,2022,Hydrological,0.049758,UNGRD
2022-12-15 00:00:00,2022,Hydrological,0.034361,UNGRD
2022-12-18 00:00:00,2022,Hydrological,0.729457,UNGRD
2022-12-21 00:00:00,2022,Hydrological,1.396069,UNGRD
2022-12-24 00:00:00,2022,Hydrological,0.359823,UNGRD
2022-12-27 00:00:00,2022,Hydrological,0.010558,UNGRD
2022-12-31 00:00:00,2022,Hydrological,0.038232,UNGRD
2022-01-13 00:00:00,2022,Meteorological,0.103017,UNGRD
2022-01-19 00:00:00,2022,Meteorological,0.071664,UNGRD
2022-01-25 00:00:00,2022,Meteorological,0.212005,UNGRD
2022-02-02 00:00:00,2022,Meteorological,0.109788,UNGRD
2022-02-08 00:00:00,2022,Meteorological,0.053748,UNGRD
2022-02-14 00:00:00,2022,Meteorological,0.798862,UNGRD
2022-02-20 00:00:00,2022,Meteorological,0.794275,UNGRD
2022-02-26 00:00:00,2022,Meteorological,0.397744,UNGRD
2022-03-04 00:00:00,2022,Meteorological,0.103017,UNGRD
2022-03-10 00:00:00,2022,Meteorological,1.353061,UNGRD
2022-03-16 00:00:00,2022,Meteorological,0.442726,UNGRD
2022-03-23 00:00:00,2022,Meteorological,1.001356,UNGRD
2022-03-30 00:00:00,2022,Meteorological,0.654468,UNGRD
2022-04-05 00:00:00,2022,Meteorological,0.04479,UNGRD
2022-04-11 00:00:00,2022,Meteorological,0.194089,UNGRD
2022-04-18 00:00:00,2022,Meteorological,0.538972,UNGRD
2022-04-24 00:00:00,2022,Meteorological,0.031353,UNGRD
2022-04-30 00:00:00,2022,Meteorological,2.416202,UNGRD
2022-05-06 00:00:00,2022,Meteorological,0.595222,UNGRD
2022-05-13 00:00:00,2022,Meteorological,1.624916,UNGRD
2022-05-19 00:00:00,2022,Meteorological,2.199989,UNGRD
2022-05-26 00:00:00,2022,Meteorological,1.395656,UNGRD
2022-06-01 00:00:00,2022,Meteorological,0.197971,UNGRD
2022-06-08 00:00:00,2022,Meteorological,0.242666,UNGRD
2022-06-15 00:00:00,2022,Meteorological,1.101528,UNGRD
2022-06-21 00:00:00,2022,Meteorological,0.08958,UNGRD
2022-06-27 00:00:00,2022,Meteorological,0.942082,UNGRD
2022-07-04 00:00:00,2022,Meteorological,0.489011,UNGRD
2022-07-13 00:00:00,2022,Meteorological,0.195284,UNGRD
2022-07-20 00:00:00,2022,Meteorological,0.31353,UNGRD
2022-07-26 00:00:00,2022,Meteorological,1.097355,UNGRD
2022-08-01 00:00:00,2022,Meteorological,1.102634,UNGRD
2022-08-09 00:00:00,2022,Meteorological,0.136933,UNGRD
2022-08-15 00:00:00,2022,Meteorological,1.190027,UNGRD
2022-08-22 00:00:00,2022,Meteorological,1.02022,UNGRD
2022-08-28 00:00:00,2022,Meteorological,1.330204,UNGRD
2022-09-03 00:00:00,2022,Meteorological,1.347592,UNGRD
2022-09-09 00:00:00,2022,Meteorological,3.129517,UNGRD
2022-09-16 00:00:00,2022,Meteorological,0.244158,UNGRD
2022-09-22 00:00:00,2022,Meteorological,3.494615,UNGRD
2022-09-28 00:00:00,2022,Meteorological,0.480182,UNGRD
2022-10-04 00:00:00,2022,Meteorological,3.903194,UNGRD
2022-10-11 00:00:00,2022,Meteorological,0.876269,UNGRD
2022-10-22 00:00:00,2022,Meteorological,0.082114,UNGRD
2022-10-31 00:00:00,2022,Meteorological,0.180652,UNGRD
2022-11-07 00:00:00,2022,Meteorological,2.214918,UNGRD
2022-11-18 00:00:00,2022,Meteorological,0.332938,UNGRD
2022-11-24 00:00:00,2022,Meteorological,0.120933,UNGRD
2022-12-01 00:00:00,2022,Meteorological,0.008958,UNGRD
2022-12-11 00:00:00,2022,Meteorological,0.352049,UNGRD
2022-12-17 00:00:00,2022,Meteorological,0.17916,UNGRD
2022-12-30 00:00:00,2022,Meteorological,2.512719,UNGRD
2023-01-13 00:00:00,2023,Climatological,14.094777,UNGRD
2023-01-29 00:00:00,2023,Climatological,28.550236000000005,UNGRD
2023-02-14 00:00:00,2023,Climatological,11.862585,UNGRD
2023-03-02 00:00:00,2023,Climatological,3.8704859999999996,UNGRD
2023-03-18 00:00:00,2023,Climatological,9.380842,UNGRD
2023-04-03 00:00:00,2023,Climatological,0.913478,UNGRD
2023-04-19 00:00:00,2023,Climatological,0.239082,UNGRD
2023-05-05 00:00:00,2023,Climatological,2.112691,UNGRD
2023-05-22 00:00:00,2023,Climatological,0.58606,UNGRD
2023-06-07 00:00:00,2023,Climatological,2.765371,UNGRD
2023-06-23 00:00:00,2023,Climatological,0.482912,UNGRD
2023-07-09 00:00:00,2023,Climatological,3.071008,UNGRD
2023-07-25 00:00:00,2023,Climatological,7.896424,UNGRD
2023-08-10 00:00:00,2023,Climatological,4.064627,UNGRD
2023-08-26 00:00:00,2023,Climatological,11.370757,UNGRD
2023-09-11 00:00:00,2023,Climatological,15.980553,UNGRD
2023-09-27 00:00:00,2023,Climatological,4.718519,UNGRD
2023-10-13 00:00:00,2023,Climatological,2.979496,UNGRD
2023-10-29 00:00:00,2023,Climatological,1.106709,UNGRD
2023-11-14 00:00:00,2023,Climatological,0.223279,UNGRD
2023-11-30 00:00:00,2023,Climatological,2.171265,UNGRD
2023-12-16 00:00:00,2023,Climatological,0.90759,UNGRD
2023-05-24 00:00:00,2023,Geophysical,0.594521,UNGRD
2023-06-29 00:00:00,2023,Geophysical,0.004479,UNGRD
2023-08-17 00:00:00,2023,Geophysical,12.542712,UNGRD
2023-08-27 00:00:00,2023,Geophysical,0.781727,UNGRD
2023-09-14 00:00:00,2023,Geophysical,2.082735,UNGRD
2023-01-03 00:00:00,2023,Hydrological,0.382474,UNGRD
2023-01-06 00:00:00,2023,Hydrological,1.717876,UNGRD
2023-01-09 00:00:00,2023,Hydrological,12.198725,UNGRD
2023-01-12 00:00:00,2023,Hydrological,7.994377,UNGRD
2023-01-15 00:00:00,2023,Hydrological,0.966741,UNGRD
2023-01-18 00:00:00,2023,Hydrological,1.001357,UNGRD
2023-01-21 00:00:00,2023,Hydrological,0.563734,UNGRD
2023-01-26 00:00:00,2023,Hydrological,0.365037,UNGRD
2023-02-03 00:00:00,2023,Hydrological,0.025882,UNGRD
2023-02-07 00:00:00,2023,Hydrological,0.362328,UNGRD
2023-02-15 00:00:00,2023,Hydrological,4.990429,UNGRD
2023-02-18 00:00:00,2023,Hydrological,1.209135,UNGRD
2023-02-21 00:00:00,2023,Hydrological,1.17415,UNGRD
2023-02-27 00:00:00,2023,Hydrological,0.031161,UNGRD
2023-03-04 00:00:00,2023,Hydrological,0.428893,UNGRD
2023-03-07 00:00:00,2023,Hydrological,2.623988,UNGRD
2023-03-10 00:00:00,2023,Hydrological,4.618922,UNGRD
2023-03-13 00:00:00,2023,Hydrological,1.220322,UNGRD
2023-03-16 00:00:00,2023,Hydrological,18.985754,UNGRD
2023-03-19 00:00:00,2023,Hydrological,46.769091,UNGRD
2023-03-22 00:00:00,2023,Hydrological,5.860353,UNGRD
2023-03-25 00:00:00,2023,Hydrological,7.770615,UNGRD
2023-03-28 00:00:00,2023,Hydrological,1.90259,UNGRD
2023-03-31 00:00:00,2023,Hydrological,2.039568,UNGRD
2023-04-03 00:00:00,2023,Hydrological,1.427642,UNGRD
2023-04-06 00:00:00,2023,Hydrological,9.904345,UNGRD
2023-04-09 00:00:00,2023,Hydrological,1.306331,UNGRD
2023-04-12 00:00:00,2023,Hydrological,0.370989,UNGRD
2023-04-15 00:00:00,2023,Hydrological,3.187118,UNGRD
2023-04-18 00:00:00,2023,Hydrological,4.877149,UNGRD
2023-04-21 00:00:00,2023,Hydrological,14.526118,UNGRD
2023-04-24 00:00:00,2023,Hydrological,1.425167,UNGRD
2023-04-27 00:00:00,2023,Hydrological,1.786867,UNGRD
2023-04-30 00:00:00,2023,Hydrological,0.77523,UNGRD
2023-05-03 00:00:00,2023,Hydrological,0.494982,UNGRD
2023-05-06 00:00:00,2023,Hydrological,0.017437,UNGRD
2023-05-09 00:00:00,2023,Hydrological,0.865885,UNGRD
2023-05-13 00:00:00,2023,Hydrological,0.106801,UNGRD
2023-05-16 00:00:00,2023,Hydrological,7.58393,UNGRD
2023-05-19 00:00:00,2023,Hydrological,1.051699,UNGRD
2023-05-22 00:00:00,2023,Hydrological,2.923148,UNGRD
2023-05-25 00:00:00,2023,Hydrological,4.948778,UNGRD
2023-05-28 00:00:00,2023,Hydrological,2.366846,UNGRD
2023-05-31 00:00:00,2023,Hydrological,9.996875,UNGRD
2023-06-03 00:00:00,2023,Hydrological,1.747717,UNGRD
2023-06-06 00:00:00,2023,Hydrological,0.898891,UNGRD
2023-06-09 00:00:00,2023,Hydrological,1.204499,UNGRD
2023-06-12 00:00:00,2023,Hydrological,0.218603,UNGRD
2023-06-15 00:00:00,2023,Hydrological,3.009013,UNGRD
2023-06-18 00:00:00,2023,Hydrological,5.897657,UNGRD
2023-06-23 00:00:00,2023,Hydrological,0.728702,UNGRD
2023-06-26 00:00:00,2023,Hydrological,1.535133,UNGRD
2023-06-29 00:00:00,2023,Hydrological,0.153086,UNGRD
2023-07-02 00:00:00,2023,Hydrological,1.202772,UNGRD
2023-07-05 00:00:00,2023,Hydrological,4.306719,UNGRD
2023-07-08 00:00:00,2023,Hydrological,0.109096,UNGRD
2023-07-13 00:00:00,2023,Hydrological,2.965366,UNGRD
2023-07-17 00:00:00,2023,Hydrological,9.763613,UNGRD
2023-07-20 00:00:00,2023,Hydrological,0.050069,UNGRD
2023-07-23 00:00:00,2023,Hydrological,0.0032,UNGRD
2023-07-26 00:00:00,2023,Hydrological,0.385994,UNGRD
2023-08-01 00:00:00,2023,Hydrological,0.278064,UNGRD
2023-08-05 00:00:00,2023,Hydrological,0.847319,UNGRD
2023-08-08 00:00:00,2023,Hydrological,0.438993,UNGRD
2023-08-12 00:00:00,2023,Hydrological,0.007679,UNGRD
2023-08-16 00:00:00,2023,Hydrological,2.467234,UNGRD
2023-08-19 00:00:00,2023,Hydrological,5.825312,UNGRD
2023-08-22 00:00:00,2023,Hydrological,1.40143,UNGRD
2023-08-26 00:00:00,2023,Hydrological,0.008958,UNGRD
2023-08-31 00:00:00,2023,Hydrological,0.04479,UNGRD
2023-09-03 00:00:00,2023,Hydrological,1.228846,UNGRD
2023-09-09 00:00:00,2023,Hydrological,0.294622,UNGRD
2023-09-14 00:00:00,2023,Hydrological,1.101737,UNGRD
2023-09-17 00:00:00,2023,Hydrological,1.600511,UNGRD
2023-09-22 00:00:00,2023,Hydrological,0.146621,UNGRD
2023-09-29 00:00:00,2023,Hydrological,0.165531,UNGRD
2023-10-02 00:00:00,2023,Hydrological,0.025882,UNGRD
2023-10-05 00:00:00,2023,Hydrological,1.074768,UNGRD
2023-10-08 00:00:00,2023,Hydrological,0.375802,UNGRD
2023-10-12 00:00:00,2023,Hydrological,2.159672,UNGRD
2023-10-15 00:00:00,2023,Hydrological,0.072464,UNGRD
2023-10-18 00:00:00,2023,Hydrological,4.56301,UNGRD
2023-10-21 00:00:00,2023,Hydrological,1.583774,UNGRD
2023-10-24 00:00:00,2023,Hydrological,8.347608,UNGRD
2023-10-27 00:00:00,2023,Hydrological,12.947571,UNGRD
2023-10-30 00:00:00,2023,Hydrological,17.432128,UNGRD
2023-11-02 00:00:00,2023,Hydrological,2.506202,UNGRD
2023-11-05 00:00:00,2023,Hydrological,6.939036,UNGRD
2023-11-08 00:00:00,2023,Hydrological,0.768833,UNGRD
2023-11-11 00:00:00,2023,Hydrological,0.712961,UNGRD
2023-11-14 00:00:00,2023,Hydrological,0.938285,UNGRD
2023-11-17 00:00:00,2023,Hydrological,5.101894,UNGRD
2023-11-20 00:00:00,2023,Hydrological,0.312238,UNGRD
2023-11-23 00:00:00,2023,Hydrological,9.333939,UNGRD
2023-11-28 00:00:00,2023,Hydrological,0.022395,UNGRD
2023-12-01 00:00:00,2023,Hydrological,1.34311,UNGRD
2023-12-05 00:00:00,2023,Hydrological,0.714082,UNGRD
2023-12-09 00:00:00,2023,Hydrological,0.0008,UNGRD
2023-12-12 00:00:00,2023,Hydrological,0.4487,UNGRD
2023-12-16 00:00:00,2023,Hydrological,2.156201,UNGRD
2023-12-19 00:00:00,2023,Hydrological,2.837302,UNGRD
2023-12-22 00:00:00,2023,Hydrological,0.35,UNGRD
2023-12-25 00:00:00,2023,Hydrological,0.023037,UNGRD
2023-12-28 00:00:00,2023,Hydrological,1.330943,UNGRD
2023-01-11 00:00:00,2023,Meteorological,0.62069,UNGRD
2023-01-18 00:00:00,2023,Meteorological,0.183339,UNGRD
2023-01-30 00:00:00,2023,Meteorological,0.117349,UNGRD
2023-02-05 00:00:00,2023,Meteorological,0.947629,UNGRD
2023-02-13 00:00:00,2023,Meteorological,0.537477,UNGRD
2023-02-19 00:00:00,2023,Meteorological,0.017916,UNGRD
2023-02-28 00:00:00,2023,Meteorological,0.521056,UNGRD
2023-03-06 00:00:00,2023,Meteorological,0.475274,UNGRD
2023-03-14 00:00:00,2023,Meteorological,4.574551,UNGRD
2023-03-20 00:00:00,2023,Meteorological,0.609757,UNGRD
2023-03-27 00:00:00,2023,Meteorological,0.226337,UNGRD
2023-04-02 00:00:00,2023,Meteorological,1.154192,UNGRD
2023-04-08 00:00:00,2023,Meteorological,5.297117,UNGRD
2023-04-14 00:00:00,2023,Meteorological,0.329654,UNGRD
2023-04-23 00:00:00,2023,Meteorological,0.774867,UNGRD
2023-05-01 00:00:00,2023,Meteorological,1.126316,UNGRD
2023-05-07 00:00:00,2023,Meteorological,0.389673,UNGRD
2023-05-13 00:00:00,2023,Meteorological,2.8584,UNGRD
2023-05-19 00:00:00,2023,Meteorological,0.529022,UNGRD
2023-05-25 00:00:00,2023,Meteorological,0.816666,UNGRD
2023-05-31 00:00:00,2023,Meteorological,7.587108,UNGRD
2023-06-06 00:00:00,2023,Meteorological,4.025289,UNGRD
2023-06-12 00:00:00,2023,Meteorological,2.139762,UNGRD
2023-06-18 00:00:00,2023,Meteorological,3.879857,UNGRD
2023-06-26 00:00:00,2023,Meteorological,0.49669,UNGRD
2023-07-03 00:00:00,2023,Meteorological,0.085101,UNGRD
2023-07-10 00:00:00,2023,Meteorological,2.020029,UNGRD
2023-07-16 00:00:00,2023,Meteorological,1.488508,UNGRD
2023-07-22 00:00:00,2023,Meteorological,3.265441,UNGRD
2023-07-28 00:00:00,2023,Meteorological,3.064967,UNGRD
2023-08-03 00:00:00,2023,Meteorological,7.117604,UNGRD
2023-08-09 00:00:00,2023,Meteorological,7.886318,UNGRD
2023-08-15 00:00:00,2023,Meteorological,0.676434,UNGRD
2023-08-21 00:00:00,2023,Meteorological,5.225902,UNGRD
2023-08-27 00:00:00,2023,Meteorological,4.47302,UNGRD
2023-09-02 00:00:00,2023,Meteorological,14.810574,UNGRD
2023-09-08 00:00:00,2023,Meteorological,1.234112,UNGRD
2023-09-14 00:00:00,2023,Meteorological,1.425611,UNGRD
2023-09-22 00:00:00,2023,Meteorological,9.289683,UNGRD
2023-10-01 00:00:00,2023,Meteorological,1.019717,UNGRD
2023-10-07 00:00:00,2023,Meteorological,3.531123,UNGRD
2023-10-13 00:00:00,2023,Meteorological,1.434772,UNGRD
2023-10-19 00:00:00,2023,Meteorological,1.585139,UNGRD
2023-10-26 00:00:00,2023,Meteorological,0.067185,UNGRD
2023-11-01 00:00:00,2023,Meteorological,0.04479,UNGRD
2023-11-07 00:00:00,2023,Meteorological,1.013149,UNGRD
2023-11-14 00:00:00,2023,Meteorological,0.492695,UNGRD
2023-11-20 00:00:00,2023,Meteorological,1.155899,UNGRD
2023-11-28 00:00:00,2023,Meteorological,1.438245,UNGRD
2023-12-11 00:00:00,2023,Meteorological,0.138849,UNGRD
2023-12-19 00:00:00,2023,Meteorological,0.008958,UNGRD
2023-12-25 00:00:00,2023,Meteorological,0.015037,UNGRD
2024-01-01 00:00:00,2024,Climatological,9.609624,UNGRD
2024-01-17 00:00:00,2024,Climatological,69.72605199999998,UNGRD
2024-02-02 00:00:00,2024,Climatological,13.738903,UNGRD
2024-02-18 00:00:00,2024,Climatological,52.972067,UNGRD
2024-03-05 00:00:00,2024,Climatological,28.209567000000003,UNGRD
2024-03-21 00:00:00,2024,Climatological,50.69004,UNGRD
2024-04-06 00:00:00,2024,Climatological,23.948722,UNGRD
2024-04-22 00:00:00,2024,Climatological,0.652716,UNGRD
2024-05-08 00:00:00,2024,Climatological,0.583326,UNGRD
2024-05-24 00:00:00,2024,Climatological,0.360155,UNGRD
2024-06-10 00:00:00,2024,Climatological,0.110514,UNGRD
2024-06-26 00:00:00,2024,Climatological,0.515437,UNGRD
2024-07-12 00:00:00,2024,Climatological,1.661601,UNGRD
2024-07-28 00:00:00,2024,Climatological,1.672842,UNGRD
2024-08-13 00:00:00,2024,Climatological,9.588176,UNGRD
2024-08-29 00:00:00,2024,Climatological,53.635445999999995,UNGRD
2024-09-14 00:00:00,2024,Climatological,22.962794,UNGRD
2024-09-30 00:00:00,2024,Climatological,1.270408,UNGRD
2024-10-16 00:00:00,2024,Climatological,4.052624,UNGRD
2024-11-01 00:00:00,2024,Climatological,0.785162,UNGRD
2024-11-17 00:00:00,2024,Climatological,4.731463,UNGRD
2024-12-03 00:00:00,2024,Climatological,15.219255,UNGRD
2024-12-19 00:00:00,2024,Climatological,0.556665,UNGRD
2024-01-19 00:00:00,2024,Geophysical,1.953709,UNGRD
2024-09-11 00:00:00,2024,Geophysical,0.0016,UNGRD
2024-11-11 00:00:00,2024,Geophysical,0.130691,UNGRD
2024-01-03 00:00:00,2024,Hydrological,0.274815,UNGRD
2024-01-10 00:00:00,2024,Hydrological,0.174667,UNGRD
2024-01-13 00:00:00,2024,Hydrological,3.610258,UNGRD
2024-01-16 00:00:00,2024,Hydrological,2.109577,UNGRD
2024-01-19 00:00:00,2024,Hydrological,0.0008,UNGRD
2024-01-24 00:00:00,2024,Hydrological,0.0016,UNGRD
2024-02-01 00:00:00,2024,Hydrological,0.037633,UNGRD
2024-02-04 00:00:00,2024,Hydrological,0.454779,UNGRD
2024-02-07 00:00:00,2024,Hydrological,1.042328,UNGRD
2024-02-18 00:00:00,2024,Hydrological,16.960082,UNGRD
2024-02-22 00:00:00,2024,Hydrological,2.335284,UNGRD
2024-02-27 00:00:00,2024,Hydrological,0.204479,UNGRD
2024-03-01 00:00:00,2024,Hydrological,0.251624,UNGRD
2024-03-04 00:00:00,2024,Hydrological,0.053748,UNGRD
2024-03-07 00:00:00,2024,Hydrological,0.0008,UNGRD
2024-03-11 00:00:00,2024,Hydrological,72.764601,UNGRD
2024-03-14 00:00:00,2024,Hydrological,0.008958,UNGRD
2024-03-19 00:00:00,2024,Hydrological,0.182144,UNGRD
2024-03-22 00:00:00,2024,Hydrological,0.004479,UNGRD
2024-03-25 00:00:00,2024,Hydrological,0.195784,UNGRD
2024-03-28 00:00:00,2024,Hydrological,0.032953,UNGRD
2024-04-01 00:00:00,2024,Hydrological,3.136243,UNGRD
2024-04-04 00:00:00,2024,Hydrological,0.583544,UNGRD
2024-04-11 00:00:00,2024,Hydrological,0.214095,UNGRD
2024-04-16 00:00:00,2024,Hydrological,0.346755,UNGRD
2024-04-19 00:00:00,2024,Hydrological,6.235636,UNGRD
2024-04-22 00:00:00,2024,Hydrological,1.775619,UNGRD
2024-04-25 00:00:00,2024,Hydrological,3.059106,UNGRD
2024-04-28 00:00:00,2024,Hydrological,5.358827,UNGRD
2024-05-01 00:00:00,2024,Hydrological,5.093055,UNGRD
2024-05-04 00:00:00,2024,Hydrological,30.947373,UNGRD
2024-05-07 00:00:00,2024,Hydrological,64.599579,UNGRD
2024-05-10 00:00:00,2024,Hydrological,42.898461,UNGRD
2024-05-13 00:00:00,2024,Hydrological,6.259826,UNGRD
2024-05-16 00:00:00,2024,Hydrological,4.68836,UNGRD
2024-05-19 00:00:00,2024,Hydrological,3.340969,UNGRD
2024-05-22 00:00:00,2024,Hydrological,1.566007,UNGRD
2024-05-25 00:00:00,2024,Hydrological,45.988233,UNGRD
2024-05-28 00:00:00,2024,Hydrological,25.986868,UNGRD
2024-05-31 00:00:00,2024,Hydrological,8.194484,UNGRD
2024-06-03 00:00:00,2024,Hydrological,8.704365,UNGRD
2024-06-06 00:00:00,2024,Hydrological,19.716902,UNGRD
2024-06-09 00:00:00,2024,Hydrological,37.418871,UNGRD
2024-06-12 00:00:00,2024,Hydrological,15.692942,UNGRD
2024-06-15 00:00:00,2024,Hydrological,9.626485,UNGRD
2024-06-18 00:00:00,2024,Hydrological,3.408999,UNGRD
2024-06-21 00:00:00,2024,Hydrological,0.764612,UNGRD
2024-06-24 00:00:00,2024,Hydrological,6.559678,UNGRD
2024-06-27 00:00:00,2024,Hydrological,5.425508,UNGRD
2024-06-30 00:00:00,2024,Hydrological,2.044976,UNGRD
2024-07-03 00:00:00,2024,Hydrological,6.967081,UNGRD
2024-07-06 00:00:00,2024,Hydrological,1.977648,UNGRD
2024-07-09 00:00:00,2024,Hydrological,0.756138,UNGRD
2024-07-12 00:00:00,2024,Hydrological,0.061522,UNGRD
2024-07-15 00:00:00,2024,Hydrological,1.691939,UNGRD
2024-07-18 00:00:00,2024,Hydrological,1.760247,UNGRD
2024-07-21 00:00:00,2024,Hydrological,0.056148,UNGRD
2024-07-25 00:00:00,2024,Hydrological,0.174681,UNGRD
2024-07-28 00:00:00,2024,Hydrological,0.700929,UNGRD
2024-07-31 00:00:00,2024,Hydrological,13.811207,UNGRD
2024-08-03 00:00:00,2024,Hydrological,0.996585,UNGRD
2024-08-08 00:00:00,2024,Hydrological,0.920595,UNGRD
2024-08-11 00:00:00,2024,Hydrological,3.477484,UNGRD
2024-08-14 00:00:00,2024,Hydrological,0.277698,UNGRD
2024-08-20 00:00:00,2024,Hydrological,5.337939,UNGRD
2024-08-23 00:00:00,2024,Hydrological,0.621187,UNGRD
2024-08-26 00:00:00,2024,Hydrological,8.494116,UNGRD
2024-08-29 00:00:00,2024,Hydrological,0.111078,UNGRD
2024-09-05 00:00:00,2024,Hydrological,0.069872,UNGRD
2024-09-08 00:00:00,2024,Hydrological,0.368716,UNGRD
2024-09-16 00:00:00,2024,Hydrological,0.017916,UNGRD
2024-09-21 00:00:00,2024,Hydrological,0.586749,UNGRD
2024-09-25 00:00:00,2024,Hydrological,0.855489,UNGRD
2024-09-29 00:00:00,2024,Hydrological,4.753178,UNGRD
2024-10-02 00:00:00,2024,Hydrological,1.485533,UNGRD
2024-10-05 00:00:00,2024,Hydrological,0.103817,UNGRD
2024-10-08 00:00:00,2024,Hydrological,0.099338,UNGRD
2024-10-11 00:00:00,2024,Hydrological,0.264069,UNGRD
2024-10-14 00:00:00,2024,Hydrological,4.532961,UNGRD
2024-10-17 00:00:00,2024,Hydrological,0.136662,UNGRD
2024-10-20 00:00:00,2024,Hydrological,7.69122,UNGRD
2024-10-23 00:00:00,2024,Hydrological,0.556804,UNGRD
2024-10-26 00:00:00,2024,Hydrological,5.818221,UNGRD
2024-10-29 00:00:00,2024,Hydrological,14.254462,UNGRD
2024-11-01 00:00:00,2024,Hydrological,6.74052,UNGRD
2024-11-04 00:00:00,2024,Hydrological,4.692931,UNGRD
2024-11-07 00:00:00,2024,Hydrological,11.923921,UNGRD
2024-11-10 00:00:00,2024,Hydrological,14.94744,UNGRD
2024-11-13 00:00:00,2024,Hydrological,1.323115,UNGRD
2024-11-16 00:00:00,2024,Hydrological,7.319584,UNGRD
2024-11-19 00:00:00,2024,Hydrological,1.271267,UNGRD
2024-11-22 00:00:00,2024,Hydrological,8.096652,UNGRD
2024-11-25 00:00:00,2024,Hydrological,1.134595,UNGRD
2024-11-28 00:00:00,2024,Hydrological,0.0032,UNGRD
2024-12-01 00:00:00,2024,Hydrological,0.246345,UNGRD
2024-12-04 00:00:00,2024,Hydrological,0.016637,UNGRD
2024-12-07 00:00:00,2024,Hydrological,0.03484,UNGRD
2024-12-10 00:00:00,2024,Hydrological,0.055348,UNGRD
2024-12-13 00:00:00,2024,Hydrological,0.867391,UNGRD
2024-12-16 00:00:00,2024,Hydrological,0.0032,UNGRD
2024-12-19 00:00:00,2024,Hydrological,0.018716,UNGRD
2024-12-22 00:00:00,2024,Hydrological,0.080046,UNGRD
2024-12-26 00:00:00,2024,Hydrological,0.125625,UNGRD
2024-12-29 00:00:00,2024,Hydrological,0.778864,UNGRD
2024-01-18 00:00:00,2024,Meteorological,0.053748,UNGRD
2024-01-30 00:00:00,2024,Meteorological,0.353846,UNGRD
2024-02-06 00:00:00,2024,Meteorological,0.39353,UNGRD
2024-02-14 00:00:00,2024,Meteorological,1.389382,UNGRD
2024-02-20 00:00:00,2024,Meteorological,0.06079,UNGRD
2024-03-01 00:00:00,2024,Meteorological,3.728356,UNGRD
2024-03-07 00:00:00,2024,Meteorological,2.279475,UNGRD
2024-03-16 00:00:00,2024,Meteorological,4.281733,UNGRD
2024-03-23 00:00:00,2024,Meteorological,0.772677,UNGRD
2024-03-29 00:00:00,2024,Meteorological,0.293698,UNGRD
2024-04-04 00:00:00,2024,Meteorological,5.768061,UNGRD
2024-04-10 00:00:00,2024,Meteorological,0.636123,UNGRD
2024-04-16 00:00:00,2024,Meteorological,1.389471,UNGRD
2024-04-22 00:00:00,2024,Meteorological,1.078836,UNGRD
2024-04-28 00:00:00,2024,Meteorological,0.798383,UNGRD
2024-05-04 00:00:00,2024,Meteorological,2.568662,UNGRD
2024-05-13 00:00:00,2024,Meteorological,0.417739,UNGRD
2024-05-19 00:00:00,2024,Meteorological,0.625171,UNGRD
2024-05-25 00:00:00,2024,Meteorological,0.715145,UNGRD
2024-06-01 00:00:00,2024,Meteorological,0.152286,UNGRD
2024-06-07 00:00:00,2024,Meteorological,0.696913,UNGRD
2024-06-14 00:00:00,2024,Meteorological,0.527824,UNGRD
2024-06-26 00:00:00,2024,Meteorological,0.484023,UNGRD
2024-07-02 00:00:00,2024,Meteorological,1.019357,UNGRD
2024-07-08 00:00:00,2024,Meteorological,29.216795,UNGRD
2024-07-16 00:00:00,2024,Meteorological,2.428776,UNGRD
2024-07-22 00:00:00,2024,Meteorological,0.076143,UNGRD
2024-07-28 00:00:00,2024,Meteorological,4.044108,UNGRD
2024-08-04 00:00:00,2024,Meteorological,4.427634,UNGRD
2024-08-10 00:00:00,2024,Meteorological,1.403868,UNGRD
2024-08-18 00:00:00,2024,Meteorological,0.464024,UNGRD
2024-08-24 00:00:00,2024,Meteorological,4.442868,UNGRD
2024-08-30 00:00:00,2024,Meteorological,2.377501,UNGRD
2024-09-05 00:00:00,2024,Meteorological,0.166223,UNGRD
2024-09-11 00:00:00,2024,Meteorological,16.383369,UNGRD
2024-09-18 00:00:00,2024,Meteorological,2.895826,UNGRD
2024-09-25 00:00:00,2024,Meteorological,0.652554,UNGRD
2024-10-01 00:00:00,2024,Meteorological,1.069625,UNGRD
2024-10-07 00:00:00,2024,Meteorological,0.559664,UNGRD
2024-10-13 00:00:00,2024,Meteorological,0.101738,UNGRD
2024-10-19 00:00:00,2024,Meteorological,0.881367,UNGRD
2024-10-26 00:00:00,2024,Meteorological,0.977602,UNGRD
2024-11-01 00:00:00,2024,Meteorological,1.608236,UNGRD
2024-11-07 00:00:00,2024,Meteorological,1.156936,UNGRD
2024-11-15 00:00:00,2024,Meteorological,0.58215,UNGRD
2024-11-24 00:00:00,2024,Meteorological,0.648976,UNGRD
2024-11-30 00:00:00,2024,Meteorological,0.095551,UNGRD
2024-12-06 00:00:00,2024,Meteorological,0.026874,UNGRD
2024-12-17 00:00:00,2024,Meteorological,0.192597,UNGRD
2024-12-23 00:00:00,2024,Meteorological,0.335925,UNGRD
2025-01-04 00:00:00,2025,Climatological,7.198956,UNGRD
2025-01-20 00:00:00,2025,Climatological,0.413664,UNGRD
2025-02-05 00:00:00,2025,Climatological,0.544291,UNGRD
2025-02-21 00:00:00,2025,Climatological,0.04479,UNGRD
2025-03-14 00:00:00,2025,Climatological,0.45669,UNGRD
2025-04-01 00:00:00,2025,Climatological,0.296315,UNGRD
2025-04-18 00:00:00,2025,Climatological,0.269514,UNGRD
2025-05-04 00:00:00,2025,Climatological,0.238857,UNGRD
2025-05-23 00:00:00,2025,Climatological,0.561261,UNGRD
2025-06-09 00:00:00,2025,Climatological,0.10648,UNGRD
2025-06-25 00:00:00,2025,Climatological,0.770638,UNGRD
2025-07-11 00:00:00,2025,Climatological,2.234067,UNGRD
2025-07-27 00:00:00,2025,Climatological,1.023364,UNGRD
2025-08-13 00:00:00,2025,Climatological,1.433767,UNGRD
2025-08-29 00:00:00,2025,Climatological,3.404614,UNGRD
2025-09-14 00:00:00,2025,Climatological,4.467045,UNGRD
2025-09-30 00:00:00,2025,Climatological,1.635173,UNGRD
2025-10-16 00:00:00,2025,Climatological,0.522063,UNGRD
2025-11-01 00:00:00,2025,Climatological,0.113962,UNGRD
2025-01-20 00:00:00,2025,Geophysical,0.794257,UNGRD
2025-05-22 00:00:00,2025,Geophysical,0.013437,UNGRD
2025-06-08 00:00:00,2025,Geophysical,8.666701,UNGRD
2025-08-27 00:00:00,2025,Geophysical,0.076143,UNGRD
2025-09-14 00:00:00,2025,Geophysical,5.028132,UNGRD
2025-09-24 00:00:00,2025,Geophysical,0.035712,UNGRD
2025-01-01 00:00:00,2025,Hydrological,0.442464,UNGRD
2025-01-04 00:00:00,2025,Hydrological,2.049239,UNGRD
2025-01-07 00:00:00,2025,Hydrological,1.404623,UNGRD
2025-01-10 00:00:00,2025,Hydrological,0.425635,UNGRD
2025-01-15 00:00:00,2025,Hydrological,0.017916,UNGRD
2025-01-18 00:00:00,2025,Hydrological,0.075246,UNGRD
2025-01-21 00:00:00,2025,Hydrological,0.067185,UNGRD
2025-01-25 00:00:00,2025,Hydrological,1.288519,UNGRD
2025-01-31 00:00:00,2025,Hydrological,0.22395,UNGRD
2025-02-03 00:00:00,2025,Hydrological,0.529915,UNGRD
2025-02-06 00:00:00,2025,Hydrological,0.199368,UNGRD
2025-02-10 00:00:00,2025,Hydrological,7.427918,UNGRD
2025-02-13 00:00:00,2025,Hydrological,4.132236,UNGRD
2025-02-16 00:00:00,2025,Hydrological,1.427886,UNGRD
2025-02-19 00:00:00,2025,Hydrological,0.595406,UNGRD
2025-02-22 00:00:00,2025,Hydrological,4.514311,UNGRD
2025-02-25 00:00:00,2025,Hydrological,1.205885,UNGRD
2025-02-28 00:00:00,2025,Hydrological,0.76916,UNGRD
2025-03-03 00:00:00,2025,Hydrological,0.258824,UNGRD
2025-03-06 00:00:00,2025,Hydrological,0.856632,UNGRD
2025-03-09 00:00:00,2025,Hydrological,0.088181,UNGRD
2025-03-12 00:00:00,2025,Hydrological,2.150581,UNGRD
2025-03-15 00:00:00,2025,Hydrological,1.639323,UNGRD
2025-03-18 00:00:00,2025,Hydrological,2.02249,UNGRD
2025-03-21 00:00:00,2025,Hydrological,0.009279,UNGRD
2025-03-24 00:00:00,2025,Hydrological,0.151007,UNGRD
2025-03-27 00:00:00,2025,Hydrological,0.514722,UNGRD
2025-03-30 00:00:00,2025,Hydrological,2.600492,UNGRD
2025-04-02 00:00:00,2025,Hydrological,0.639937,UNGRD
2025-04-05 00:00:00,2025,Hydrological,2.775452,UNGRD
2025-04-08 00:00:00,2025,Hydrological,6.854623,UNGRD
2025-04-11 00:00:00,2025,Hydrological,22.146765,UNGRD
2025-04-14 00:00:00,2025,Hydrological,2.576067,UNGRD
2025-04-17 00:00:00,2025,Hydrological,2.49844,UNGRD
2025-04-20 00:00:00,2025,Hydrological,1.643874,UNGRD
2025-04-23 00:00:00,2025,Hydrological,3.928265,UNGRD
2025-04-26 00:00:00,2025,Hydrological,9.829211,UNGRD
2025-04-29 00:00:00,2025,Hydrological,104.929502,UNGRD
2025-05-02 00:00:00,2025,Hydrological,16.138468,UNGRD
2025-05-05 00:00:00,2025,Hydrological,38.277085,UNGRD
2025-05-08 00:00:00,2025,Hydrological,15.217676,UNGRD
2025-05-11 00:00:00,2025,Hydrological,1.137744,UNGRD
2025-05-14 00:00:00,2025,Hydrological,4.059575,UNGRD
2025-05-17 00:00:00,2025,Hydrological,7.53301,UNGRD
2025-05-20 00:00:00,2025,Hydrological,5.860934,UNGRD
2025-05-23 00:00:00,2025,Hydrological,5.900144,UNGRD
2025-05-26 00:00:00,2025,Hydrological,2.994735,UNGRD
2025-05-29 00:00:00,2025,Hydrological,0.707907,UNGRD
2025-06-01 00:00:00,2025,Hydrological,2.136563,UNGRD
2025-06-04 00:00:00,2025,Hydrological,10.620656,UNGRD
2025-06-07 00:00:00,2025,Hydrological,0.893105,UNGRD
2025-06-10 00:00:00,2025,Hydrological,27.439527,UNGRD
2025-06-13 00:00:00,2025,Hydrological,46.322892,UNGRD
2025-06-16 00:00:00,2025,Hydrological,20.825136,UNGRD
2025-06-19 00:00:00,2025,Hydrological,6.161382,UNGRD
2025-06-22 00:00:00,2025,Hydrological,20.103142,UNGRD
2025-06-25 00:00:00,2025,Hydrological,7.400311,UNGRD
2025-06-28 00:00:00,2025,Hydrological,0.694948,UNGRD
2025-07-01 00:00:00,2025,Hydrological,12.854327,UNGRD
2025-07-04 00:00:00,2025,Hydrological,3.200585,UNGRD
2025-07-07 00:00:00,2025,Hydrological,1.578684,UNGRD
2025-07-10 00:00:00,2025,Hydrological,3.546189,UNGRD
2025-07-13 00:00:00,2025,Hydrological,3.998896,UNGRD
2025-07-16 00:00:00,2025,Hydrological,0.3548,UNGRD
2025-07-19 00:00:00,2025,Hydrological,0.525556,UNGRD
2025-07-22 00:00:00,2025,Hydrological,0.012958,UNGRD
2025-07-26 00:00:00,2025,Hydrological,0.112775,UNGRD
2025-07-30 00:00:00,2025,Hydrological,0.0008,UNGRD
2025-08-02 00:00:00,2025,Hydrological,13.007685,UNGRD
2025-08-05 00:00:00,2025,Hydrological,0.540664,UNGRD
2025-08-08 00:00:00,2025,Hydrological,6.390344,UNGRD
2025-08-11 00:00:00,2025,Hydrological,0.04719,UNGRD
2025-08-15 00:00:00,2025,Hydrological,0.260582,UNGRD
2025-08-19 00:00:00,2025,Hydrological,1.394358,UNGRD
2025-08-22 00:00:00,2025,Hydrological,0.212958,UNGRD
2025-08-25 00:00:00,2025,Hydrological,0.492049,UNGRD
2025-08-29 00:00:00,2025,Hydrological,0.229274,UNGRD
2025-09-01 00:00:00,2025,Hydrological,1.270487,UNGRD
2025-09-04 00:00:00,2025,Hydrological,7.303803,UNGRD
2025-09-07 00:00:00,2025,Hydrological,0.406948,UNGRD
2025-09-13 00:00:00,2025,Hydrological,0.371757,UNGRD
2025-09-16 00:00:00,2025,Hydrological,0.895045,UNGRD
2025-09-19 00:00:00,2025,Hydrological,11.335626,UNGRD
2025-09-22 00:00:00,2025,Hydrological,1.070158,UNGRD
2025-09-27 00:00:00,2025,Hydrological,0.0016,UNGRD
2025-09-30 00:00:00,2025,Hydrological,0.018716,UNGRD
2025-10-03 00:00:00,2025,Hydrological,0.481698,UNGRD
2025-10-06 00:00:00,2025,Hydrological,0.686422,UNGRD
2025-10-09 00:00:00,2025,Hydrological,1.009213,UNGRD
2025-10-12 00:00:00,2025,Hydrological,3.250604,UNGRD
2025-10-15 00:00:00,2025,Hydrological,1.515103,UNGRD
2025-10-18 00:00:00,2025,Hydrological,1.092556,UNGRD
2025-10-21 00:00:00,2025,Hydrological,2.914387,UNGRD
2025-10-24 00:00:00,2025,Hydrological,33.103254,UNGRD
2025-10-27 00:00:00,2025,Hydrological,38.714628,UNGRD
2025-10-30 00:00:00,2025,Hydrological,1.011374,UNGRD
2025-11-02 00:00:00,2025,Hydrological,10.147708,UNGRD
2025-11-05 00:00:00,2025,Hydrological,0.006879,UNGRD
2025-01-01 00:00:00,2025,Meteorological,0.103017,UNGRD
2025-01-20 00:00:00,2025,Meteorological,0.26954,UNGRD
2025-01-28 00:00:00,2025,Meteorological,1.133987,UNGRD
2025-02-03 00:00:00,2025,Meteorological,0.056435,UNGRD
2025-02-10 00:00:00,2025,Meteorological,0.286656,UNGRD
2025-02-23 00:00:00,2025,Meteorological,2.59782,UNGRD
2025-03-01 00:00:00,2025,Meteorological,0.215492,UNGRD
2025-03-07 00:00:00,2025,Meteorological,0.049269,UNGRD
2025-03-13 00:00:00,2025,Meteorological,1.449104,UNGRD
2025-03-19 00:00:00,2025,Meteorological,0.716637,UNGRD
2025-03-25 00:00:00,2025,Meteorological,1.499562,UNGRD
2025-04-01 00:00:00,2025,Meteorological,0.30278,UNGRD
2025-04-07 00:00:00,2025,Meteorological,1.515794,UNGRD
2025-04-13 00:00:00,2025,Meteorological,3.573345,UNGRD
2025-04-19 00:00:00,2025,Meteorological,0.899979,UNGRD
2025-04-25 00:00:00,2025,Meteorological,3.149261,UNGRD
2025-05-01 00:00:00,2025,Meteorological,0.311736,UNGRD
2025-05-08 00:00:00,2025,Meteorological,3.195127,UNGRD
2025-05-14 00:00:00,2025,Meteorological,0.160252,UNGRD
2025-05-20 00:00:00,2025,Meteorological,0.832279,UNGRD
2025-05-27 00:00:00,2025,Meteorological,0.617623,UNGRD
2025-06-02 00:00:00,2025,Meteorological,4.567202,UNGRD
2025-06-09 00:00:00,2025,Meteorological,0.124025,UNGRD
2025-06-17 00:00:00,2025,Meteorological,0.328567,UNGRD
2025-06-23 00:00:00,2025,Meteorological,3.000921,UNGRD
2025-06-29 00:00:00,2025,Meteorological,0.500153,UNGRD
2025-07-06 00:00:00,2025,Meteorological,0.256495,UNGRD
2025-07-12 00:00:00,2025,Meteorological,2.245471,UNGRD
2025-07-18 00:00:00,2025,Meteorological,2.122347,UNGRD
2025-07-24 00:00:00,2025,Meteorological,8.254938,UNGRD
2025-07-30 00:00:00,2025,Meteorological,0.874799,UNGRD
2025-08-05 00:00:00,2025,Meteorological,2.440281,UNGRD
2025-08-11 00:00:00,2025,Meteorological,12.392671,UNGRD
2025-08-18 00:00:00,2025,Meteorological,2.033801,UNGRD
2025-08-24 00:00:00,2025,Meteorological,3.300746,UNGRD
2025-08-30 00:00:00,2025,Meteorological,6.166073,UNGRD
2025-09-05 00:00:00,2025,Meteorological,1.835444,UNGRD
2025-09-11 00:00:00,2025,Meteorological,0.256795,UNGRD
2025-09-17 00:00:00,2025,Meteorological,0.217976,UNGRD
2025-09-23 00:00:00,2025,Meteorological,32.571982,UNGRD
2025-09-29 00:00:00,2025,Meteorological,0.575684,UNGRD
2025-10-05 00:00:00,2025,Meteorological,1.732786,UNGRD
2025-10-11 00:00:00,2025,Meteorological,0.62916,UNGRD
2025-10-18 00:00:00,2025,Meteorological,0.49322,UNGRD
2025-10-24 00:00:00,2025,Meteorological,0.942582,UNGRD
2025-10-30 00:00:00,2025,Meteorological,1.054054,UNGRD
2025-11-05 00:00:00,2025,Meteorological,0.050761,UNGRD
