start_date,year,cause,econ_loss,database
1968-07-29,1968,Geophysical,46.278,EM-DAT
1969-10-15,1969,Hydrological,35.105,EM-DAT
1970-04-09,1970,Hydrological,248.765,EM-DAT
1973-01-01 00:00:00,1973,Climatological,192.92247709645565,DesInventar
1973-04-14 00:00:00,1973,Geophysical,1.896219,DesInventar
1973-01-05 00:00:00,1973,Hydrological,0.22404,DesInventar
1973-04-14 00:00:00,1973,Hydrological,0.0726,DesInventar
1973-07-04 00:00:00,1973,Hydrological,0.11792,DesInventar
1973-07-18 00:00:00,1973,Hydrological,0.033016,DesInventar
1973-08-21 00:00:00,1973,Hydrological,0.035376,DesInventar
1973-08-25 00:00:00,1973,Hydrological,0.005896,DesInventar
1973-08-29 00:00:00,1973,Hydrological,2.12724,DesInventar
1973-09-02 00:00:00,1973,Hydrological,0.19928,DesInventar
1973-09-13 00:00:00,1973,Hydrological,0.136784,DesInventar
1973-09-19 00:00:00,1973,Hydrological,0.070752,DesInventar
1973-10-26 00:00:00,1973,Hydrological,0.064856,DesInventar
1973-10-30 00:00:00,1973,Hydrological,0.099048,DesInventar
1973-01-31 00:00:00,1973,Meteorological,0.095512,DesInventar
1973-09-17 00:00:00,1973,Meteorological,0.023584,DesInventar
1973-10-08 00:00:00,1973,Meteorological,0.10629337581071939,DesInventar
1974-05-17 00:00:00,1974,Hydrological,0.075946,DesInventar
1974-05-20 00:00:00,1974,Hydrological,0.005896,DesInventar
1974-06-20 00:00:00,1974,Hydrological,0.005896,DesInventar
1974-09-07 00:00:00,1974,Hydrological,0.005896,DesInventar
1974-09-14 00:00:00,1974,Hydrological,0.033016,DesInventar
1974-09-18 00:00:00,1974,Hydrological,1.300251,DesInventar
1974-09-22 00:00:00,1974,Hydrological,0.005896,DesInventar
1974-10-02 00:00:00,1974,Hydrological,0.033016,DesInventar
1974-10-20 00:00:00,1974,Hydrological,0.17688,DesInventar
1974-10-25 00:00:00,1974,Hydrological,0.055027,DesInventar
1974-11-26 00:00:00,1974,Hydrological,0.023584,DesInventar
1974-12-04 00:00:00,1974,Hydrological,0.050704,DesInventar
1974-02-23 00:00:00,1974,Meteorological,0.055027,DesInventar
1974-04-21 00:00:00,1974,Meteorological,0.005896,DesInventar
1974-06-02 00:00:00,1974,Meteorological,0.017688,DesInventar
1974-08-02 00:00:00,1974,Meteorological,0.023584,DesInventar
1974-09-19 00:00:00,1974,Meteorological,0.1474,DesInventar
1975-03-22 00:00:00,1975,Climatological,0.136,DesInventar
1975-05-25 00:00:00,1975,Climatological,0.0605,DesInventar
1975-06-17 00:00:00,1975,Geophysical,15.034,DesInventar
1975-05-23 00:00:00,1975,Hydrological,1.3602897891179748,DesInventar
1975-08-16 00:00:00,1975,Hydrological,0.005896,DesInventar
1975-09-03 00:00:00,1975,Hydrological,0.066032,DesInventar
1975-09-10 00:00:00,1975,Hydrological,0.005896,DesInventar
1975-09-19 00:00:00,1975,Hydrological,0.399744,DesInventar
1975-09-26 00:00:00,1975,Hydrological,0.1474,DesInventar
1975-10-06 00:00:00,1975,Hydrological,0.11792,DesInventar
1975-11-03 00:00:00,1975,Hydrological,0.035217,DesInventar
1975-11-11 00:00:00,1975,Hydrological,0.023584,DesInventar
1975-12-12 00:00:00,1975,Hydrological,1.145976,DesInventar
1975-05-12 00:00:00,1975,Meteorological,0.02948,DesInventar
1975-12-02 00:00:00,1975,Meteorological,2.7205795782359496,DesInventar
1976-06-25 00:00:00,1976,Hydrological,0.023584,DesInventar
1976-08-01 00:00:00,1976,Hydrological,0.298328,DesInventar
1976-09-15 00:00:00,1976,Hydrological,0.038912,DesInventar
1976-12-10 00:00:00,1976,Hydrological,0.066032,DesInventar
1977-04-23 00:00:00,1977,Climatological,0.0085,DesInventar
1977-07-01 00:00:00,1977,Climatological,48.1576,DesInventar
1977-09-30 00:00:00,1977,Climatological,50.12610828472053,DesInventar
1977-05-29 00:00:00,1977,Hydrological,0.005896,DesInventar
1977-06-04 00:00:00,1977,Hydrological,0.005896,DesInventar
1977-06-18 00:00:00,1977,Hydrological,0.017688,DesInventar
1977-09-16 00:00:00,1977,Hydrological,0.005896,DesInventar
1977-09-25 00:00:00,1977,Hydrological,0.033016,DesInventar
1977-09-30 00:00:00,1977,Hydrological,1.773003,DesInventar
1977-10-29 00:00:00,1977,Hydrological,0.05896,DesInventar
1977-11-02 00:00:00,1977,Hydrological,0.5896,DesInventar
1977-11-05 00:00:00,1977,Hydrological,0.2948,DesInventar
1977-11-19 00:00:00,1977,Hydrological,0.3019645077392803,DesInventar
1977-05-26 00:00:00,1977,Meteorological,0.023584,DesInventar
1978-01-20 00:00:00,1978,Hydrological,0.63045,DesInventar
1978-08-28 00:00:00,1978,Hydrological,0.336072,DesInventar
1978-09-04 00:00:00,1978,Hydrological,0.05896,DesInventar
1978-09-22 00:00:00,1978,Hydrological,1.35608,DesInventar
1978-09-25 00:00:00,1978,Hydrological,0.011792,DesInventar
1978-10-13 00:00:00,1978,Hydrological,0.2948,DesInventar
1978-10-22 00:00:00,1978,Hydrological,0.736504,DesInventar
1978-10-25 00:00:00,1978,Hydrological,0.02948,DesInventar
1978-11-08 00:00:00,1978,Hydrological,0.02948,DesInventar
1978-02-22 00:00:00,1978,Meteorological,0.072715,DesInventar
1978-03-17 00:00:00,1978,Meteorological,0.46263,DesInventar
1978-05-19 00:00:00,1978,Meteorological,0.44336,DesInventar
1978-07-03 00:00:00,1978,Meteorological,0.5611108494581558,DesInventar
1978-07-12 00:00:00,1978,Meteorological,38.1555377631546,DesInventar
1979-02-27 00:00:00,1979,Hydrological,2.72,DesInventar
1979-05-30 00:00:00,1979,Hydrological,0.017688,DesInventar
1979-06-06 00:00:00,1979,Hydrological,0.35376,DesInventar
1979-07-23 00:00:00,1979,Hydrological,0.053064,DesInventar
1979-08-20 00:00:00,1979,Hydrological,0.035376,DesInventar
1979-09-01 00:00:00,1979,Hydrological,0.275928,DesInventar
1979-09-10 00:00:00,1979,Hydrological,17.053064,DesInventar
1979-09-14 00:00:00,1979,Hydrological,0.005896,DesInventar
1979-10-14 00:00:00,1979,Hydrological,0.08844,DesInventar
1979-10-19 00:00:00,1979,Hydrological,0.267672,DesInventar
1979-10-22 00:00:00,1979,Hydrological,0.080184,DesInventar
1979-10-28 00:00:00,1979,Hydrological,0.08844,DesInventar
1979-02-27 00:00:00,1979,Meteorological,2.38,DesInventar
1979-10-18 00:00:00,1979,Meteorological,0.02521745165537949,DesInventar
1979-11-15 00:00:00,1979,Meteorological,4.034792264860718,DesInventar
1980-01-02 00:00:00,1980,Climatological,101.50714594197352,DesInventar
1980-01-19 00:00:00,1980,Climatological,5.756415153652664,DesInventar
1980-02-11 00:00:00,1980,Climatological,1.018784,DesInventar
1980-03-01 00:00:00,1980,Climatological,9.771692390459771,DesInventar
1980-03-18 00:00:00,1980,Climatological,0.528256,DesInventar
1980-04-10 00:00:00,1980,Climatological,1.8299714840315566,DesInventar
1980-04-26 00:00:00,1980,Climatological,0.466944,DesInventar
1980-05-13 00:00:00,1980,Climatological,65.73683971763846,DesInventar
1980-07-04 00:00:00,1980,Climatological,1.1548363734179727,DesInventar
1980-08-06 00:00:00,1980,Climatological,0.7906187479553813,DesInventar
1980-08-24 00:00:00,1980,Climatological,152.59030249807762,DesInventar
1980-09-22 00:00:00,1980,Climatological,0.419776,DesInventar
1980-10-13 00:00:00,1980,Climatological,10.660028062319748,DesInventar
1980-10-29 00:00:00,1980,Climatological,0.132064,DesInventar
1980-11-19 00:00:00,1980,Climatological,0.1776671343719958,DesInventar
1980-05-15 00:00:00,1980,Hydrological,0.11792,DesInventar
1980-06-02 00:00:00,1980,Hydrological,0.47168,DesInventar
1980-06-20 00:00:00,1980,Hydrological,0.070752,DesInventar
1980-12-13 00:00:00,1980,Hydrological,0.023584,DesInventar
1980-06-15 00:00:00,1980,Meteorological,0.047168,DesInventar
1981-01-11 00:00:00,1981,Climatological,0.3101008609422107,DesInventar
1981-02-12 00:00:00,1981,Climatological,0.033016,DesInventar
1981-03-01 00:00:00,1981,Climatological,0.16288704509679627,DesInventar
1981-03-21 00:00:00,1981,Climatological,0.5701081078122079,DesInventar
1981-04-17 00:00:00,1981,Climatological,0.04886542353435469,DesInventar
1981-05-13 00:00:00,1981,Climatological,0.038912,DesInventar
1981-05-29 00:00:00,1981,Climatological,0.033016,DesInventar
1981-08-02 00:00:00,1981,Climatological,0.08144352254839814,DesInventar
1981-08-26 00:00:00,1981,Climatological,0.050490361015622764,DesInventar
1981-10-03 00:00:00,1981,Climatological,0.08551104121169976,DesInventar
1981-10-26 00:00:00,1981,Climatological,0.5049519097841211,DesInventar
1981-11-18 00:00:00,1981,Climatological,0.044808,DesInventar
1981-05-08 00:00:00,1981,Hydrological,0.005896,DesInventar
1981-06-03 00:00:00,1981,Hydrological,9.511337354362896,DesInventar
1981-07-09 00:00:00,1981,Hydrological,0.023584,DesInventar
1981-09-07 00:00:00,1981,Hydrological,0.017688,DesInventar
1981-11-24 00:00:00,1981,Hydrological,0.011792,DesInventar
1981-08-31 00:00:00,1981,Meteorological,0.06515274805466593,DesInventar
1982-01-04 00:00:00,1982,Climatological,0.132064,DesInventar
1982-01-24 00:00:00,1982,Climatological,0.038912,DesInventar
1982-02-14 00:00:00,1982,Climatological,0.170976,DesInventar
1982-03-08 00:00:00,1982,Climatological,0.16508,DesInventar
1982-04-01 00:00:00,1982,Climatological,0.209888,DesInventar
1982-04-29 00:00:00,1982,Climatological,0.5372238209757285,DesInventar
1982-05-29 00:00:00,1982,Climatological,0.033016,DesInventar
1982-06-24 00:00:00,1982,Climatological,0.21201139271149533,DesInventar
1982-08-07 00:00:00,1982,Climatological,0.116736,DesInventar
1982-09-05 00:00:00,1982,Climatological,0.071928,DesInventar
1982-09-21 00:00:00,1982,Climatological,0.033016,DesInventar
1982-10-23 00:00:00,1982,Climatological,0.270024,DesInventar
1982-11-15 00:00:00,1982,Climatological,0.4757765669252632,DesInventar
1982-12-05 00:00:00,1982,Climatological,0.4904175462535865,DesInventar
1982-12-29 00:00:00,1982,Climatological,3.2848031825507764,DesInventar
1982-06-14 00:00:00,1982,Hydrological,0.017688,DesInventar
1982-07-02 00:00:00,1982,Hydrological,0.053064,DesInventar
1982-08-22 00:00:00,1982,Hydrological,0.4345029608827871,DesInventar
1982-09-14 00:00:00,1982,Meteorological,1.7380118435311485,DesInventar
1983-01-18 00:00:00,1983,Climatological,0.7199221713960563,DesInventar
1983-02-16 00:00:00,1983,Climatological,1.7429760980878797,DesInventar
1983-03-15 00:00:00,1983,Climatological,0.7578167902943053,DesInventar
1983-05-04 00:00:00,1983,Climatological,0.3789052456608745,DesInventar
1983-06-04 00:00:00,1983,Climatological,0.264128,DesInventar
1983-06-22 00:00:00,1983,Climatological,0.242904,DesInventar
1983-07-17 00:00:00,1983,Climatological,7.199256358309622,DesInventar
1983-08-13 00:00:00,1983,Climatological,1.151880513411735,DesInventar
1983-09-01 00:00:00,1983,Climatological,0.033016,DesInventar
1983-09-20 00:00:00,1983,Climatological,0.033016,DesInventar
1983-10-09 00:00:00,1983,Climatological,0.15156272816160543,DesInventar
1983-11-02 00:00:00,1983,Climatological,0.33016,DesInventar
1983-11-22 00:00:00,1983,Climatological,0.23492018148440763,DesInventar
1983-12-27 00:00:00,1983,Climatological,0.143856,DesInventar
1983-07-03 00:00:00,1983,Geophysical,1.832392,DesInventar
1983-09-01 00:00:00,1983,Hydrological,0.38320357040013553,DesInventar
1983-09-08 00:00:00,1983,Hydrological,0.283008,DesInventar
1983-10-06 00:00:00,1983,Hydrological,0.082544,DesInventar
1983-10-11 00:00:00,1983,Hydrological,0.041272,DesInventar
1983-06-27 00:00:00,1983,Meteorological,3.1805896343211253,DesInventar
1983-09-22 00:00:00,1983,Meteorological,0.05896,DesInventar
1984-01-26 00:00:00,1984,Climatological,0.28478926091783896,DesInventar
1984-02-15 00:00:00,1984,Climatological,9.415309187090411,DesInventar
1984-03-04 00:00:00,1984,Climatological,0.915970386987849,DesInventar
1984-03-24 00:00:00,1984,Climatological,0.528952,DesInventar
1984-04-12 00:00:00,1984,Climatological,3.4513746144566673,DesInventar
1984-06-22 00:00:00,1984,Climatological,0.005896,DesInventar
1984-07-08 00:00:00,1984,Climatological,1.3450441695843447,DesInventar
1984-07-25 00:00:00,1984,Climatological,0.231112,DesInventar
1984-08-14 00:00:00,1984,Climatological,0.06441661854093977,DesInventar
1984-09-01 00:00:00,1984,Climatological,0.8742784082672056,DesInventar
1984-09-17 00:00:00,1984,Climatological,0.071928,DesInventar
1984-10-04 00:00:00,1984,Climatological,8.070268037132251,DesInventar
1984-10-29 00:00:00,1984,Climatological,5.017715549504782,DesInventar
1984-11-28 00:00:00,1984,Climatological,0.038912,DesInventar
1984-12-15 00:00:00,1984,Climatological,0.11084,DesInventar
1984-03-01 00:00:00,1984,Hydrological,0.264128,DesInventar
1984-06-01 00:00:00,1984,Hydrological,0.1132,DesInventar
1984-06-08 00:00:00,1984,Hydrological,0.176872,DesInventar
1984-09-16 00:00:00,1984,Hydrological,0.6102627019667978,DesInventar
1984-09-22 00:00:00,1984,Hydrological,0.106128,DesInventar
1984-09-27 00:00:00,1984,Hydrological,0.011792,DesInventar
1984-10-27 00:00:00,1984,Hydrological,0.038912,DesInventar
1984-10-30 00:00:00,1984,Hydrological,0.02948,DesInventar
1984-01-21 00:00:00,1984,Meteorological,0.027122786754079906,DesInventar
1984-06-06 00:00:00,1984,Meteorological,0.078611,DesInventar
1984-07-19 00:00:00,1984,Meteorological,0.035376,DesInventar
1984-08-12 00:00:00,1984,Meteorological,0.03390348344259988,DesInventar
1985-01-02 00:00:00,1985,Climatological,0.044808,DesInventar
1985-01-19 00:00:00,1985,Climatological,34.071928,DesInventar
1985-02-07 00:00:00,1985,Climatological,0.43350349551750506,DesInventar
1985-02-26 00:00:00,1985,Climatological,6.741816,DesInventar
1985-03-22 00:00:00,1985,Climatological,0.242904,DesInventar
1985-04-07 00:00:00,1985,Climatological,0.011792,DesInventar
1985-04-23 00:00:00,1985,Climatological,0.8670069910350101,DesInventar
1985-05-14 00:00:00,1985,Climatological,0.23120186427600273,DesInventar
1985-06-25 00:00:00,1985,Climatological,0.104944,DesInventar
1985-07-18 00:00:00,1985,Climatological,0.5779291468636176,DesInventar
1985-08-12 00:00:00,1985,Climatological,0.033016,DesInventar
1985-09-27 00:00:00,1985,Climatological,0.15028121177940176,DesInventar
1985-10-20 00:00:00,1985,Climatological,5.779282719954742,DesInventar
1985-11-12 00:00:00,1985,Climatological,51.03108505189183,DesInventar
1985-11-28 00:00:00,1985,Climatological,0.5808162117369126,DesInventar
1985-12-24 00:00:00,1985,Climatological,0.5491044276555064,DesInventar
1985-06-24 00:00:00,1985,Hydrological,0.005896,DesInventar
1985-08-21 00:00:00,1985,Hydrological,0.005896,DesInventar
1985-10-29 00:00:00,1985,Hydrological,1.1792,DesInventar
1985-11-05 00:00:00,1985,Hydrological,0.066032,DesInventar
1985-06-06 00:00:00,1985,Meteorological,0.41272,DesInventar
1985-06-17 00:00:00,1985,Meteorological,0.041272,DesInventar
1985-07-07 00:00:00,1985,Meteorological,0.607288,DesInventar
1985-07-13 00:00:00,1985,Meteorological,0.05896,DesInventar
1985-08-02 00:00:00,1985,Meteorological,0.17452,DesInventar
1986-01-16 00:00:00,1986,Climatological,2.4779190320784887,DesInventar
1986-02-19 00:00:00,1986,Climatological,0.21549585746527722,DesInventar
1986-03-21 00:00:00,1986,Climatological,0.19680567393709705,DesInventar
1986-04-28 00:00:00,1986,Climatological,0.2555917843338923,DesInventar
1986-05-17 00:00:00,1986,Climatological,0.155648,DesInventar
1986-06-13 00:00:00,1986,Climatological,0.2555917843338923,DesInventar
1986-07-11 00:00:00,1986,Climatological,0.30304,DesInventar
1986-07-28 00:00:00,1986,Climatological,2.56358559686894,DesInventar
1986-08-14 00:00:00,1986,Climatological,0.5367427471011739,DesInventar
1986-09-23 00:00:00,1986,Climatological,0.033016,DesInventar
1986-10-21 00:00:00,1986,Climatological,0.055027,DesInventar
1986-11-10 00:00:00,1986,Climatological,0.50271,DesInventar
1986-11-26 00:00:00,1986,Climatological,0.325051,DesInventar
1986-12-31 00:00:00,1986,Climatological,0.46812,DesInventar
1986-06-04 00:00:00,1986,Hydrological,0.082544,DesInventar
1986-10-13 00:00:00,1986,Hydrological,0.033016,DesInventar
1986-01-28 00:00:00,1986,Meteorological,0.005896,DesInventar
1986-03-22 00:00:00,1986,Meteorological,0.011792,DesInventar
1986-05-03 00:00:00,1986,Meteorological,0.264128,DesInventar
1986-10-04 00:00:00,1986,Meteorological,0.077824,DesInventar
1987-01-24 00:00:00,1987,Climatological,0.220107,DesInventar
1987-02-12 00:00:00,1987,Climatological,0.8927424322985439,DesInventar
1987-03-02 00:00:00,1987,Climatological,0.167281,DesInventar
1987-03-21 00:00:00,1987,Climatological,0.066032,DesInventar
1987-04-30 00:00:00,1987,Climatological,0.066032,DesInventar
1987-05-16 00:00:00,1987,Climatological,1.9789856873613036,DesInventar
1987-06-03 00:00:00,1987,Climatological,0.22142650968587035,DesInventar
1987-06-20 00:00:00,1987,Climatological,3.5181967775312066,DesInventar
1987-07-06 00:00:00,1987,Climatological,0.066032,DesInventar
1987-10-20 00:00:00,1987,Climatological,1.7590983887656033,DesInventar
1987-11-06 00:00:00,1987,Climatological,0.297144,DesInventar
1987-11-23 00:00:00,1987,Climatological,0.099048,DesInventar
1987-12-15 00:00:00,1987,Climatological,0.099048,DesInventar
1987-05-04 00:00:00,1987,Hydrological,0.02638647583148405,DesInventar
1987-05-23 00:00:00,1987,Hydrological,0.021988729859570046,DesInventar
1987-07-02 00:00:00,1987,Hydrological,0.033016,DesInventar
1987-09-20 00:00:00,1987,Hydrological,0.265312,DesInventar
1987-10-06 00:00:00,1987,Hydrological,0.123816,DesInventar
1987-10-24 00:00:00,1987,Hydrological,0.737,DesInventar
1987-12-19 00:00:00,1987,Hydrological,0.066032,DesInventar
1987-06-16 00:00:00,1987,Meteorological,0.558928,DesInventar
1987-07-25 00:00:00,1987,Meteorological,0.038912,DesInventar
1988-02-03 00:00:00,1988,Climatological,0.19456,DesInventar
1988-02-23 00:00:00,1988,Climatological,0.155648,DesInventar
1988-03-12 00:00:00,1988,Climatological,1.463612,DesInventar
1988-03-31 00:00:00,1988,Climatological,3.4,DesInventar
1988-04-24 00:00:00,1988,Climatological,0.11084,DesInventar
1988-06-27 00:00:00,1988,Climatological,0.24494524931706832,DesInventar
1988-07-18 00:00:00,1988,Climatological,0.13796,DesInventar
1988-08-19 00:00:00,1988,Climatological,0.044808,DesInventar
1988-09-08 00:00:00,1988,Climatological,0.10497653542160071,DesInventar
1988-10-27 00:00:00,1988,Climatological,0.104944,DesInventar
1988-11-22 00:00:00,1988,Climatological,0.06998435694773382,DesInventar
1988-12-21 00:00:00,1988,Climatological,0.066032,DesInventar
1988-01-27 00:00:00,1988,Hydrological,1.1792,DesInventar
1988-02-03 00:00:00,1988,Hydrological,0.011792,DesInventar
1988-03-05 00:00:00,1988,Hydrological,0.033016,DesInventar
1988-07-20 00:00:00,1988,Hydrological,0.082544,DesInventar
1988-08-04 00:00:00,1988,Hydrological,0.017496089236933455,DesInventar
1988-08-11 00:00:00,1988,Hydrological,0.082544,DesInventar
1988-08-19 00:00:00,1988,Hydrological,0.005896,DesInventar
1988-08-23 00:00:00,1988,Hydrological,0.454763,DesInventar
1988-09-13 00:00:00,1988,Hydrological,1.234227,DesInventar
1988-09-16 00:00:00,1988,Hydrological,0.02948,DesInventar
1988-09-23 00:00:00,1988,Hydrological,0.041272,DesInventar
1988-10-01 00:00:00,1988,Hydrological,0.053064,DesInventar
1988-10-05 00:00:00,1988,Hydrological,0.099048,DesInventar
1988-10-12 00:00:00,1988,Hydrological,0.011792,DesInventar
1988-10-22 00:00:00,1988,Hydrological,0.66032,DesInventar
1988-10-29 00:00:00,1988,Hydrological,0.033016,DesInventar
1988-11-03 00:00:00,1988,Hydrological,0.066032,DesInventar
1988-11-09 00:00:00,1988,Hydrological,0.2948,DesInventar
1988-01-27 00:00:00,1988,Meteorological,0.8748044618466726,DesInventar
1988-10-19,1988,Meteorological,163.342,EM-DAT
1988-01-15,1988,Hydrological,24.501,EM-DAT
1989-01-07 00:00:00,1989,Climatological,0.5542,DesInventar
1989-01-27 00:00:00,1989,Climatological,0.203992,DesInventar
1989-02-16 00:00:00,1989,Climatological,0.170976,DesInventar
1989-03-18 00:00:00,1989,Climatological,1.095424,DesInventar
1989-04-16 00:00:00,1989,Climatological,0.06209320793685074,DesInventar
1989-05-11 00:00:00,1989,Climatological,0.104944,DesInventar
1989-06-13 00:00:00,1989,Climatological,0.055027,DesInventar
1989-08-18 00:00:00,1989,Climatological,0.06209320793685074,DesInventar
1989-09-04 00:00:00,1989,Climatological,0.187091,DesInventar
1989-10-23 00:00:00,1989,Climatological,0.066032,DesInventar
1989-11-17 00:00:00,1989,Climatological,0.16508,DesInventar
1989-12-22 00:00:00,1989,Climatological,0.11084,DesInventar
1989-10-27 00:00:00,1989,Hydrological,0.077824,DesInventar
1989-11-05 00:00:00,1989,Meteorological,0.005896,DesInventar
1990-02-15 00:00:00,1990,Climatological,0.071928,DesInventar
1990-03-04 00:00:00,1990,Climatological,0.143856,DesInventar
1990-03-23 00:00:00,1990,Climatological,0.13107946774115806,DesInventar
1990-04-14 00:00:00,1990,Climatological,0.396192,DesInventar
1990-05-01 00:00:00,1990,Climatological,0.08372,DesInventar
1990-06-17 00:00:00,1990,Climatological,0.033016,DesInventar
1990-07-21 00:00:00,1990,Climatological,0.239368,DesInventar
1990-08-22 00:00:00,1990,Climatological,0.231112,DesInventar
1990-10-01 00:00:00,1990,Climatological,0.099048,DesInventar
1990-11-08 00:00:00,1990,Climatological,0.066032,DesInventar
1990-03-25 00:00:00,1990,Geophysical,1.704033080635055,DesInventar
1990-04-12 00:00:00,1990,Geophysical,0.2621589354823161,DesInventar
1990-05-30 00:00:00,1990,Geophysical,0.121059,DesInventar
1990-06-07 00:00:00,1990,Geophysical,0.165088,DesInventar
1990-06-30 00:00:00,1990,Geophysical,0.099048,DesInventar
1990-12-22 00:00:00,1990,Geophysical,48.048,DesInventar
1990-06-29 00:00:00,1990,Hydrological,0.005896,DesInventar
1990-08-28 00:00:00,1990,Hydrological,0.055027,DesInventar
1990-09-24 00:00:00,1990,Hydrological,0.02948,DesInventar
1990-10-07 00:00:00,1990,Hydrological,0.033016,DesInventar
1990-10-16 00:00:00,1990,Hydrological,0.3932384032234742,DesInventar
1990-10-19 00:00:00,1990,Hydrological,0.603736,DesInventar
1990-10-27 00:00:00,1990,Hydrological,0.038912,DesInventar
1990-11-14 00:00:00,1990,Hydrological,0.005896,DesInventar
1990-02-25 00:00:00,1990,Meteorological,0.011792,DesInventar
1991-01-14 00:00:00,1991,Climatological,1.8863940848790566,DesInventar
1991-01-30 00:00:00,1991,Climatological,1.8863940848790566,DesInventar
1991-02-16 00:00:00,1991,Climatological,0.33016,DesInventar
1991-03-11 00:00:00,1991,Climatological,0.2037305611669381,DesInventar
1991-03-28 00:00:00,1991,Climatological,1.037952,DesInventar
1991-04-14 00:00:00,1991,Climatological,1.1507003917762246,DesInventar
1991-05-06 00:00:00,1991,Climatological,0.198096,DesInventar
1991-06-01 00:00:00,1991,Climatological,0.27592,DesInventar
1991-06-19 00:00:00,1991,Climatological,0.4102895618164543,DesInventar
1991-07-06 00:00:00,1991,Climatological,0.018863940848790565,DesInventar
1991-07-30 00:00:00,1991,Climatological,1.0563806875322717,DesInventar
1991-08-17 00:00:00,1991,Climatological,0.066032,DesInventar
1991-09-05 00:00:00,1991,Climatological,0.37727881697581134,DesInventar
1991-09-24 00:00:00,1991,Climatological,0.9431970424395283,DesInventar
1991-10-15 00:00:00,1991,Climatological,0.9431970424395283,DesInventar
1991-11-10 00:00:00,1991,Climatological,0.270024,DesInventar
1991-11-28 00:00:00,1991,Climatological,2.8295911273185848,DesInventar
1991-04-22 00:00:00,1991,Geophysical,526.7567789989613,DesInventar
1991-02-25 00:00:00,1991,Hydrological,5.1765,DesInventar
1991-05-19 00:00:00,1991,Hydrological,0.9431970424395283,DesInventar
1991-07-19 00:00:00,1991,Hydrological,0.100232,DesInventar
1991-08-11 00:00:00,1991,Hydrological,0.587216,DesInventar
1991-08-30 00:00:00,1991,Hydrological,0.017688,DesInventar
1991-09-12 00:00:00,1991,Hydrological,0.231112,DesInventar
1991-10-13 00:00:00,1991,Hydrological,0.064856,DesInventar
1991-10-19 00:00:00,1991,Hydrological,0.1698,DesInventar
1991-05-31 00:00:00,1991,Meteorological,0.28295911273185853,DesInventar
1991-08-04 00:00:00,1991,Meteorological,0.1474,DesInventar
1992-02-04 00:00:00,1992,Climatological,0.099048,DesInventar
1992-03-06 00:00:00,1992,Climatological,0.099048,DesInventar
1992-03-24 00:00:00,1992,Climatological,2.583016,DesInventar
1992-04-09 00:00:00,1992,Climatological,0.132064,DesInventar
1992-04-25 00:00:00,1992,Climatological,0.066032,DesInventar
1992-05-14 00:00:00,1992,Climatological,0.132064,DesInventar
1992-06-01 00:00:00,1992,Climatological,1.8316223532103741,DesInventar
1992-06-29 00:00:00,1992,Climatological,0.099048,DesInventar
1992-09-25 00:00:00,1992,Climatological,1.498599497469072,DesInventar
1992-03-06 00:00:00,1992,Geophysical,0.080184,DesInventar
1992-06-21 00:00:00,1992,Hydrological,0.209888,DesInventar
1992-06-25 00:00:00,1992,Hydrological,0.08844,DesInventar
1992-07-02 00:00:00,1992,Hydrological,0.041272,DesInventar
1992-07-15 00:00:00,1992,Hydrological,0.005896,DesInventar
1992-07-24 00:00:00,1992,Hydrological,0.8325537859864675,DesInventar
1992-07-27 00:00:00,1992,Hydrological,0.331344,DesInventar
1992-08-06 00:00:00,1992,Hydrological,0.094336,DesInventar
1992-09-09 00:00:00,1992,Hydrological,0.076648,DesInventar
1992-09-19 00:00:00,1992,Hydrological,0.066032,DesInventar
1992-09-23 00:00:00,1992,Hydrological,0.070752,DesInventar
1992-11-24 00:00:00,1992,Hydrological,0.017688,DesInventar
1992-09-19 00:00:00,1992,Meteorological,0.017688,DesInventar
1993-02-01 00:00:00,1993,Climatological,0.711024,DesInventar
1993-02-17 00:00:00,1993,Climatological,0.588203,DesInventar
1993-03-06 00:00:00,1993,Climatological,0.152016,DesInventar
1993-04-05 00:00:00,1993,Climatological,0.16508,DesInventar
1993-05-15 00:00:00,1993,Climatological,0.3054734008956732,DesInventar
1993-07-04 00:00:00,1993,Climatological,0.4573469187705179,DesInventar
1993-07-22 00:00:00,1993,Climatological,2.28673459385259,DesInventar
1993-09-12 00:00:00,1993,Climatological,0.4573469187705179,DesInventar
1993-10-03 00:00:00,1993,Climatological,0.091976,DesInventar
1993-10-24 00:00:00,1993,Climatological,0.18328404053740394,DesInventar
1993-11-23 00:00:00,1993,Climatological,0.08372,DesInventar
1993-07-10 00:00:00,1993,Geophysical,2.208871,DesInventar
1993-03-13 00:00:00,1993,Hydrological,0.28772,DesInventar
1993-03-17 00:00:00,1993,Hydrological,0.02948,DesInventar
1993-04-26 00:00:00,1993,Hydrological,0.055027,DesInventar
1993-05-12 00:00:00,1993,Hydrological,0.636768,DesInventar
1993-06-14 00:00:00,1993,Hydrological,0.047168,DesInventar
1993-07-02 00:00:00,1993,Hydrological,0.207536,DesInventar
1993-08-11 00:00:00,1993,Hydrological,0.091976,DesInventar
1993-09-15 00:00:00,1993,Hydrological,0.297144,DesInventar
1993-09-19 00:00:00,1993,Hydrological,0.070752,DesInventar
1993-10-13 00:00:00,1993,Hydrological,0.4422,DesInventar
1993-08-08 00:00:00,1993,Meteorological,0.02948,DesInventar
1993-10-11 00:00:00,1993,Meteorological,0.082544,DesInventar
1994-02-04 00:00:00,1994,Climatological,0.132064,DesInventar
1994-03-09 00:00:00,1994,Climatological,4.278096,DesInventar
1994-04-08 00:00:00,1994,Climatological,0.089116,DesInventar
1994-06-13 00:00:00,1994,Climatological,0.693336,DesInventar
1994-07-09 00:00:00,1994,Climatological,0.203992,DesInventar
1994-09-03 00:00:00,1994,Climatological,6.736953924354744,DesInventar
1994-10-07 00:00:00,1994,Climatological,6.736953924354744,DesInventar
1994-11-04 00:00:00,1994,Climatological,0.561272,DesInventar
1994-12-15 00:00:00,1994,Climatological,2.021086177306423,DesInventar
1994-06-09 00:00:00,1994,Hydrological,0.033016,DesInventar
1994-06-14 00:00:00,1994,Hydrological,0.198096,DesInventar
1994-08-09 00:00:00,1994,Hydrological,0.044808,DesInventar
1994-09-19 00:00:00,1994,Hydrological,0.077824,DesInventar
1994-10-05 00:00:00,1994,Hydrological,0.132064,DesInventar
1994-10-13 00:00:00,1994,Hydrological,0.023584,DesInventar
1994-10-19 00:00:00,1994,Hydrological,0.099048,DesInventar
1994-10-28 00:00:00,1994,Hydrological,0.17688,DesInventar
1994-11-02 00:00:00,1994,Hydrological,7.658544,DesInventar
1994-12-08 00:00:00,1994,Hydrological,0.099048,DesInventar
1994-12-14 00:00:00,1994,Hydrological,0.064856,DesInventar
1994-12-18 00:00:00,1994,Hydrological,0.035376,DesInventar
1994-12-21 00:00:00,1994,Hydrological,0.033016,DesInventar
1994-07-19 00:00:00,1994,Meteorological,0.023584,DesInventar
1994-08-01 00:00:00,1994,Meteorological,0.055027,DesInventar
1994-10-20 00:00:00,1994,Meteorological,0.08844,DesInventar
1995-02-16 00:00:00,1995,Climatological,0.1105,DesInventar
1995-03-04 00:00:00,1995,Climatological,0.958532,DesInventar
1995-04-14 00:00:00,1995,Climatological,0.16508,DesInventar
1995-05-08 00:00:00,1995,Climatological,0.044808,DesInventar
1995-08-03 00:00:00,1995,Climatological,0.071928,DesInventar
1995-10-02 00:00:00,1995,Climatological,0.188664,DesInventar
1995-10-29 00:00:00,1995,Climatological,0.005896,DesInventar
1995-11-25 00:00:00,1995,Climatological,0.122632,DesInventar
1995-12-15 00:00:00,1995,Climatological,0.369072,DesInventar
1995-12-31 00:00:00,1995,Climatological,0.038912,DesInventar
1995-05-01 00:00:00,1995,Hydrological,0.05896,DesInventar
1995-05-04 00:00:00,1995,Hydrological,0.161544,DesInventar
1995-05-13 00:00:00,1995,Hydrological,0.198096,DesInventar
1995-06-08 00:00:00,1995,Hydrological,0.077824,DesInventar
1995-06-15 00:00:00,1995,Hydrological,0.047168,DesInventar
1995-06-18 00:00:00,1995,Hydrological,0.023584,DesInventar
1995-06-23 00:00:00,1995,Hydrological,0.132064,DesInventar
1995-07-01 00:00:00,1995,Hydrological,0.041272,DesInventar
1995-08-01 00:00:00,1995,Hydrological,0.1698,DesInventar
1995-08-08 00:00:00,1995,Hydrological,0.224048,DesInventar
1995-08-13 00:00:00,1995,Hydrological,0.005896,DesInventar
1995-09-08 00:00:00,1995,Hydrological,0.183952,DesInventar
1995-09-28 00:00:00,1995,Hydrological,3.658944,DesInventar
1995-10-01 00:00:00,1995,Hydrological,2.211,DesInventar
1995-10-13 00:00:00,1995,Hydrological,0.127352,DesInventar
1995-10-16 00:00:00,1995,Hydrological,0.168624,DesInventar
1995-10-26 00:00:00,1995,Hydrological,0.211072,DesInventar
1995-05-11 00:00:00,1995,Meteorological,0.23584,DesInventar
1995-07-04 00:00:00,1995,Meteorological,0.064856,DesInventar
1995-07-29 00:00:00,1995,Meteorological,0.100232,DesInventar
1995-08-07 00:00:00,1995,Meteorological,0.033016,DesInventar
1995-10-24 00:00:00,1995,Meteorological,0.011792,DesInventar
1996-02-26 00:00:00,1996,Climatological,0.297144,DesInventar
1996-03-13 00:00:00,1996,Climatological,0.188664,DesInventar
1996-04-02 00:00:00,1996,Climatological,6.000704,DesInventar
1996-04-20 00:00:00,1996,Climatological,0.270024,DesInventar
1996-05-17 00:00:00,1996,Climatological,0.259019,DesInventar
1996-06-13 00:00:00,1996,Climatological,0.132064,DesInventar
1996-07-13 00:00:00,1996,Climatological,0.066032,DesInventar
1996-08-02 00:00:00,1996,Climatological,0.188664,DesInventar
1996-08-27 00:00:00,1996,Climatological,0.071928,DesInventar
1996-09-12 00:00:00,1996,Climatological,0.203992,DesInventar
1996-09-29 00:00:00,1996,Climatological,0.435104,DesInventar
1996-10-17 00:00:00,1996,Climatological,0.297144,DesInventar
1996-02-11 00:00:00,1996,Hydrological,2.077744,DesInventar
1996-05-09 00:00:00,1996,Hydrological,0.011792,DesInventar
1996-05-16 00:00:00,1996,Hydrological,0.017688,DesInventar
1996-05-24 00:00:00,1996,Hydrological,0.017688,DesInventar
1996-05-29 00:00:00,1996,Hydrological,0.050704,DesInventar
1996-06-26 00:00:00,1996,Hydrological,0.20636,DesInventar
1996-07-25 00:00:00,1996,Hydrological,21.632656,DesInventar
1996-08-20 00:00:00,1996,Hydrological,0.180416,DesInventar
1996-08-23 00:00:00,1996,Hydrological,0.091976,DesInventar
1996-09-03 00:00:00,1996,Hydrological,0.161155,DesInventar
1996-09-10 00:00:00,1996,Hydrological,0.041272,DesInventar
1996-09-23 00:00:00,1996,Hydrological,0.119883,DesInventar
1996-10-04 00:00:00,1996,Hydrological,0.1474,DesInventar
1996-10-09 00:00:00,1996,Hydrological,0.011792,DesInventar
1996-10-12 00:00:00,1996,Hydrological,0.770016,DesInventar
1996-10-21 00:00:00,1996,Hydrological,0.517648,DesInventar
1996-11-18 00:00:00,1996,Hydrological,0.371448,DesInventar
1996-05-24 00:00:00,1996,Meteorological,0.005896,DesInventar
1996-08-23 00:00:00,1996,Meteorological,0.017688,DesInventar
1996-09-10 00:00:00,1996,Meteorological,0.035376,DesInventar
1996-02-07,1996,Hydrological,513.138,EM-DAT
1996-07-29,1996,Meteorological,410.511,EM-DAT
1997-01-02 00:00:00,1997,Climatological,0.08401829882577026,DesInventar
1997-01-18 00:00:00,1997,Climatological,0.402088,DesInventar
1997-02-07 00:00:00,1997,Climatological,0.215784,DesInventar
1997-02-25 00:00:00,1997,Climatological,0.16803659765154053,DesInventar
1997-03-15 00:00:00,1997,Climatological,0.536512,DesInventar
1997-04-02 00:00:00,1997,Climatological,3.915288,DesInventar
1997-04-18 00:00:00,1997,Climatological,0.25372,DesInventar
1997-05-24 00:00:00,1997,Climatological,0.066032,DesInventar
1997-08-26 00:00:00,1997,Climatological,2.329,DesInventar
1997-10-24 00:00:00,1997,Climatological,14.627585825566605,DesInventar
1997-11-23 00:00:00,1997,Climatological,0.033016,DesInventar
1997-01-08 00:00:00,1997,Hydrological,0.035376,DesInventar
1997-02-23 00:00:00,1997,Hydrological,0.5896,DesInventar
1997-04-15 00:00:00,1997,Hydrological,0.005896,DesInventar
1997-04-25 00:00:00,1997,Hydrological,0.033016,DesInventar
1997-05-03 00:00:00,1997,Hydrological,3.623672,DesInventar
1997-05-13 00:00:00,1997,Hydrological,0.121456,DesInventar
1997-08-18 00:00:00,1997,Hydrological,0.23584,DesInventar
1997-08-21 00:00:00,1997,Hydrological,0.066032,DesInventar
1997-09-29 00:00:00,1997,Hydrological,0.107304,DesInventar
1997-10-09 00:00:00,1997,Hydrological,0.066032,DesInventar
1997-11-14 00:00:00,1997,Hydrological,0.378512,DesInventar
1997-11-25 00:00:00,1997,Hydrological,0.162728,DesInventar
1997-12-30 00:00:00,1997,Hydrological,0.017688,DesInventar
1997-02-08 00:00:00,1997,Meteorological,0.5896,DesInventar
1997-07-28 00:00:00,1997,Meteorological,0.094336,DesInventar
1997-08-20 00:00:00,1997,Meteorological,0.11792,DesInventar
1997-10-09 00:00:00,1997,Meteorological,0.05896,DesInventar
1997-10-27 00:00:00,1997,Meteorological,0.495264,DesInventar
1997-11-03 00:00:00,1997,Meteorological,0.017688,DesInventar
1998-01-02 00:00:00,1998,Climatological,6.082064,DesInventar
1998-01-20 00:00:00,1998,Climatological,0.085,DesInventar
1998-03-10 00:00:00,1998,Climatological,0.638528,DesInventar
1998-03-31 00:00:00,1998,Climatological,0.437464,DesInventar
1998-01-12 00:00:00,1998,Hydrological,2.55,DesInventar
1998-03-30 00:00:00,1998,Hydrological,0.017688,DesInventar
1998-06-26 00:00:00,1998,Hydrological,0.1401,DesInventar
1998-07-08 00:00:00,1998,Hydrological,0.038912,DesInventar
1998-07-15 00:00:00,1998,Hydrological,0.053064,DesInventar
1998-07-26 00:00:00,1998,Hydrological,8.722016,DesInventar
1998-08-07 00:00:00,1998,Hydrological,0.216748,DesInventar
1998-08-28 00:00:00,1998,Hydrological,0.404854,DesInventar
1998-09-09 00:00:00,1998,Hydrological,1.136302,DesInventar
1998-09-12 00:00:00,1998,Hydrological,0.099048,DesInventar
1998-09-15 00:00:00,1998,Hydrological,0.005896,DesInventar
1998-09-25 00:00:00,1998,Hydrological,0.179232,DesInventar
1998-10-01 00:00:00,1998,Hydrological,202.748284,DesInventar
1998-10-06 00:00:00,1998,Hydrological,0.430392,DesInventar
1998-10-14 00:00:00,1998,Hydrological,0.737,DesInventar
1998-10-22 00:00:00,1998,Hydrological,24.106117,DesInventar
1998-10-25 00:00:00,1998,Hydrological,4.992684,DesInventar
1998-10-28 00:00:00,1998,Hydrological,267.114515,DesInventar
1998-10-31 00:00:00,1998,Hydrological,0.450059,DesInventar
1998-11-03 00:00:00,1998,Hydrological,1.624936,DesInventar
1998-11-06 00:00:00,1998,Hydrological,0.827768,DesInventar
1998-12-06 00:00:00,1998,Hydrological,0.112024,DesInventar
1998-12-18 00:00:00,1998,Hydrological,0.312488,DesInventar
1998-02-07 00:00:00,1998,Meteorological,0.05896,DesInventar
1998-05-05 00:00:00,1998,Meteorological,0.055027,DesInventar
1998-09-22 00:00:00,1998,Meteorological,0.621043,DesInventar
1999-01-18 00:00:00,1999,Climatological,0.170976,DesInventar
1999-10-24 00:00:00,1999,Climatological,0.033016,DesInventar
1999-08-20 00:00:00,1999,Geophysical,0.005896,DesInventar
1999-01-10 00:00:00,1999,Hydrological,0.011792,DesInventar
1999-04-05 00:00:00,1999,Hydrological,0.055027,DesInventar
1999-05-04 00:00:00,1999,Hydrological,0.110054,DesInventar
1999-05-20 00:00:00,1999,Hydrological,0.011792,DesInventar
1999-06-01 00:00:00,1999,Hydrological,0.4422,DesInventar
1999-06-15 00:00:00,1999,Hydrological,0.137571,DesInventar
1999-06-18 00:00:00,1999,Hydrological,0.095512,DesInventar
1999-06-21 00:00:00,1999,Hydrological,0.474372,DesInventar
1999-06-26 00:00:00,1999,Hydrological,0.005896,DesInventar
1999-06-29 00:00:00,1999,Hydrological,0.159192,DesInventar
1999-07-06 00:00:00,1999,Hydrological,0.017688,DesInventar
1999-07-11 00:00:00,1999,Hydrological,0.05896,DesInventar
1999-07-25 00:00:00,1999,Hydrological,0.011792,DesInventar
1999-07-28 00:00:00,1999,Hydrological,0.218152,DesInventar
1999-08-02 00:00:00,1999,Hydrological,0.178843,DesInventar
1999-08-08 00:00:00,1999,Hydrological,0.153296,DesInventar
1999-08-15 00:00:00,1999,Hydrological,0.05896,DesInventar
1999-08-18 00:00:00,1999,Hydrological,3.463628,DesInventar
1999-08-21 00:00:00,1999,Hydrological,0.483472,DesInventar
1999-08-24 00:00:00,1999,Hydrological,0.31956,DesInventar
1999-08-28 00:00:00,1999,Hydrological,1.412672,DesInventar
1999-08-31 00:00:00,1999,Hydrological,0.251168,DesInventar
1999-09-03 00:00:00,1999,Hydrological,0.153296,DesInventar
1999-09-09 00:00:00,1999,Hydrological,0.241736,DesInventar
1999-09-13 00:00:00,1999,Hydrological,5.516485,DesInventar
1999-09-16 00:00:00,1999,Hydrological,21.380552,DesInventar
1999-09-19 00:00:00,1999,Hydrological,1.81708,DesInventar
1999-09-22 00:00:00,1999,Hydrological,1.3183546594449447,DesInventar
1999-09-25 00:00:00,1999,Hydrological,0.918592,DesInventar
1999-09-28 00:00:00,1999,Hydrological,7.99488,DesInventar
1999-10-01 00:00:00,1999,Hydrological,0.465784,DesInventar
1999-10-04 00:00:00,1999,Hydrological,0.068392,DesInventar
1999-10-07 00:00:00,1999,Hydrological,0.05896,DesInventar
1999-10-11 00:00:00,1999,Hydrological,0.404718,DesInventar
1999-10-14 00:00:00,1999,Hydrological,0.540072,DesInventar
1999-10-17 00:00:00,1999,Hydrological,0.43984,DesInventar
1999-10-20 00:00:00,1999,Hydrological,0.423328,DesInventar
1999-10-23 00:00:00,1999,Hydrological,4.351248,DesInventar
1999-10-26 00:00:00,1999,Hydrological,0.465784,DesInventar
1999-10-30 00:00:00,1999,Hydrological,0.02948,DesInventar
1999-11-02 00:00:00,1999,Hydrological,0.070752,DesInventar
1999-11-05 00:00:00,1999,Hydrological,0.070752,DesInventar
1999-11-08 00:00:00,1999,Hydrological,0.17452,DesInventar
1999-11-13 00:00:00,1999,Hydrological,0.330176,DesInventar
1999-11-20 00:00:00,1999,Hydrological,0.11792,DesInventar
1999-11-30 00:00:00,1999,Hydrological,0.078611,DesInventar
1999-12-04 00:00:00,1999,Hydrological,1.287811,DesInventar
1999-12-08 00:00:00,1999,Hydrological,0.02948,DesInventar
1999-12-12 00:00:00,1999,Hydrological,0.060923,DesInventar
1999-12-20 00:00:00,1999,Hydrological,0.02948,DesInventar
1999-12-23 00:00:00,1999,Hydrological,0.005896,DesInventar
1999-06-17 00:00:00,1999,Meteorological,0.053064,DesInventar
1999-07-11 00:00:00,1999,Meteorological,1.629624,DesInventar
1999-07-21 00:00:00,1999,Meteorological,0.064856,DesInventar
1999-08-18 00:00:00,1999,Meteorological,0.005896,DesInventar
1999-08-25 00:00:00,1999,Meteorological,0.011792,DesInventar
1999-09-07 00:00:00,1999,Meteorological,0.237803,DesInventar
1999-09-30 00:00:00,1999,Meteorological,0.123816,DesInventar
1999-11-30 00:00:00,1999,Meteorological,0.255491,DesInventar
2000-04-13 00:00:00,2000,Climatological,0.935,DesInventar
2000-01-14 00:00:00,2000,Hydrological,2.376088,DesInventar
2000-04-15 00:00:00,2000,Hydrological,0.053064,DesInventar
2000-04-26 00:00:00,2000,Hydrological,0.005896,DesInventar
2000-05-01 00:00:00,2000,Hydrological,0.100232,DesInventar
2000-05-15 00:00:00,2000,Hydrological,0.005896,DesInventar
2000-05-19 00:00:00,2000,Hydrological,0.49644,DesInventar
2000-05-26 00:00:00,2000,Hydrological,0.165088,DesInventar
2000-05-30 00:00:00,2000,Hydrological,0.011792,DesInventar
2000-06-03 00:00:00,2000,Hydrological,0.035376,DesInventar
2000-06-06 00:00:00,2000,Hydrological,0.060923,DesInventar
2000-06-09 00:00:00,2000,Hydrological,0.005896,DesInventar
2000-06-13 00:00:00,2000,Hydrological,0.060923,DesInventar
2000-06-23 00:00:00,2000,Hydrological,0.41272,DesInventar
2000-06-26 00:00:00,2000,Hydrological,0.222864,DesInventar
2000-06-30 00:00:00,2000,Hydrological,2.169728,DesInventar
2000-07-18 00:00:00,2000,Hydrological,0.011792,DesInventar
2000-07-22 00:00:00,2000,Hydrological,0.005896,DesInventar
2000-08-03 00:00:00,2000,Hydrological,0.005896,DesInventar
2000-08-07 00:00:00,2000,Hydrological,0.05896,DesInventar
2000-08-13 00:00:00,2000,Hydrological,11.31076,DesInventar
2000-08-24 00:00:00,2000,Hydrological,0.076648,DesInventar
2000-08-27 00:00:00,2000,Hydrological,0.100232,DesInventar
2000-09-02 00:00:00,2000,Hydrological,0.336072,DesInventar
2000-09-05 00:00:00,2000,Hydrological,0.30968,DesInventar
2000-09-08 00:00:00,2000,Hydrological,2.837376,DesInventar
2000-09-11 00:00:00,2000,Hydrological,0.288904,DesInventar
2000-09-15 00:00:00,2000,Hydrological,0.374657,DesInventar
2000-09-18 00:00:00,2000,Hydrological,0.055027,DesInventar
2000-09-23 00:00:00,2000,Hydrological,0.23584,DesInventar
2000-09-28 00:00:00,2000,Hydrological,0.603355,DesInventar
2000-10-05 00:00:00,2000,Hydrological,0.023584,DesInventar
2000-10-09 00:00:00,2000,Hydrological,0.011792,DesInventar
2000-10-12 00:00:00,2000,Hydrological,0.005896,DesInventar
2000-10-22 00:00:00,2000,Hydrological,0.040921,DesInventar
2000-10-26 00:00:00,2000,Hydrological,0.005896,DesInventar
2000-11-02 00:00:00,2000,Hydrological,0.23584,DesInventar
2000-11-05 00:00:00,2000,Hydrological,0.02948,DesInventar
2000-11-12 00:00:00,2000,Hydrological,0.011792,DesInventar
2000-04-11 00:00:00,2000,Meteorological,0.005896,DesInventar
2000-07-14 00:00:00,2000,Meteorological,0.090403,DesInventar
2000-08-17 00:00:00,2000,Meteorological,0.005896,DesInventar
2000-08-25 00:00:00,2000,Meteorological,0.017688,DesInventar
2000-09-23 00:00:00,2000,Meteorological,0.005896,DesInventar
2000-10-12 00:00:00,2000,Meteorological,0.017688,DesInventar
2001-02-08 00:00:00,2001,Climatological,0.952688,DesInventar
2001-04-30 00:00:00,2001,Climatological,0.85,DesInventar
2001-01-26 00:00:00,2001,Hydrological,0.041272,DesInventar
2001-02-08 00:00:00,2001,Hydrological,0.005896,DesInventar
2001-02-11 00:00:00,2001,Hydrological,0.02948,DesInventar
2001-02-15 00:00:00,2001,Hydrological,0.005896,DesInventar
2001-03-22 00:00:00,2001,Hydrological,0.005896,DesInventar
2001-04-29 00:00:00,2001,Hydrological,7.005,DesInventar
2001-05-08 00:00:00,2001,Hydrological,0.021015,DesInventar
2001-05-15 00:00:00,2001,Hydrological,0.005896,DesInventar
2001-05-18 00:00:00,2001,Hydrological,0.011792,DesInventar
2001-05-21 00:00:00,2001,Hydrological,0.504894,DesInventar
2001-05-26 00:00:00,2001,Hydrological,0.200464,DesInventar
2001-05-30 00:00:00,2001,Hydrological,0.041272,DesInventar
2001-06-03 00:00:00,2001,Hydrological,0.017688,DesInventar
2001-06-06 00:00:00,2001,Hydrological,0.166264,DesInventar
2001-06-09 00:00:00,2001,Hydrological,0.005896,DesInventar
2001-06-15 00:00:00,2001,Hydrological,0.017688,DesInventar
2001-06-23 00:00:00,2001,Hydrological,0.026188,DesInventar
2001-06-27 00:00:00,2001,Hydrological,0.806899,DesInventar
2001-06-30 00:00:00,2001,Hydrological,0.4417,DesInventar
2001-07-04 00:00:00,2001,Hydrological,0.005896,DesInventar
2001-07-10 00:00:00,2001,Hydrological,0.062496,DesInventar
2001-07-14 00:00:00,2001,Hydrological,0.017688,DesInventar
2001-07-18 00:00:00,2001,Hydrological,0.01401,DesInventar
2001-08-15 00:00:00,2001,Hydrological,0.117976,DesInventar
2001-09-04 00:00:00,2001,Hydrological,0.035376,DesInventar
2001-09-07 00:00:00,2001,Hydrological,0.09614,DesInventar
2001-09-10 00:00:00,2001,Hydrological,0.05896,DesInventar
2001-09-14 00:00:00,2001,Hydrological,0.0566,DesInventar
2001-09-25 00:00:00,2001,Hydrological,0.005896,DesInventar
2001-09-28 00:00:00,2001,Hydrological,0.017688,DesInventar
2001-10-16 00:00:00,2001,Hydrological,0.548328,DesInventar
2001-10-19 00:00:00,2001,Hydrological,0.08608,DesInventar
2001-10-23 00:00:00,2001,Hydrological,0.017688,DesInventar
2001-10-31 00:00:00,2001,Hydrological,6.183832,DesInventar
2001-11-04 00:00:00,2001,Hydrological,0.0566,DesInventar
2001-11-17 00:00:00,2001,Hydrological,0.306592,DesInventar
2001-11-20 00:00:00,2001,Hydrological,0.011792,DesInventar
2001-11-27 00:00:00,2001,Hydrological,0.05896,DesInventar
2001-12-12 00:00:00,2001,Hydrological,0.424078,DesInventar
2001-12-15 00:00:00,2001,Hydrological,1.29712,DesInventar
2001-12-20 00:00:00,2001,Hydrological,0.05896,DesInventar
2001-02-04 00:00:00,2001,Meteorological,0.005896,DesInventar
2001-02-11 00:00:00,2001,Meteorological,0.023584,DesInventar
2001-07-07 00:00:00,2001,Meteorological,0.047168,DesInventar
2001-07-15 00:00:00,2001,Meteorological,0.08844,DesInventar
2001-09-04 00:00:00,2001,Meteorological,0.055027,DesInventar
2001-09-11 00:00:00,2001,Meteorological,0.023584,DesInventar
2001-10-01 00:00:00,2001,Meteorological,0.055027,DesInventar
2001-10-23 00:00:00,2001,Meteorological,0.02948,DesInventar
2002-07-30 00:00:00,2002,Geophysical,0.19456,DesInventar
2002-01-09 00:00:00,2002,Hydrological,0.607288,DesInventar
2002-05-05 00:00:00,2002,Hydrological,14.36302,DesInventar
2002-05-15 00:00:00,2002,Hydrological,0.091976,DesInventar
2002-05-20 00:00:00,2002,Hydrological,0.090403,DesInventar
2002-05-28 00:00:00,2002,Hydrological,0.165088,DesInventar
2002-06-01 00:00:00,2002,Hydrological,0.02948,DesInventar
2002-06-04 00:00:00,2002,Hydrological,0.094336,DesInventar
2002-06-08 00:00:00,2002,Hydrological,0.178446,DesInventar
2002-06-13 00:00:00,2002,Hydrological,0.011792,DesInventar
2002-07-03 00:00:00,2002,Hydrological,0.070752,DesInventar
2002-07-06 00:00:00,2002,Hydrological,0.076648,DesInventar
2002-07-10 00:00:00,2002,Hydrological,0.005896,DesInventar
2002-07-19 00:00:00,2002,Hydrological,0.017688,DesInventar
2002-07-22 00:00:00,2002,Hydrological,0.005896,DesInventar
2002-07-29 00:00:00,2002,Hydrological,0.017688,DesInventar
2002-08-14 00:00:00,2002,Hydrological,0.430408,DesInventar
2002-08-17 00:00:00,2002,Hydrological,0.017688,DesInventar
2002-08-20 00:00:00,2002,Hydrological,0.25824,DesInventar
2002-08-23 00:00:00,2002,Hydrological,0.023584,DesInventar
2002-08-26 00:00:00,2002,Hydrological,0.312488,DesInventar
2002-08-30 00:00:00,2002,Hydrological,0.893411,DesInventar
2002-09-05 00:00:00,2002,Hydrological,0.094336,DesInventar
2002-09-09 00:00:00,2002,Hydrological,0.02948,DesInventar
2002-09-20 00:00:00,2002,Hydrological,0.245272,DesInventar
2002-09-23 00:00:00,2002,Hydrological,0.023584,DesInventar
2002-10-08 00:00:00,2002,Hydrological,0.053064,DesInventar
2002-11-01 00:00:00,2002,Hydrological,0.017688,DesInventar
2002-11-11 00:00:00,2002,Hydrological,0.150936,DesInventar
2002-11-17 00:00:00,2002,Hydrological,0.100232,DesInventar
2002-11-24 00:00:00,2002,Hydrological,0.08372,DesInventar
2002-11-30 00:00:00,2002,Hydrological,8.414681,DesInventar
2002-12-04 00:00:00,2002,Hydrological,0.035217,DesInventar
2002-02-20 00:00:00,2002,Meteorological,0.011792,DesInventar
2002-03-05 00:00:00,2002,Meteorological,0.005896,DesInventar
2002-03-14 00:00:00,2002,Meteorological,0.011792,DesInventar
2002-05-23 00:00:00,2002,Meteorological,0.200464,DesInventar
2002-06-09 00:00:00,2002,Meteorological,0.017688,DesInventar
2002-06-23 00:00:00,2002,Meteorological,0.153296,DesInventar
2002-08-02 00:00:00,2002,Meteorological,0.08844,DesInventar
2002-08-11 00:00:00,2002,Meteorological,0.005896,DesInventar
2002-08-24 00:00:00,2002,Meteorological,0.005896,DesInventar
2002-09-06 00:00:00,2002,Meteorological,0.16963442152207994,DesInventar
2002-09-19 00:00:00,2002,Meteorological,0.08844,DesInventar
2003-12-25 00:00:00,2003,Geophysical,2.45775,DesInventar
2003-02-11 00:00:00,2003,Hydrological,0.005896,DesInventar
2003-03-15 00:00:00,2003,Hydrological,0.005896,DesInventar
2003-03-21 00:00:00,2003,Hydrological,0.011792,DesInventar
2003-03-24 00:00:00,2003,Hydrological,0.011792,DesInventar
2003-04-01 00:00:00,2003,Hydrological,0.290867,DesInventar
2003-04-22 00:00:00,2003,Hydrological,0.123816,DesInventar
2003-04-26 00:00:00,2003,Hydrological,0.084507,DesInventar
2003-04-30 00:00:00,2003,Hydrological,0.053064,DesInventar
2003-05-03 00:00:00,2003,Hydrological,0.066819,DesInventar
2003-05-16 00:00:00,2003,Hydrological,0.259424,DesInventar
2003-06-03 00:00:00,2003,Hydrological,0.400769,DesInventar
2003-06-06 00:00:00,2003,Hydrological,0.05896,DesInventar
2003-06-12 00:00:00,2003,Hydrological,0.180416,DesInventar
2003-06-15 00:00:00,2003,Hydrological,0.135608,DesInventar
2003-06-18 00:00:00,2003,Hydrological,0.681142,DesInventar
2003-06-22 00:00:00,2003,Hydrological,0.047168,DesInventar
2003-06-25 00:00:00,2003,Hydrological,0.372616,DesInventar
2003-06-29 00:00:00,2003,Hydrological,0.259424,DesInventar
2003-07-04 00:00:00,2003,Hydrological,1.0693368133551282,DesInventar
2003-07-12 00:00:00,2003,Hydrological,0.17216,DesInventar
2003-07-22 00:00:00,2003,Hydrological,0.011792,DesInventar
2003-07-25 00:00:00,2003,Hydrological,0.507056,DesInventar
2003-08-01 00:00:00,2003,Hydrological,1.004283,DesInventar
2003-08-22 00:00:00,2003,Hydrological,0.011792,DesInventar
2003-08-28 00:00:00,2003,Hydrological,0.005896,DesInventar
2003-08-31 00:00:00,2003,Hydrological,0.030589,DesInventar
2003-09-03 00:00:00,2003,Hydrological,0.076648,DesInventar
2003-09-06 00:00:00,2003,Hydrological,0.047168,DesInventar
2003-09-11 00:00:00,2003,Hydrological,0.060923,DesInventar
2003-09-15 00:00:00,2003,Hydrological,0.182776,DesInventar
2003-09-20 00:00:00,2003,Hydrological,0.064856,DesInventar
2003-09-24 00:00:00,2003,Hydrological,0.21386736267102566,DesInventar
2003-09-30 00:00:00,2003,Hydrological,0.076489,DesInventar
2003-10-03 00:00:00,2003,Hydrological,0.05896,DesInventar
2003-10-06 00:00:00,2003,Hydrological,0.812172,DesInventar
2003-10-09 00:00:00,2003,Hydrological,0.070752,DesInventar
2003-10-12 00:00:00,2003,Hydrological,0.156832,DesInventar
2003-10-15 00:00:00,2003,Hydrological,0.182776,DesInventar
2003-10-19 00:00:00,2003,Hydrological,0.566016,DesInventar
2003-10-22 00:00:00,2003,Hydrological,0.100232,DesInventar
2003-10-25 00:00:00,2003,Hydrological,0.077406,DesInventar
2003-10-29 00:00:00,2003,Hydrological,0.306592,DesInventar
2003-11-01 00:00:00,2003,Hydrological,0.23584,DesInventar
2003-11-04 00:00:00,2003,Hydrological,0.02948,DesInventar
2003-11-08 00:00:00,2003,Hydrological,0.005896,DesInventar
2003-11-12 00:00:00,2003,Hydrological,0.082544,DesInventar
2003-11-16 00:00:00,2003,Hydrological,0.100232,DesInventar
2003-11-23 00:00:00,2003,Hydrological,0.02948,DesInventar
2003-11-29 00:00:00,2003,Hydrological,0.32428,DesInventar
2003-12-10 00:00:00,2003,Hydrological,0.778272,DesInventar
2003-12-13 00:00:00,2003,Hydrological,0.123816,DesInventar
2003-12-22 00:00:00,2003,Hydrological,0.05896,DesInventar
2003-01-07 00:00:00,2003,Meteorological,0.005896,DesInventar
2003-03-25 00:00:00,2003,Meteorological,0.017688,DesInventar
2003-04-01 00:00:00,2003,Meteorological,0.035376,DesInventar
2003-05-01 00:00:00,2003,Meteorological,0.017688,DesInventar
2003-06-01 00:00:00,2003,Meteorological,0.041272,DesInventar
2003-08-16 00:00:00,2003,Meteorological,0.11792,DesInventar
2003-09-07 00:00:00,2003,Meteorological,0.005896,DesInventar
2003-10-08 00:00:00,2003,Meteorological,0.047168,DesInventar
2003-11-02 00:00:00,2003,Meteorological,0.005896,DesInventar
2003-11-29 00:00:00,2003,Meteorological,0.011792,DesInventar
2003-12-20 00:00:00,2003,Meteorological,0.011792,DesInventar
2004-02-13 00:00:00,2004,Climatological,0.097872,DesInventar
2004-10-17 00:00:00,2004,Climatological,0.237008,DesInventar
2004-11-20 00:00:00,2004,Geophysical,6.780031,DesInventar
2004-01-07 00:00:00,2004,Hydrological,0.04203,DesInventar
2004-01-22 00:00:00,2004,Hydrological,0.011792,DesInventar
2004-04-19 00:00:00,2004,Hydrological,0.076648,DesInventar
2004-04-24 00:00:00,2004,Hydrological,0.053064,DesInventar
2004-05-08 00:00:00,2004,Hydrological,0.178843,DesInventar
2004-05-11 00:00:00,2004,Hydrological,0.18458,DesInventar
2004-05-15 00:00:00,2004,Hydrological,0.416295,DesInventar
2004-05-19 00:00:00,2004,Hydrological,0.365552,DesInventar
2004-05-22 00:00:00,2004,Hydrological,0.669575,DesInventar
2004-05-25 00:00:00,2004,Hydrological,0.05896,DesInventar
2004-05-28 00:00:00,2004,Hydrological,0.017688,DesInventar
2004-06-01 00:00:00,2004,Hydrological,0.005896,DesInventar
2004-06-07 00:00:00,2004,Hydrological,0.005896,DesInventar
2004-06-10 00:00:00,2004,Hydrological,0.005896,DesInventar
2004-06-15 00:00:00,2004,Hydrological,0.080733,DesInventar
2004-06-24 00:00:00,2004,Hydrological,0.023584,DesInventar
2004-06-30 00:00:00,2004,Hydrological,0.02948,DesInventar
2004-07-05 00:00:00,2004,Hydrological,0.050704,DesInventar
2004-07-14 00:00:00,2004,Hydrological,0.306592,DesInventar
2004-07-23 00:00:00,2004,Hydrological,0.017688,DesInventar
2004-07-28 00:00:00,2004,Hydrological,0.064856,DesInventar
2004-08-01 00:00:00,2004,Hydrological,0.041272,DesInventar
2004-08-04 00:00:00,2004,Hydrological,1.1792,DesInventar
2004-08-14 00:00:00,2004,Hydrological,0.005896,DesInventar
2004-08-18 00:00:00,2004,Hydrological,0.106128,DesInventar
2004-08-23 00:00:00,2004,Hydrological,0.123816,DesInventar
2004-08-26 00:00:00,2004,Hydrological,0.005896,DesInventar
2004-08-29 00:00:00,2004,Hydrological,0.100232,DesInventar
2004-09-01 00:00:00,2004,Hydrological,0.483472,DesInventar
2004-09-04 00:00:00,2004,Hydrological,0.023584,DesInventar
2004-09-07 00:00:00,2004,Hydrological,0.713416,DesInventar
2004-09-11 00:00:00,2004,Hydrological,0.100232,DesInventar
2004-09-14 00:00:00,2004,Hydrological,0.300696,DesInventar
2004-09-17 00:00:00,2004,Hydrological,0.14504,DesInventar
2004-09-20 00:00:00,2004,Hydrological,0.251168,DesInventar
2004-09-24 00:00:00,2004,Hydrological,0.035376,DesInventar
2004-09-27 00:00:00,2004,Hydrological,0.26532,DesInventar
2004-09-30 00:00:00,2004,Hydrological,0.571837,DesInventar
2004-10-04 00:00:00,2004,Hydrological,0.159192,DesInventar
2004-10-08 00:00:00,2004,Hydrological,0.112024,DesInventar
2004-10-11 00:00:00,2004,Hydrological,0.359656,DesInventar
2004-10-15 00:00:00,2004,Hydrological,0.023584,DesInventar
2004-10-19 00:00:00,2004,Hydrological,1.220472,DesInventar
2004-10-22 00:00:00,2004,Hydrological,0.329779,DesInventar
2004-10-26 00:00:00,2004,Hydrological,0.209687,DesInventar
2004-10-29 00:00:00,2004,Hydrological,0.188672,DesInventar
2004-11-01 00:00:00,2004,Hydrological,0.135608,DesInventar
2004-11-04 00:00:00,2004,Hydrological,0.253528,DesInventar
2004-11-07 00:00:00,2004,Hydrological,0.484031,DesInventar
2004-11-10 00:00:00,2004,Hydrological,0.011792,DesInventar
2004-11-20 00:00:00,2004,Hydrological,104.7948,DesInventar
2004-12-07 00:00:00,2004,Hydrological,0.041272,DesInventar
2004-12-11 00:00:00,2004,Hydrological,0.011792,DesInventar
2004-12-17 00:00:00,2004,Hydrological,0.005896,DesInventar
2004-12-20 00:00:00,2004,Hydrological,0.094336,DesInventar
2004-12-28 00:00:00,2004,Hydrological,0.011792,DesInventar
2004-01-01 00:00:00,2004,Meteorological,0.017688,DesInventar
2004-01-10 00:00:00,2004,Meteorological,0.005896,DesInventar
2004-01-19 00:00:00,2004,Meteorological,0.005896,DesInventar
2004-02-06 00:00:00,2004,Meteorological,0.005896,DesInventar
2004-05-28 00:00:00,2004,Meteorological,0.005896,DesInventar
2004-06-13 00:00:00,2004,Meteorological,0.035376,DesInventar
2004-07-23 00:00:00,2004,Meteorological,0.017688,DesInventar
2004-08-03 00:00:00,2004,Meteorological,0.011792,DesInventar
2004-08-14 00:00:00,2004,Meteorological,0.017688,DesInventar
2004-08-31 00:00:00,2004,Meteorological,0.005896,DesInventar
2004-09-13 00:00:00,2004,Meteorological,0.02948,DesInventar
2004-10-02 00:00:00,2004,Meteorological,0.017688,DesInventar
2004-10-23 00:00:00,2004,Meteorological,0.005896,DesInventar
2005-01-07 00:00:00,2005,Hydrological,198.0151193547158,DesInventar
2005-01-10 00:00:00,2005,Hydrological,0.953968,DesInventar
2005-01-16 00:00:00,2005,Hydrological,1.109877,DesInventar
2005-01-19 00:00:00,2005,Hydrological,0.11792,DesInventar
2005-01-23 00:00:00,2005,Hydrological,0.005896,DesInventar
2005-01-27 00:00:00,2005,Hydrological,0.02948,DesInventar
2005-01-30 00:00:00,2005,Hydrological,0.005896,DesInventar
2005-03-03 00:00:00,2005,Hydrological,0.047168,DesInventar
2005-03-17 00:00:00,2005,Hydrological,0.005896,DesInventar
2005-03-22 00:00:00,2005,Hydrological,0.02948,DesInventar
2005-03-25 00:00:00,2005,Hydrological,0.005896,DesInventar
2005-03-28 00:00:00,2005,Hydrological,0.067074,DesInventar
2005-04-07 00:00:00,2005,Hydrological,0.011792,DesInventar
2005-04-17 00:00:00,2005,Hydrological,4.244272,DesInventar
2005-04-23 00:00:00,2005,Hydrological,0.017688,DesInventar
2005-04-27 00:00:00,2005,Hydrological,0.005896,DesInventar
2005-05-03 00:00:00,2005,Hydrological,0.053064,DesInventar
2005-05-08 00:00:00,2005,Hydrological,0.05896,DesInventar
2005-05-11 00:00:00,2005,Hydrological,0.078611,DesInventar
2005-05-15 00:00:00,2005,Hydrological,0.035376,DesInventar
2005-05-18 00:00:00,2005,Hydrological,0.005896,DesInventar
2005-05-23 00:00:00,2005,Hydrological,0.050704,DesInventar
2005-05-27 00:00:00,2005,Hydrological,0.005896,DesInventar
2005-05-31 00:00:00,2005,Hydrological,0.05896,DesInventar
2005-06-03 00:00:00,2005,Hydrological,0.275652,DesInventar
2005-06-07 00:00:00,2005,Hydrological,0.161155,DesInventar
2005-06-10 00:00:00,2005,Hydrological,0.035376,DesInventar
2005-06-13 00:00:00,2005,Hydrological,0.100232,DesInventar
2005-06-17 00:00:00,2005,Hydrological,0.241736,DesInventar
2005-06-21 00:00:00,2005,Hydrological,0.005896,DesInventar
2005-06-24 00:00:00,2005,Hydrological,0.96505,DesInventar
2005-06-27 00:00:00,2005,Hydrological,0.330176,DesInventar
2005-07-01 00:00:00,2005,Hydrological,0.076648,DesInventar
2005-07-04 00:00:00,2005,Hydrological,0.005896,DesInventar
2005-07-08 00:00:00,2005,Hydrological,0.764112,DesInventar
2005-07-11 00:00:00,2005,Hydrological,0.345504,DesInventar
2005-07-14 00:00:00,2005,Hydrological,0.053064,DesInventar
2005-07-18 00:00:00,2005,Hydrological,0.725208,DesInventar
2005-07-21 00:00:00,2005,Hydrological,0.084507,DesInventar
2005-07-24 00:00:00,2005,Hydrological,0.035376,DesInventar
2005-08-02 00:00:00,2005,Hydrological,0.047168,DesInventar
2005-08-11 00:00:00,2005,Hydrological,0.180416,DesInventar
2005-08-14 00:00:00,2005,Hydrological,0.017688,DesInventar
2005-08-17 00:00:00,2005,Hydrological,0.359656,DesInventar
2005-08-23 00:00:00,2005,Hydrological,0.251558,DesInventar
2005-08-26 00:00:00,2005,Hydrological,0.165088,DesInventar
2005-08-29 00:00:00,2005,Hydrological,0.008406,DesInventar
2005-09-01 00:00:00,2005,Hydrological,0.070752,DesInventar
2005-09-04 00:00:00,2005,Hydrological,0.047168,DesInventar
2005-09-19 00:00:00,2005,Hydrological,0.583979,DesInventar
2005-09-22 00:00:00,2005,Hydrological,4.399318,DesInventar
2005-09-25 00:00:00,2005,Hydrological,3.001111,DesInventar
2005-09-28 00:00:00,2005,Hydrological,0.283008,DesInventar
2005-10-01 00:00:00,2005,Hydrological,0.790623,DesInventar
2005-10-04 00:00:00,2005,Hydrological,0.289463,DesInventar
2005-10-08 00:00:00,2005,Hydrological,0.573596,DesInventar
2005-10-11 00:00:00,2005,Hydrological,1.792384,DesInventar
2005-10-14 00:00:00,2005,Hydrological,0.362744,DesInventar
2005-10-19 00:00:00,2005,Hydrological,0.601392,DesInventar
2005-10-22 00:00:00,2005,Hydrological,0.554224,DesInventar
2005-10-25 00:00:00,2005,Hydrological,0.074288,DesInventar
2005-10-30 00:00:00,2005,Hydrological,0.011792,DesInventar
2005-11-03 00:00:00,2005,Hydrological,0.100232,DesInventar
2005-11-08 00:00:00,2005,Hydrological,0.011792,DesInventar
2005-11-11 00:00:00,2005,Hydrological,0.159192,DesInventar
2005-11-16 00:00:00,2005,Hydrological,0.775306,DesInventar
2005-11-19 00:00:00,2005,Hydrological,0.05896,DesInventar
2005-12-01 00:00:00,2005,Hydrological,0.005896,DesInventar
2005-12-13 00:00:00,2005,Hydrological,0.11792,DesInventar
2005-12-26 00:00:00,2005,Hydrological,0.104944,DesInventar
2005-01-17 00:00:00,2005,Meteorological,0.005896,DesInventar
2005-02-19 00:00:00,2005,Meteorological,0.005896,DesInventar
2005-02-28 00:00:00,2005,Meteorological,0.055027,DesInventar
2005-04-23 00:00:00,2005,Meteorological,0.017688,DesInventar
2005-05-26 00:00:00,2005,Meteorological,0.005896,DesInventar
2005-06-09 00:00:00,2005,Meteorological,0.055027,DesInventar
2005-07-02 00:00:00,2005,Meteorological,0.023584,DesInventar
2005-08-11 00:00:00,2005,Meteorological,0.182776,DesInventar
2005-08-24 00:00:00,2005,Meteorological,0.005896,DesInventar
2005-08-30 00:00:00,2005,Meteorological,0.005896,DesInventar
2005-09-08 00:00:00,2005,Meteorological,0.005896,DesInventar
2005-10-10 00:00:00,2005,Meteorological,0.076648,DesInventar
2005-12-05 00:00:00,2005,Meteorological,0.005896,DesInventar
2006-01-04 00:00:00,2006,Hydrological,0.011792,DesInventar
2006-01-15 00:00:00,2006,Hydrological,0.49919,DesInventar
2006-01-28 00:00:00,2006,Hydrological,0.023584,DesInventar
2006-01-31 00:00:00,2006,Hydrological,0.02948,DesInventar
2006-03-29 00:00:00,2006,Hydrological,0.129712,DesInventar
2006-04-01 00:00:00,2006,Hydrological,0.005896,DesInventar
2006-04-20 00:00:00,2006,Hydrological,0.017688,DesInventar
2006-04-26 00:00:00,2006,Hydrological,0.011792,DesInventar
2006-05-08 00:00:00,2006,Hydrological,0.033016,DesInventar
2006-05-11 00:00:00,2006,Hydrological,0.212256,DesInventar
2006-05-16 00:00:00,2006,Hydrological,0.005896,DesInventar
2006-05-23 00:00:00,2006,Hydrological,0.005896,DesInventar
2006-06-03 00:00:00,2006,Hydrological,0.267283,DesInventar
2006-06-06 00:00:00,2006,Hydrological,0.017688,DesInventar
2006-06-09 00:00:00,2006,Hydrological,0.660352,DesInventar
2006-06-12 00:00:00,2006,Hydrological,0.119883,DesInventar
2006-06-16 00:00:00,2006,Hydrological,0.005896,DesInventar
2006-06-24 00:00:00,2006,Hydrological,0.23348,DesInventar
2006-06-28 00:00:00,2006,Hydrological,0.143467,DesInventar
2006-07-01 00:00:00,2006,Hydrological,0.035376,DesInventar
2006-07-09 00:00:00,2006,Hydrological,0.11792,DesInventar
2006-07-13 00:00:00,2006,Hydrological,0.05896,DesInventar
2006-07-17 00:00:00,2006,Hydrological,0.17688,DesInventar
2006-07-20 00:00:00,2006,Hydrological,0.047168,DesInventar
2006-07-27 00:00:00,2006,Hydrological,0.241736,DesInventar
2006-07-30 00:00:00,2006,Hydrological,0.005896,DesInventar
2006-08-07 00:00:00,2006,Hydrological,0.011792,DesInventar
2006-08-10 00:00:00,2006,Hydrological,0.023584,DesInventar
2006-08-17 00:00:00,2006,Hydrological,0.070752,DesInventar
2006-08-20 00:00:00,2006,Hydrological,0.005896,DesInventar
2006-08-24 00:00:00,2006,Hydrological,0.159192,DesInventar
2006-08-27 00:00:00,2006,Hydrological,0.011792,DesInventar
2006-08-30 00:00:00,2006,Hydrological,0.306592,DesInventar
2006-09-02 00:00:00,2006,Hydrological,0.106128,DesInventar
2006-09-06 00:00:00,2006,Hydrological,0.562083,DesInventar
2006-09-09 00:00:00,2006,Hydrological,0.229944,DesInventar
2006-09-12 00:00:00,2006,Hydrological,0.035376,DesInventar
2006-09-15 00:00:00,2006,Hydrological,0.041272,DesInventar
2006-09-18 00:00:00,2006,Hydrological,3.124866,DesInventar
2006-09-21 00:00:00,2006,Hydrological,0.100232,DesInventar
2006-09-25 00:00:00,2006,Hydrological,0.05896,DesInventar
2006-09-29 00:00:00,2006,Hydrological,0.005896,DesInventar
2006-10-05 00:00:00,2006,Hydrological,0.047168,DesInventar
2006-10-10 00:00:00,2006,Hydrological,0.005896,DesInventar
2006-10-15 00:00:00,2006,Hydrological,0.220115,DesInventar
2006-10-18 00:00:00,2006,Hydrological,0.106128,DesInventar
2006-10-21 00:00:00,2006,Hydrological,0.135608,DesInventar
2006-10-28 00:00:00,2006,Hydrological,0.070752,DesInventar
2006-11-01 00:00:00,2006,Hydrological,0.005896,DesInventar
2006-11-07 00:00:00,2006,Hydrological,0.112024,DesInventar
2006-11-11 00:00:00,2006,Hydrological,0.047168,DesInventar
2006-11-16 00:00:00,2006,Hydrological,0.08844,DesInventar
2006-11-29 00:00:00,2006,Hydrological,0.08844,DesInventar
2006-12-12 00:00:00,2006,Hydrological,0.023584,DesInventar
2006-12-28 00:00:00,2006,Hydrological,0.11792,DesInventar
2006-06-25 00:00:00,2006,Meteorological,0.005896,DesInventar
2006-07-13 00:00:00,2006,Meteorological,0.005896,DesInventar
2006-07-23 00:00:00,2006,Meteorological,0.017688,DesInventar
2006-11-21 00:00:00,2006,Meteorological,0.005896,DesInventar
2007-01-03 00:00:00,2007,Hydrological,0.005896,DesInventar
2007-01-06 00:00:00,2007,Hydrological,0.005896,DesInventar
2007-01-16 00:00:00,2007,Hydrological,0.02948,DesInventar
2007-03-05 00:00:00,2007,Hydrological,0.005896,DesInventar
2007-03-11 00:00:00,2007,Hydrological,0.005896,DesInventar
2007-03-16 00:00:00,2007,Hydrological,0.175476,DesInventar
2007-03-29 00:00:00,2007,Hydrological,0.017688,DesInventar
2007-04-10 00:00:00,2007,Hydrological,0.023584,DesInventar
2007-04-20 00:00:00,2007,Hydrological,0.151892,DesInventar
2007-04-25 00:00:00,2007,Hydrological,0.02948,DesInventar
2007-04-28 00:00:00,2007,Hydrological,0.033016,DesInventar
2007-05-01 00:00:00,2007,Hydrological,0.005896,DesInventar
2007-05-05 00:00:00,2007,Hydrological,0.154472,DesInventar
2007-05-09 00:00:00,2007,Hydrological,1.063077,DesInventar
2007-05-12 00:00:00,2007,Hydrological,0.35376,DesInventar
2007-05-15 00:00:00,2007,Hydrological,0.312488,DesInventar
2007-05-18 00:00:00,2007,Hydrological,0.490934,DesInventar
2007-05-21 00:00:00,2007,Hydrological,0.367515,DesInventar
2007-05-24 00:00:00,2007,Hydrological,0.047168,DesInventar
2007-05-28 00:00:00,2007,Hydrological,0.223651,DesInventar
2007-05-31 00:00:00,2007,Hydrological,0.041272,DesInventar
2007-06-03 00:00:00,2007,Hydrological,0.082544,DesInventar
2007-06-06 00:00:00,2007,Hydrological,0.08844,DesInventar
2007-06-09 00:00:00,2007,Hydrological,0.2948,DesInventar
2007-06-12 00:00:00,2007,Hydrological,7.234392,DesInventar
2007-06-15 00:00:00,2007,Hydrological,1.998744,DesInventar
2007-06-18 00:00:00,2007,Hydrological,0.017688,DesInventar
2007-06-21 00:00:00,2007,Hydrological,0.194568,DesInventar
2007-06-27 00:00:00,2007,Hydrological,1.043592,DesInventar
2007-07-01 00:00:00,2007,Hydrological,0.035376,DesInventar
2007-07-04 00:00:00,2007,Hydrological,0.748792,DesInventar
2007-07-07 00:00:00,2007,Hydrological,0.406824,DesInventar
2007-07-10 00:00:00,2007,Hydrological,0.64856,DesInventar
2007-07-13 00:00:00,2007,Hydrological,0.583704,DesInventar
2007-07-17 00:00:00,2007,Hydrological,0.090403,DesInventar
2007-07-20 00:00:00,2007,Hydrological,0.035376,DesInventar
2007-07-23 00:00:00,2007,Hydrological,0.656419,DesInventar
2007-07-26 00:00:00,2007,Hydrological,0.041272,DesInventar
2007-07-29 00:00:00,2007,Hydrological,0.035376,DesInventar
2007-08-01 00:00:00,2007,Hydrological,0.017688,DesInventar
2007-08-05 00:00:00,2007,Hydrological,0.4422,DesInventar
2007-08-08 00:00:00,2007,Hydrological,0.395032,DesInventar
2007-08-11 00:00:00,2007,Hydrological,0.64856,DesInventar
2007-08-14 00:00:00,2007,Hydrological,0.053064,DesInventar
2007-08-18 00:00:00,2007,Hydrological,0.4422,DesInventar
2007-08-21 00:00:00,2007,Hydrological,0.476172,DesInventar
2007-08-24 00:00:00,2007,Hydrological,0.137571,DesInventar
2007-08-27 00:00:00,2007,Hydrological,1.900062,DesInventar
2007-08-30 00:00:00,2007,Hydrological,1.947635,DesInventar
2007-09-03 00:00:00,2007,Hydrological,0.728744,DesInventar
2007-09-06 00:00:00,2007,Hydrological,0.094336,DesInventar
2007-09-09 00:00:00,2007,Hydrological,0.558936,DesInventar
2007-09-12 00:00:00,2007,Hydrological,0.100232,DesInventar
2007-09-16 00:00:00,2007,Hydrological,0.279075,DesInventar
2007-09-19 00:00:00,2007,Hydrological,1.45903,DesInventar
2007-09-22 00:00:00,2007,Hydrological,0.937464,DesInventar
2007-09-25 00:00:00,2007,Hydrological,0.035376,DesInventar
2007-09-28 00:00:00,2007,Hydrological,0.243699,DesInventar
2007-10-01 00:00:00,2007,Hydrological,5.019784,DesInventar
2007-10-04 00:00:00,2007,Hydrological,0.245272,DesInventar
2007-10-07 00:00:00,2007,Hydrological,0.094336,DesInventar
2007-10-10 00:00:00,2007,Hydrological,110.925364,DesInventar
2007-10-13 00:00:00,2007,Hydrological,0.135608,DesInventar
2007-10-16 00:00:00,2007,Hydrological,0.212256,DesInventar
2007-10-19 00:00:00,2007,Hydrological,0.05896,DesInventar
2007-10-24 00:00:00,2007,Hydrological,0.218152,DesInventar
2007-10-27 00:00:00,2007,Hydrological,0.153296,DesInventar
2007-10-30 00:00:00,2007,Hydrological,0.064856,DesInventar
2007-11-02 00:00:00,2007,Hydrological,0.005896,DesInventar
2007-11-05 00:00:00,2007,Hydrological,0.235443,DesInventar
2007-11-08 00:00:00,2007,Hydrological,5.551404,DesInventar
2007-11-12 00:00:00,2007,Hydrological,0.31484,DesInventar
2007-11-16 00:00:00,2007,Hydrological,0.070752,DesInventar
2007-11-19 00:00:00,2007,Hydrological,0.017688,DesInventar
2007-12-03 00:00:00,2007,Hydrological,0.011792,DesInventar
2007-12-24 00:00:00,2007,Hydrological,0.618921,DesInventar
2007-12-29 00:00:00,2007,Hydrological,0.011792,DesInventar
2007-01-03 00:00:00,2007,Meteorological,0.011792,DesInventar
2007-01-17 00:00:00,2007,Meteorological,0.005896,DesInventar
2007-02-06 00:00:00,2007,Meteorological,0.017688,DesInventar
2007-02-16 00:00:00,2007,Meteorological,0.005896,DesInventar
2007-03-02 00:00:00,2007,Meteorological,0.005896,DesInventar
2007-03-08 00:00:00,2007,Meteorological,0.005896,DesInventar
2007-04-17 00:00:00,2007,Meteorological,0.005896,DesInventar
2007-05-12 00:00:00,2007,Meteorological,0.494064,DesInventar
2007-06-13 00:00:00,2007,Meteorological,1.986952,DesInventar
2007-06-21 00:00:00,2007,Meteorological,0.320347,DesInventar
2007-07-02 00:00:00,2007,Meteorological,0.005896,DesInventar
2007-07-15 00:00:00,2007,Meteorological,0.005896,DesInventar
2007-07-24 00:00:00,2007,Meteorological,0.101293,DesInventar
2007-08-09 00:00:00,2007,Meteorological,0.064856,DesInventar
2007-08-23 00:00:00,2007,Meteorological,0.08844,DesInventar
2007-08-31 00:00:00,2007,Meteorological,0.02948,DesInventar
2007-09-07 00:00:00,2007,Meteorological,0.011792,DesInventar
2007-09-20 00:00:00,2007,Meteorological,0.023584,DesInventar
2007-10-01 00:00:00,2007,Meteorological,0.08844,DesInventar
2007-12-20 00:00:00,2007,Meteorological,0.011792,DesInventar
2008-01-15 00:00:00,2008,Climatological,0.158548,DesInventar
2008-02-02 00:00:00,2008,Climatological,0.507032,DesInventar
2008-02-18 00:00:00,2008,Climatological,0.082924,DesInventar
2008-03-06 00:00:00,2008,Climatological,0.209888,DesInventar
2008-03-26 00:00:00,2008,Climatological,1.448848,DesInventar
2008-04-11 00:00:00,2008,Climatological,0.1132,DesInventar
2008-05-26 00:00:00,2008,Climatological,0.023584,DesInventar
2008-06-30 00:00:00,2008,Climatological,0.047168,DesInventar
2008-08-02 00:00:00,2008,Climatological,0.02948,DesInventar
2008-09-03 00:00:00,2008,Climatological,0.038912,DesInventar
2008-09-22 00:00:00,2008,Climatological,0.005896,DesInventar
2008-11-05 00:00:00,2008,Climatological,0.023584,DesInventar
2008-04-03 00:00:00,2008,Geophysical,0.005896,DesInventar
2008-05-26 00:00:00,2008,Geophysical,0.952205,DesInventar
2008-11-19 00:00:00,2008,Geophysical,0.173336,DesInventar
2008-01-03 00:00:00,2008,Hydrological,0.041272,DesInventar
2008-01-06 00:00:00,2008,Hydrological,0.26532,DesInventar
2008-01-15 00:00:00,2008,Hydrological,0.005896,DesInventar
2008-01-23 00:00:00,2008,Hydrological,0.017688,DesInventar
2008-01-28 00:00:00,2008,Hydrological,0.017688,DesInventar
2008-02-18 00:00:00,2008,Hydrological,0.017688,DesInventar
2008-02-25 00:00:00,2008,Hydrological,0.023584,DesInventar
2008-03-14 00:00:00,2008,Hydrological,0.074288,DesInventar
2008-03-17 00:00:00,2008,Hydrological,0.005896,DesInventar
2008-04-03 00:00:00,2008,Hydrological,0.08844,DesInventar
2008-04-06 00:00:00,2008,Hydrological,0.017688,DesInventar
2008-04-11 00:00:00,2008,Hydrological,0.02948,DesInventar
2008-04-14 00:00:00,2008,Hydrological,0.011792,DesInventar
2008-04-21 00:00:00,2008,Hydrological,0.041272,DesInventar
2008-05-01 00:00:00,2008,Hydrological,0.103768,DesInventar
2008-05-10 00:00:00,2008,Hydrological,0.076489,DesInventar
2008-05-17 00:00:00,2008,Hydrological,0.1474,DesInventar
2008-05-21 00:00:00,2008,Hydrological,0.593526,DesInventar
2008-05-24 00:00:00,2008,Hydrological,0.183952,DesInventar
2008-05-27 00:00:00,2008,Hydrological,6.455896,DesInventar
2008-05-30 00:00:00,2008,Hydrological,0.213432,DesInventar
2008-06-02 00:00:00,2008,Hydrological,1.759168,DesInventar
2008-06-05 00:00:00,2008,Hydrological,0.222446,DesInventar
2008-06-08 00:00:00,2008,Hydrological,0.576227,DesInventar
2008-06-11 00:00:00,2008,Hydrological,0.005896,DesInventar
2008-06-14 00:00:00,2008,Hydrological,0.041272,DesInventar
2008-06-17 00:00:00,2008,Hydrological,0.196531,DesInventar
2008-06-22 00:00:00,2008,Hydrological,0.05896,DesInventar
2008-06-25 00:00:00,2008,Hydrological,0.468136,DesInventar
2008-06-28 00:00:00,2008,Hydrological,0.224048,DesInventar
2008-07-01 00:00:00,2008,Hydrological,0.123657,DesInventar
2008-07-05 00:00:00,2008,Hydrological,0.05896,DesInventar
2008-07-10 00:00:00,2008,Hydrological,0.08372,DesInventar
2008-07-13 00:00:00,2008,Hydrological,0.005896,DesInventar
2008-07-18 00:00:00,2008,Hydrological,0.066032,DesInventar
2008-07-21 00:00:00,2008,Hydrological,0.212249,DesInventar
2008-07-24 00:00:00,2008,Hydrological,0.038912,DesInventar
2008-07-30 00:00:00,2008,Hydrological,0.023584,DesInventar
2008-08-04 00:00:00,2008,Hydrological,0.11556,DesInventar
2008-08-07 00:00:00,2008,Hydrological,0.156832,DesInventar
2008-08-12 00:00:00,2008,Hydrological,0.242515,DesInventar
2008-08-15 00:00:00,2008,Hydrological,0.159192,DesInventar
2008-08-18 00:00:00,2008,Hydrological,0.613346,DesInventar
2008-08-23 00:00:00,2008,Hydrological,0.271216,DesInventar
2008-08-26 00:00:00,2008,Hydrological,0.097872,DesInventar
2008-08-29 00:00:00,2008,Hydrological,7.548608,DesInventar
2008-09-01 00:00:00,2008,Hydrological,0.510592,DesInventar
2008-09-04 00:00:00,2008,Hydrological,0.540072,DesInventar
2008-09-07 00:00:00,2008,Hydrological,0.209896,DesInventar
2008-09-10 00:00:00,2008,Hydrological,0.388739,DesInventar
2008-09-13 00:00:00,2008,Hydrological,0.035376,DesInventar
2008-09-21 00:00:00,2008,Hydrological,0.218152,DesInventar
2008-09-24 00:00:00,2008,Hydrological,0.797923,DesInventar
2008-09-27 00:00:00,2008,Hydrological,0.282611,DesInventar
2008-09-30 00:00:00,2008,Hydrological,2.191731,DesInventar
2008-10-03 00:00:00,2008,Hydrological,0.985808,DesInventar
2008-10-06 00:00:00,2008,Hydrological,0.076648,DesInventar
2008-10-09 00:00:00,2008,Hydrological,0.32428,DesInventar
2008-10-12 00:00:00,2008,Hydrological,1.571865,DesInventar
2008-10-15 00:00:00,2008,Hydrological,0.959864,DesInventar
2008-10-18 00:00:00,2008,Hydrological,0.594312,DesInventar
2008-10-21 00:00:00,2008,Hydrological,0.293616,DesInventar
2008-10-24 00:00:00,2008,Hydrological,0.05896,DesInventar
2008-11-01 00:00:00,2008,Hydrological,0.093939,DesInventar
2008-11-06 00:00:00,2008,Hydrological,0.05896,DesInventar
2008-11-15 00:00:00,2008,Hydrological,0.005896,DesInventar
2008-11-21 00:00:00,2008,Hydrological,0.259424,DesInventar
2008-11-24 00:00:00,2008,Hydrological,0.005896,DesInventar
2008-11-30 00:00:00,2008,Hydrological,0.235832,DesInventar
2008-12-03 00:00:00,2008,Hydrological,0.011792,DesInventar
2008-12-06 00:00:00,2008,Hydrological,0.005896,DesInventar
2008-12-20 00:00:00,2008,Hydrological,0.023584,DesInventar
2008-01-02 00:00:00,2008,Meteorological,0.208323,DesInventar
2008-01-29 00:00:00,2008,Meteorological,0.005896,DesInventar
2008-02-12 00:00:00,2008,Meteorological,0.060923,DesInventar
2008-03-11 00:00:00,2008,Meteorological,0.011792,DesInventar
2008-03-22 00:00:00,2008,Meteorological,0.035376,DesInventar
2008-04-04 00:00:00,2008,Meteorological,0.017688,DesInventar
2008-04-12 00:00:00,2008,Meteorological,0.005896,DesInventar
2008-05-09 00:00:00,2008,Meteorological,0.005896,DesInventar
2008-05-29 00:00:00,2008,Meteorological,0.062496,DesInventar
2008-06-15 00:00:00,2008,Meteorological,0.066819,DesInventar
2008-07-20 00:00:00,2008,Meteorological,0.070752,DesInventar
2008-08-18 00:00:00,2008,Meteorological,0.033016,DesInventar
2008-08-25 00:00:00,2008,Meteorological,0.035376,DesInventar
2008-09-08 00:00:00,2008,Meteorological,0.20164,DesInventar
2008-09-26 00:00:00,2008,Meteorological,0.023584,DesInventar
2008-10-08 00:00:00,2008,Meteorological,0.011792,DesInventar
2008-10-19 00:00:00,2008,Meteorological,0.017688,DesInventar
2008-11-19 00:00:00,2008,Meteorological,0.141504,DesInventar
2008-11-25 00:00:00,2008,Meteorological,0.005896,DesInventar
2009-01-08 00:00:00,2009,Geophysical,681.89357539,DesInventar
2009-03-11 00:00:00,2009,Geophysical,0.041113,DesInventar
2009-01-08 00:00:00,2009,Hydrological,2.685302,DesInventar
2009-01-13 00:00:00,2009,Hydrological,0.005896,DesInventar
2009-02-04 00:00:00,2009,Hydrological,1.668568,DesInventar
2009-02-16 00:00:00,2009,Hydrological,0.005896,DesInventar
2009-02-27 00:00:00,2009,Hydrological,0.005896,DesInventar
2009-03-23 00:00:00,2009,Hydrological,0.005896,DesInventar
2009-03-31 00:00:00,2009,Hydrological,0.005896,DesInventar
2009-04-16 00:00:00,2009,Hydrological,0.005896,DesInventar
2009-05-04 00:00:00,2009,Hydrological,0.02948,DesInventar
2009-05-08 00:00:00,2009,Hydrological,0.005896,DesInventar
2009-05-11 00:00:00,2009,Hydrological,0.094336,DesInventar
2009-05-18 00:00:00,2009,Hydrological,0.023584,DesInventar
2009-05-21 00:00:00,2009,Hydrological,0.005896,DesInventar
2009-05-25 00:00:00,2009,Hydrological,0.178843,DesInventar
2009-05-28 00:00:00,2009,Hydrological,0.076648,DesInventar
2009-06-01 00:00:00,2009,Hydrological,0.005896,DesInventar
2009-06-05 00:00:00,2009,Hydrological,0.023584,DesInventar
2009-06-09 00:00:00,2009,Hydrological,2.148668,DesInventar
2009-06-13 00:00:00,2009,Hydrological,0.005896,DesInventar
2009-06-16 00:00:00,2009,Hydrological,0.005896,DesInventar
2009-06-19 00:00:00,2009,Hydrological,0.017688,DesInventar
2009-06-25 00:00:00,2009,Hydrological,0.017688,DesInventar
2009-06-29 00:00:00,2009,Hydrological,0.02948,DesInventar
2009-07-08 00:00:00,2009,Hydrological,0.05896,DesInventar
2009-07-18 00:00:00,2009,Hydrological,0.135608,DesInventar
2009-07-21 00:00:00,2009,Hydrological,0.05896,DesInventar
2009-08-07 00:00:00,2009,Hydrological,0.011792,DesInventar
2009-08-15 00:00:00,2009,Hydrological,0.02948,DesInventar
2009-08-19 00:00:00,2009,Hydrological,0.129712,DesInventar
2009-08-22 00:00:00,2009,Hydrological,0.011792,DesInventar
2009-09-04 00:00:00,2009,Hydrological,0.041272,DesInventar
2009-09-10 00:00:00,2009,Hydrological,0.041272,DesInventar
2009-09-19 00:00:00,2009,Hydrological,0.035376,DesInventar
2009-09-22 00:00:00,2009,Hydrological,0.060923,DesInventar
2009-09-28 00:00:00,2009,Hydrological,0.011792,DesInventar
2009-10-04 00:00:00,2009,Hydrological,0.082544,DesInventar
2009-10-09 00:00:00,2009,Hydrological,0.08844,DesInventar
2009-10-14 00:00:00,2009,Hydrological,0.017688,DesInventar
2009-10-18 00:00:00,2009,Hydrological,0.61908,DesInventar
2009-10-21 00:00:00,2009,Hydrological,0.05896,DesInventar
2009-10-25 00:00:00,2009,Hydrological,0.135608,DesInventar
2009-10-29 00:00:00,2009,Hydrological,0.053064,DesInventar
2009-11-01 00:00:00,2009,Hydrological,0.200464,DesInventar
2009-11-04 00:00:00,2009,Hydrological,0.153296,DesInventar
2009-11-07 00:00:00,2009,Hydrological,0.070752,DesInventar
2009-11-12 00:00:00,2009,Hydrological,0.145996,DesInventar
2009-11-23 00:00:00,2009,Hydrological,0.624976,DesInventar
2009-12-02 00:00:00,2009,Hydrological,0.005896,DesInventar
2009-12-25 00:00:00,2009,Hydrological,0.02948,DesInventar
2009-01-08 00:00:00,2009,Meteorological,5.25552,DesInventar
2009-02-04 00:00:00,2009,Meteorological,1.442391,DesInventar
2009-03-25 00:00:00,2009,Meteorological,0.005896,DesInventar
2009-04-28 00:00:00,2009,Meteorological,0.038912,DesInventar
2009-05-07 00:00:00,2009,Meteorological,0.017688,DesInventar
2009-05-25 00:00:00,2009,Meteorological,0.053064,DesInventar
2009-06-07 00:00:00,2009,Meteorological,0.011792,DesInventar
2009-06-19 00:00:00,2009,Meteorological,0.011792,DesInventar
2009-06-29 00:00:00,2009,Meteorological,0.182776,DesInventar
2009-07-07 00:00:00,2009,Meteorological,0.005896,DesInventar
2009-07-31 00:00:00,2009,Meteorological,0.005896,DesInventar
2009-08-22 00:00:00,2009,Meteorological,0.017688,DesInventar
2009-08-31 00:00:00,2009,Meteorological,0.035376,DesInventar
2009-09-09 00:00:00,2009,Meteorological,0.041272,DesInventar
2009-09-16 00:00:00,2009,Meteorological,0.017688,DesInventar
2009-09-27 00:00:00,2009,Meteorological,0.005896,DesInventar
2009-10-29 00:00:00,2009,Meteorological,0.005896,DesInventar
2010-01-05 00:00:00,2010,Geophysical,0.041272,DesInventar
2010-01-10 00:00:00,2010,Hydrological,0.035376,DesInventar
2010-02-19 00:00:00,2010,Hydrological,0.041272,DesInventar
2010-03-01 00:00:00,2010,Hydrological,0.094336,DesInventar
2010-03-10 00:00:00,2010,Hydrological,0.017688,DesInventar
2010-03-22 00:00:00,2010,Hydrological,0.035376,DesInventar
2010-04-01 00:00:00,2010,Hydrological,0.106128,DesInventar
2010-04-13 00:00:00,2010,Hydrological,0.017688,DesInventar
2010-04-16 00:00:00,2010,Hydrological,0.011792,DesInventar
2010-04-20 00:00:00,2010,Hydrological,0.005896,DesInventar
2010-04-28 00:00:00,2010,Hydrological,0.577808,DesInventar
2010-05-02 00:00:00,2010,Hydrological,0.011792,DesInventar
2010-05-16 00:00:00,2010,Hydrological,0.005896,DesInventar
2010-05-20 00:00:00,2010,Hydrological,0.448096,DesInventar
2010-05-23 00:00:00,2010,Hydrological,2.30126,DesInventar
2010-06-01 00:00:00,2010,Hydrological,0.577808,DesInventar
2010-06-04 00:00:00,2010,Hydrological,0.005896,DesInventar
2010-06-12 00:00:00,2010,Hydrological,0.100232,DesInventar
2010-06-15 00:00:00,2010,Hydrological,0.106128,DesInventar
2010-06-18 00:00:00,2010,Hydrological,0.123816,DesInventar
2010-06-21 00:00:00,2010,Hydrological,0.039812,DesInventar
2010-06-25 00:00:00,2010,Hydrological,0.05896,DesInventar
2010-06-29 00:00:00,2010,Hydrological,0.660352,DesInventar
2010-07-03 00:00:00,2010,Hydrological,2.028224,DesInventar
2010-07-06 00:00:00,2010,Hydrological,0.023584,DesInventar
2010-07-10 00:00:00,2010,Hydrological,0.076648,DesInventar
2010-07-15 00:00:00,2010,Hydrological,0.123816,DesInventar
2010-07-19 00:00:00,2010,Hydrological,0.636609,DesInventar
2010-07-22 00:00:00,2010,Hydrological,0.08844,DesInventar
2010-07-25 00:00:00,2010,Hydrological,0.108091,DesInventar
2010-07-28 00:00:00,2010,Hydrological,0.182074,DesInventar
2010-08-01 00:00:00,2010,Hydrological,0.123816,DesInventar
2010-08-05 00:00:00,2010,Hydrological,0.068392,DesInventar
2010-08-09 00:00:00,2010,Hydrological,0.129712,DesInventar
2010-08-13 00:00:00,2010,Hydrological,0.20636,DesInventar
2010-08-17 00:00:00,2010,Hydrological,0.229944,DesInventar
2010-08-20 00:00:00,2010,Hydrological,2.031363,DesInventar
2010-08-23 00:00:00,2010,Hydrological,0.123816,DesInventar
2010-08-26 00:00:00,2010,Hydrological,1.510544,DesInventar
2010-08-30 00:00:00,2010,Hydrological,0.212097,DesInventar
2010-09-02 00:00:00,2010,Hydrological,24.146252,DesInventar
2010-09-05 00:00:00,2010,Hydrological,0.161155,DesInventar
2010-09-08 00:00:00,2010,Hydrological,2.14299,DesInventar
2010-09-11 00:00:00,2010,Hydrological,1.585865,DesInventar
2010-09-14 00:00:00,2010,Hydrological,0.167051,DesInventar
2010-09-17 00:00:00,2010,Hydrological,0.347864,DesInventar
2010-09-20 00:00:00,2010,Hydrological,0.141504,DesInventar
2010-09-23 00:00:00,2010,Hydrological,0.17688,DesInventar
2010-09-26 00:00:00,2010,Hydrological,0.047168,DesInventar
2010-09-29 00:00:00,2010,Hydrological,0.984625,DesInventar
2010-10-02 00:00:00,2010,Hydrological,1.167249,DesInventar
2010-10-06 00:00:00,2010,Hydrological,0.017688,DesInventar
2010-10-15 00:00:00,2010,Hydrological,0.02948,DesInventar
2010-10-20 00:00:00,2010,Hydrological,0.076648,DesInventar
2010-10-24 00:00:00,2010,Hydrological,0.11792,DesInventar
2010-10-28 00:00:00,2010,Hydrological,0.141504,DesInventar
2010-10-31 00:00:00,2010,Hydrological,0.011792,DesInventar
2010-11-04 00:00:00,2010,Hydrological,0.8254,DesInventar
2010-11-08 00:00:00,2010,Hydrological,15.683353,DesInventar
2010-11-19 00:00:00,2010,Hydrological,0.070752,DesInventar
2010-12-01 00:00:00,2010,Hydrological,2.989272,DesInventar
2010-12-31 00:00:00,2010,Hydrological,0.011792,DesInventar
2010-01-07 00:00:00,2010,Meteorological,0.202427,DesInventar
2010-01-13 00:00:00,2010,Meteorological,0.035376,DesInventar
2010-02-11 00:00:00,2010,Meteorological,0.005896,DesInventar
2010-06-02 00:00:00,2010,Meteorological,0.096299,DesInventar
2010-07-21 00:00:00,2010,Meteorological,0.011792,DesInventar
2010-07-27 00:00:00,2010,Meteorological,0.02948,DesInventar
2010-08-12 00:00:00,2010,Meteorological,0.023584,DesInventar
2010-08-21 00:00:00,2010,Meteorological,0.02948,DesInventar
2010-08-31 00:00:00,2010,Meteorological,0.017688,DesInventar
2010-09-08 00:00:00,2010,Meteorological,0.060923,DesInventar
2010-09-20 00:00:00,2010,Meteorological,0.011792,DesInventar
2010-10-01 00:00:00,2010,Meteorological,0.005896,DesInventar
2010-10-17 00:00:00,2010,Meteorological,0.005896,DesInventar
2010-11-03,2010,Meteorological,319.433196,CNE
2011-01-08 00:00:00,2011,Climatological,0.116048,DesInventar
2011-02-06 00:00:00,2011,Climatological,0.023584,DesInventar
2011-03-09 00:00:00,2011,Climatological,0.021408,DesInventar
2011-03-25 00:00:00,2011,Climatological,0.136,DesInventar
2011-04-10 00:00:00,2011,Climatological,0.017,DesInventar
2011-05-04 00:00:00,2011,Climatological,0.035376,DesInventar
2011-05-27 00:00:00,2011,Climatological,0.11792,DesInventar
2011-09-23 00:00:00,2011,Climatological,0.135608,DesInventar
2011-07-12 00:00:00,2011,Geophysical,0.023584,DesInventar
2011-01-07 00:00:00,2011,Hydrological,0.005896,DesInventar
2011-01-10 00:00:00,2011,Hydrological,0.112024,DesInventar
2011-01-14 00:00:00,2011,Hydrological,0.654456,DesInventar
2011-03-01 00:00:00,2011,Hydrological,0.005896,DesInventar
2011-03-09 00:00:00,2011,Hydrological,0.035376,DesInventar
2011-04-07 00:00:00,2011,Hydrological,0.082544,DesInventar
2011-04-15 00:00:00,2011,Hydrological,0.005896,DesInventar
2011-04-21 00:00:00,2011,Hydrological,0.005896,DesInventar
2011-05-04 00:00:00,2011,Hydrological,0.005896,DesInventar
2011-05-10 00:00:00,2011,Hydrological,0.100232,DesInventar
2011-05-13 00:00:00,2011,Hydrological,0.041272,DesInventar
2011-05-16 00:00:00,2011,Hydrological,0.011792,DesInventar
2011-05-19 00:00:00,2011,Hydrological,0.011792,DesInventar
2011-05-22 00:00:00,2011,Hydrological,0.023584,DesInventar
2011-05-25 00:00:00,2011,Hydrological,0.691516,DesInventar
2011-05-30 00:00:00,2011,Hydrological,0.133638,DesInventar
2011-06-02 00:00:00,2011,Hydrological,0.226011,DesInventar
2011-06-05 00:00:00,2011,Hydrological,0.060923,DesInventar
2011-06-13 00:00:00,2011,Hydrological,0.08844,DesInventar
2011-06-18 00:00:00,2011,Hydrological,0.023584,DesInventar
2011-06-21 00:00:00,2011,Hydrological,0.070752,DesInventar
2011-06-24 00:00:00,2011,Hydrological,0.153296,DesInventar
2011-06-28 00:00:00,2011,Hydrological,0.082385,DesInventar
2011-07-01 00:00:00,2011,Hydrological,0.017688,DesInventar
2011-07-04 00:00:00,2011,Hydrological,0.094336,DesInventar
2011-07-11 00:00:00,2011,Hydrological,0.365552,DesInventar
2011-07-14 00:00:00,2011,Hydrological,0.02948,DesInventar
2011-07-17 00:00:00,2011,Hydrological,0.041272,DesInventar
2011-07-20 00:00:00,2011,Hydrological,0.005896,DesInventar
2011-07-27 00:00:00,2011,Hydrological,0.224048,DesInventar
2011-07-30 00:00:00,2011,Hydrological,0.005896,DesInventar
2011-08-04 00:00:00,2011,Hydrological,0.02948,DesInventar
2011-08-09 00:00:00,2011,Hydrological,0.005896,DesInventar
2011-08-13 00:00:00,2011,Hydrological,0.041272,DesInventar
2011-08-16 00:00:00,2011,Hydrological,0.159192,DesInventar
2011-08-19 00:00:00,2011,Hydrological,0.053064,DesInventar
2011-08-22 00:00:00,2011,Hydrological,0.023584,DesInventar
2011-08-25 00:00:00,2011,Hydrological,0.072715,DesInventar
2011-08-28 00:00:00,2011,Hydrological,0.297888,DesInventar
2011-09-02 00:00:00,2011,Hydrological,1.426832,DesInventar
2011-09-05 00:00:00,2011,Hydrological,0.072715,DesInventar
2011-09-11 00:00:00,2011,Hydrological,0.023584,DesInventar
2011-09-15 00:00:00,2011,Hydrological,0.359656,DesInventar
2011-09-18 00:00:00,2011,Hydrological,0.727451,DesInventar
2011-09-21 00:00:00,2011,Hydrological,0.011792,DesInventar
2011-09-24 00:00:00,2011,Hydrological,0.11792,DesInventar
2011-09-28 00:00:00,2011,Hydrological,0.388977,DesInventar
2011-10-01 00:00:00,2011,Hydrological,0.05896,DesInventar
2011-10-04 00:00:00,2011,Hydrological,0.284176,DesInventar
2011-10-07 00:00:00,2011,Hydrological,1.26764,DesInventar
2011-10-10 00:00:00,2011,Hydrological,2.050624,DesInventar
2011-10-13 00:00:00,2011,Hydrological,0.512327,DesInventar
2011-10-16 00:00:00,2011,Hydrological,0.106128,DesInventar
2011-10-19 00:00:00,2011,Hydrological,16.4652,DesInventar
2011-10-22 00:00:00,2011,Hydrological,0.1474,DesInventar
2011-10-25 00:00:00,2011,Hydrological,0.08844,DesInventar
2011-10-28 00:00:00,2011,Hydrological,0.02948,DesInventar
2011-11-02 00:00:00,2011,Hydrological,0.005896,DesInventar
2011-11-07 00:00:00,2011,Hydrological,0.02948,DesInventar
2011-11-13 00:00:00,2011,Hydrological,0.141504,DesInventar
2011-11-16 00:00:00,2011,Hydrological,0.336072,DesInventar
2011-11-25 00:00:00,2011,Hydrological,0.123816,DesInventar
2011-11-30 00:00:00,2011,Hydrological,0.005896,DesInventar
2011-12-12 00:00:00,2011,Hydrological,1.098172,DesInventar
2011-12-17 00:00:00,2011,Hydrological,0.860816,DesInventar
2011-12-24 00:00:00,2011,Hydrological,0.53064,DesInventar
2011-01-11 00:00:00,2011,Meteorological,0.094336,DesInventar
2011-02-05 00:00:00,2011,Meteorological,0.005896,DesInventar
2011-03-09 00:00:00,2011,Meteorological,0.005896,DesInventar
2011-04-04 00:00:00,2011,Meteorological,0.005896,DesInventar
2011-05-06 00:00:00,2011,Meteorological,0.011792,DesInventar
2011-05-12 00:00:00,2011,Meteorological,0.017688,DesInventar
2011-05-19 00:00:00,2011,Meteorological,0.005896,DesInventar
2011-05-31 00:00:00,2011,Meteorological,0.011792,DesInventar
2011-06-09 00:00:00,2011,Meteorological,0.005896,DesInventar
2011-06-24 00:00:00,2011,Meteorological,0.005896,DesInventar
2011-07-11 00:00:00,2011,Meteorological,0.011792,DesInventar
2011-07-31 00:00:00,2011,Meteorological,0.11792,DesInventar
2011-08-07 00:00:00,2011,Meteorological,0.005896,DesInventar
2011-08-27 00:00:00,2011,Meteorological,0.017688,DesInventar
2011-09-03 00:00:00,2011,Meteorological,0.041272,DesInventar
2011-09-24 00:00:00,2011,Meteorological,0.041272,DesInventar
2011-10-20 00:00:00,2011,Meteorological,0.02541,DesInventar
2011-10-30 00:00:00,2011,Meteorological,0.005896,DesInventar
2011-11-24 00:00:00,2011,Meteorological,0.005896,DesInventar
2011-12-13 00:00:00,2011,Meteorological,0.011792,DesInventar
2011-12-26 00:00:00,2011,Meteorological,0.035217,DesInventar
2012-04-07 00:00:00,2012,Climatological,0.05896,DesInventar
2012-09-27 00:00:00,2012,Climatological,0.005896,DesInventar
2012-01-01 00:00:00,2012,Geophysical,0.005896,DesInventar
2012-02-13 00:00:00,2012,Geophysical,0.005896,DesInventar
2012-09-05 00:00:00,2012,Geophysical,106.18370063,DesInventar
2012-01-03 00:00:00,2012,Hydrological,0.005896,DesInventar
2012-01-06 00:00:00,2012,Hydrological,0.005896,DesInventar
2012-01-21 00:00:00,2012,Hydrological,0.017688,DesInventar
2012-02-18 00:00:00,2012,Hydrological,0.134424,DesInventar
2012-02-21 00:00:00,2012,Hydrological,0.005896,DesInventar
2012-04-04 00:00:00,2012,Hydrological,0.076648,DesInventar
2012-04-12 00:00:00,2012,Hydrological,0.005896,DesInventar
2012-04-17 00:00:00,2012,Hydrological,0.017688,DesInventar
2012-04-20 00:00:00,2012,Hydrological,0.041272,DesInventar
2012-04-23 00:00:00,2012,Hydrological,0.055027,DesInventar
2012-05-01 00:00:00,2012,Hydrological,0.005896,DesInventar
2012-05-05 00:00:00,2012,Hydrological,0.200464,DesInventar
2012-05-08 00:00:00,2012,Hydrological,0.011792,DesInventar
2012-05-12 00:00:00,2012,Hydrological,0.005896,DesInventar
2012-05-18 00:00:00,2012,Hydrological,0.131675,DesInventar
2012-05-21 00:00:00,2012,Hydrological,0.237803,DesInventar
2012-05-24 00:00:00,2012,Hydrological,0.017688,DesInventar
2012-05-27 00:00:00,2012,Hydrological,0.02948,DesInventar
2012-05-30 00:00:00,2012,Hydrological,0.202427,DesInventar
2012-06-02 00:00:00,2012,Hydrological,0.044808,DesInventar
2012-06-06 00:00:00,2012,Hydrological,0.023584,DesInventar
2012-06-11 00:00:00,2012,Hydrological,0.16958,DesInventar
2012-06-16 00:00:00,2012,Hydrological,0.017688,DesInventar
2012-06-21 00:00:00,2012,Hydrological,0.300537,DesInventar
2012-06-24 00:00:00,2012,Hydrological,0.084507,DesInventar
2012-06-27 00:00:00,2012,Hydrological,0.151892,DesInventar
2012-07-04 00:00:00,2012,Hydrological,0.300696,DesInventar
2012-07-22 00:00:00,2012,Hydrological,0.011792,DesInventar
2012-07-27 00:00:00,2012,Hydrological,3.054907,DesInventar
2012-08-04 00:00:00,2012,Hydrological,0.129712,DesInventar
2012-08-07 00:00:00,2012,Hydrological,0.178843,DesInventar
2012-08-10 00:00:00,2012,Hydrological,0.341968,DesInventar
2012-08-15 00:00:00,2012,Hydrological,0.184739,DesInventar
2012-08-19 00:00:00,2012,Hydrological,0.017688,DesInventar
2012-08-22 00:00:00,2012,Hydrological,0.0566,DesInventar
2012-08-29 00:00:00,2012,Hydrological,0.652096,DesInventar
2012-09-04 00:00:00,2012,Hydrological,0.12562,DesInventar
2012-09-07 00:00:00,2012,Hydrological,0.023584,DesInventar
2012-09-12 00:00:00,2012,Hydrological,0.02948,DesInventar
2012-09-15 00:00:00,2012,Hydrological,0.100232,DesInventar
2012-09-21 00:00:00,2012,Hydrological,0.153296,DesInventar
2012-09-26 00:00:00,2012,Hydrological,0.178446,DesInventar
2012-09-29 00:00:00,2012,Hydrological,0.436304,DesInventar
2012-10-07 00:00:00,2012,Hydrological,0.035376,DesInventar
2012-10-10 00:00:00,2012,Hydrological,0.005896,DesInventar
2012-10-13 00:00:00,2012,Hydrological,0.005896,DesInventar
2012-10-16 00:00:00,2012,Hydrological,0.389136,DesInventar
2012-10-21 00:00:00,2012,Hydrological,0.229547,DesInventar
2012-10-24 00:00:00,2012,Hydrological,0.053064,DesInventar
2012-10-29 00:00:00,2012,Hydrological,0.005896,DesInventar
2012-11-01 00:00:00,2012,Hydrological,0.1474,DesInventar
2012-11-11 00:00:00,2012,Hydrological,0.02948,DesInventar
2012-11-14 00:00:00,2012,Hydrological,0.00121,DesInventar
2012-11-19 00:00:00,2012,Hydrological,0.011792,DesInventar
2012-11-22 00:00:00,2012,Hydrological,0.011792,DesInventar
2012-11-26 00:00:00,2012,Hydrological,0.033016,DesInventar
2012-11-29 00:00:00,2012,Hydrological,0.011792,DesInventar
2012-12-05 00:00:00,2012,Hydrological,0.005896,DesInventar
2012-01-15 00:00:00,2012,Meteorological,0.035376,DesInventar
2012-02-14 00:00:00,2012,Meteorological,0.005896,DesInventar
2012-02-28 00:00:00,2012,Meteorological,0.005896,DesInventar
2012-03-05 00:00:00,2012,Meteorological,0.023584,DesInventar
2012-03-17 00:00:00,2012,Meteorological,0.005896,DesInventar
2012-03-24 00:00:00,2012,Meteorological,0.023584,DesInventar
2012-04-02 00:00:00,2012,Meteorological,0.005896,DesInventar
2012-04-17 00:00:00,2012,Meteorological,0.005896,DesInventar
2012-05-28 00:00:00,2012,Meteorological,0.017688,DesInventar
2012-06-05 00:00:00,2012,Meteorological,0.005896,DesInventar
2012-06-16 00:00:00,2012,Meteorological,0.070752,DesInventar
2012-06-28 00:00:00,2012,Meteorological,0.005896,DesInventar
2012-07-08 00:00:00,2012,Meteorological,0.005896,DesInventar
2012-07-24 00:00:00,2012,Meteorological,0.048868,DesInventar
2012-08-17 00:00:00,2012,Meteorological,0.113987,DesInventar
2012-08-29 00:00:00,2012,Meteorological,0.091976,DesInventar
2012-09-04 00:00:00,2012,Meteorological,0.005896,DesInventar
2012-09-10 00:00:00,2012,Meteorological,0.082544,DesInventar
2012-09-16 00:00:00,2012,Meteorological,0.044808,DesInventar
2012-09-24 00:00:00,2012,Meteorological,0.011792,DesInventar
2012-10-08 00:00:00,2012,Meteorological,0.011792,DesInventar
2012-10-24 00:00:00,2012,Meteorological,0.038912,DesInventar
2012-11-22 00:00:00,2012,Meteorological,0.08372,DesInventar
2012-12-20 00:00:00,2012,Meteorological,0.023584,DesInventar
2012-12-29 00:00:00,2012,Meteorological,0.011792,DesInventar
2013-01-04 00:00:00,2013,Climatological,0.104944,DesInventar
2013-01-15 00:00:00,2013,Hydrological,0.4203,DesInventar
2013-02-11 00:00:00,2013,Hydrological,0.011792,DesInventar
2013-02-18 00:00:00,2013,Hydrological,0.011792,DesInventar
2013-03-05 00:00:00,2013,Hydrological,0.2948,DesInventar
2013-03-19 00:00:00,2013,Hydrological,0.017688,DesInventar
2013-04-04 00:00:00,2013,Hydrological,0.005896,DesInventar
2013-04-15 00:00:00,2013,Hydrological,0.005896,DesInventar
2013-05-03 00:00:00,2013,Hydrological,0.016812,DesInventar
2013-05-21 00:00:00,2013,Hydrological,0.18458,DesInventar
2013-05-24 00:00:00,2013,Hydrological,0.017688,DesInventar
2013-05-28 00:00:00,2013,Hydrological,0.082544,DesInventar
2013-06-01 00:00:00,2013,Hydrological,0.167051,DesInventar
2013-06-05 00:00:00,2013,Hydrological,0.053064,DesInventar
2013-06-10 00:00:00,2013,Hydrological,0.041272,DesInventar
2013-06-14 00:00:00,2013,Hydrological,0.05896,DesInventar
2013-06-18 00:00:00,2013,Hydrological,0.088281,DesInventar
2013-06-24 00:00:00,2013,Hydrological,0.044808,DesInventar
2013-06-30 00:00:00,2013,Hydrological,0.035376,DesInventar
2013-07-03 00:00:00,2013,Hydrological,0.023584,DesInventar
2013-07-10 00:00:00,2013,Hydrological,0.017688,DesInventar
2013-07-26 00:00:00,2013,Hydrological,0.047168,DesInventar
2013-08-03 00:00:00,2013,Hydrological,0.90796,DesInventar
2013-08-08 00:00:00,2013,Hydrological,0.005896,DesInventar
2013-08-12 00:00:00,2013,Hydrological,0.02948,DesInventar
2013-08-15 00:00:00,2013,Hydrological,0.05896,DesInventar
2013-08-18 00:00:00,2013,Hydrological,0.041272,DesInventar
2013-08-22 00:00:00,2013,Hydrological,0.316414,DesInventar
2013-08-25 00:00:00,2013,Hydrological,0.08844,DesInventar
2013-08-31 00:00:00,2013,Hydrological,0.421755,DesInventar
2013-09-04 00:00:00,2013,Hydrological,0.455955,DesInventar
2013-09-10 00:00:00,2013,Hydrological,0.108091,DesInventar
2013-09-13 00:00:00,2013,Hydrological,0.100232,DesInventar
2013-09-16 00:00:00,2013,Hydrological,0.815452,DesInventar
2013-09-19 00:00:00,2013,Hydrological,0.082544,DesInventar
2013-09-22 00:00:00,2013,Hydrological,0.023584,DesInventar
2013-09-25 00:00:00,2013,Hydrological,0.170984,DesInventar
2013-09-28 00:00:00,2013,Hydrological,0.277112,DesInventar
2013-10-01 00:00:00,2013,Hydrological,0.815611,DesInventar
2013-10-05 00:00:00,2013,Hydrological,0.283008,DesInventar
2013-10-09 00:00:00,2013,Hydrological,0.035376,DesInventar
2013-10-12 00:00:00,2013,Hydrological,0.011792,DesInventar
2013-10-16 00:00:00,2013,Hydrological,0.005896,DesInventar
2013-10-19 00:00:00,2013,Hydrological,0.341968,DesInventar
2013-10-22 00:00:00,2013,Hydrological,0.106128,DesInventar
2013-10-25 00:00:00,2013,Hydrological,0.094336,DesInventar
2013-10-28 00:00:00,2013,Hydrological,1.273536,DesInventar
2013-11-01 00:00:00,2013,Hydrological,0.02948,DesInventar
2013-11-05 00:00:00,2013,Hydrological,0.05896,DesInventar
2013-11-08 00:00:00,2013,Hydrological,0.253528,DesInventar
2013-11-13 00:00:00,2013,Hydrological,0.02948,DesInventar
2013-11-28 00:00:00,2013,Hydrological,0.106128,DesInventar
2013-12-01 00:00:00,2013,Hydrological,0.005896,DesInventar
2013-12-10 00:00:00,2013,Hydrological,0.005896,DesInventar
2013-12-13 00:00:00,2013,Hydrological,0.08844,DesInventar
2013-02-14 00:00:00,2013,Meteorological,0.005896,DesInventar
2013-03-01 00:00:00,2013,Meteorological,0.237803,DesInventar
2013-03-07 00:00:00,2013,Meteorological,0.005896,DesInventar
2013-03-21 00:00:00,2013,Meteorological,0.005896,DesInventar
2013-03-30 00:00:00,2013,Meteorological,0.005896,DesInventar
2013-04-19 00:00:00,2013,Meteorological,0.005896,DesInventar
2013-05-09 00:00:00,2013,Meteorological,0.011792,DesInventar
2013-05-28 00:00:00,2013,Meteorological,0.005896,DesInventar
2013-06-04 00:00:00,2013,Meteorological,0.064856,DesInventar
2013-06-17 00:00:00,2013,Meteorological,0.02948,DesInventar
2013-06-28 00:00:00,2013,Meteorological,0.014212,DesInventar
2013-07-10 00:00:00,2013,Meteorological,0.005896,DesInventar
2013-07-21 00:00:00,2013,Meteorological,0.431584,DesInventar
2013-07-27 00:00:00,2013,Meteorological,0.208323,DesInventar
2013-08-03 00:00:00,2013,Meteorological,0.005896,DesInventar
2013-08-24 00:00:00,2013,Meteorological,0.047168,DesInventar
2013-09-09 00:00:00,2013,Meteorological,0.017688,DesInventar
2013-09-20 00:00:00,2013,Meteorological,0.02948,DesInventar
2013-09-30 00:00:00,2013,Meteorological,0.005896,DesInventar
2013-10-16 00:00:00,2013,Meteorological,0.011792,DesInventar
2013-10-25 00:00:00,2013,Meteorological,0.005896,DesInventar
2013-11-11 00:00:00,2013,Meteorological,0.02948,DesInventar
2013-11-18 00:00:00,2013,Meteorological,0.005896,DesInventar
2013-11-28 00:00:00,2013,Meteorological,0.023584,DesInventar
2013-12-15 00:00:00,2013,Meteorological,0.005896,DesInventar
2014-07-14 00:00:00,2014,Climatological,0.005896,DesInventar
2014-09-30 00:00:00,2014,Climatological,8.12847259985583,DesInventar
2014-10-30 00:00:00,2014,Geophysical,4.32594,DesInventar
2014-11-03 00:00:00,2014,Geophysical,0.165081,DesInventar
2014-01-07 00:00:00,2014,Hydrological,0.005896,DesInventar
2014-02-28 00:00:00,2014,Hydrological,0.005896,DesInventar
2014-03-22 00:00:00,2014,Hydrological,1.401,DesInventar
2014-04-07 00:00:00,2014,Hydrological,0.017688,DesInventar
2014-04-15 00:00:00,2014,Hydrological,0.005896,DesInventar
2014-04-21 00:00:00,2014,Hydrological,0.005896,DesInventar
2014-04-28 00:00:00,2014,Hydrological,0.017688,DesInventar
2014-05-01 00:00:00,2014,Hydrological,0.005896,DesInventar
2014-05-05 00:00:00,2014,Hydrological,1.554296,DesInventar
2014-05-09 00:00:00,2014,Hydrological,1.849096,DesInventar
2014-05-12 00:00:00,2014,Hydrological,0.005896,DesInventar
2014-05-15 00:00:00,2014,Hydrological,0.082544,DesInventar
2014-05-23 00:00:00,2014,Hydrological,1.654528,DesInventar
2014-05-26 00:00:00,2014,Hydrological,1.457562321127167,DesInventar
2014-05-29 00:00:00,2014,Hydrological,2.819688,DesInventar
2014-06-01 00:00:00,2014,Hydrological,0.011792,DesInventar
2014-06-04 00:00:00,2014,Hydrological,0.20636,DesInventar
2014-06-08 00:00:00,2014,Hydrological,0.090403,DesInventar
2014-06-12 00:00:00,2014,Hydrological,0.1474,DesInventar
2014-06-15 00:00:00,2014,Hydrological,1.007092,DesInventar
2014-06-18 00:00:00,2014,Hydrological,1.308912,DesInventar
2014-06-23 00:00:00,2014,Hydrological,0.02948,DesInventar
2014-06-26 00:00:00,2014,Hydrological,0.082544,DesInventar
2014-07-01 00:00:00,2014,Hydrological,0.47168,DesInventar
2014-07-04 00:00:00,2014,Hydrological,2.3963,DesInventar
2014-07-07 00:00:00,2014,Hydrological,0.271216,DesInventar
2014-07-10 00:00:00,2014,Hydrological,2.110768,DesInventar
2014-07-14 00:00:00,2014,Hydrological,0.571912,DesInventar
2014-07-17 00:00:00,2014,Hydrological,0.571912,DesInventar
2014-07-20 00:00:00,2014,Hydrological,0.697691,DesInventar
2014-07-23 00:00:00,2014,Hydrological,0.070752,DesInventar
2014-07-26 00:00:00,2014,Hydrological,0.212256,DesInventar
2014-08-01 00:00:00,2014,Hydrological,0.178843,DesInventar
2014-08-11 00:00:00,2014,Hydrological,0.360832,DesInventar
2014-08-15 00:00:00,2014,Hydrological,0.1474,DesInventar
2014-08-20 00:00:00,2014,Hydrological,0.035376,DesInventar
2014-08-23 00:00:00,2014,Hydrological,1.401,DesInventar
2014-08-28 00:00:00,2014,Hydrological,0.05896,DesInventar
2014-09-04 00:00:00,2014,Hydrological,0.818133,DesInventar
2014-09-10 00:00:00,2014,Hydrological,11.23748,DesInventar
2014-09-13 00:00:00,2014,Hydrological,3.156488,DesInventar
2014-09-16 00:00:00,2014,Hydrological,22.569296,DesInventar
2014-09-19 00:00:00,2014,Hydrological,1.401,DesInventar
2014-09-25 00:00:00,2014,Hydrological,0.277671,DesInventar
2014-09-29 00:00:00,2014,Hydrological,0.047168,DesInventar
2014-10-02 00:00:00,2014,Hydrological,0.184739,DesInventar
2014-10-05 00:00:00,2014,Hydrological,2.427743,DesInventar
2014-10-08 00:00:00,2014,Hydrological,2.749429,DesInventar
2014-10-11 00:00:00,2014,Hydrological,0.106128,DesInventar
2014-10-16 00:00:00,2014,Hydrological,3.346116,DesInventar
2014-10-20 00:00:00,2014,Hydrological,3.659336,DesInventar
2014-10-30 00:00:00,2014,Hydrological,1.424584,DesInventar
2014-11-03 00:00:00,2014,Hydrological,0.630872,DesInventar
2014-11-07 00:00:00,2014,Hydrological,0.094336,DesInventar
2014-11-10 00:00:00,2014,Hydrological,0.011792,DesInventar
2014-11-13 00:00:00,2014,Hydrological,0.053064,DesInventar
2014-11-19 00:00:00,2014,Hydrological,1.546996,DesInventar
2014-12-03 00:00:00,2014,Hydrological,0.082544,DesInventar
2014-12-07 00:00:00,2014,Hydrological,0.023584,DesInventar
2014-12-13 00:00:00,2014,Hydrological,0.053064,DesInventar
2014-01-09 00:00:00,2014,Meteorological,0.07005,DesInventar
2014-01-22 00:00:00,2014,Meteorological,0.005896,DesInventar
2014-02-09 00:00:00,2014,Meteorological,0.005896,DesInventar
2014-02-15 00:00:00,2014,Meteorological,0.724084,DesInventar
2014-02-24 00:00:00,2014,Meteorological,0.035376,DesInventar
2014-03-02 00:00:00,2014,Meteorological,0.005896,DesInventar
2014-03-14 00:00:00,2014,Meteorological,0.011792,DesInventar
2014-03-24 00:00:00,2014,Meteorological,0.102195,DesInventar
2014-04-02 00:00:00,2014,Meteorological,0.005896,DesInventar
2014-04-08 00:00:00,2014,Meteorological,0.100232,DesInventar
2014-05-01 00:00:00,2014,Meteorological,0.041272,DesInventar
2014-06-14 00:00:00,2014,Meteorological,1.48944,DesInventar
2014-06-27 00:00:00,2014,Meteorological,0.017688,DesInventar
2014-07-09 00:00:00,2014,Meteorological,0.011792,DesInventar
2014-07-17 00:00:00,2014,Meteorological,0.017688,DesInventar
2014-08-12 00:00:00,2014,Meteorological,0.023584,DesInventar
2014-09-04 00:00:00,2014,Meteorological,0.035376,DesInventar
2014-09-10 00:00:00,2014,Meteorological,0.017688,DesInventar
2014-10-02 00:00:00,2014,Meteorological,0.411875,DesInventar
2014-10-08 00:00:00,2014,Meteorological,0.041113,DesInventar
2014-11-28 00:00:00,2014,Meteorological,0.011792,DesInventar
2014-12-26 00:00:00,2014,Meteorological,0.005896,DesInventar
2015-01-01 00:00:00,2015,Hydrological,11.914396,DesInventar
2015-01-29 00:00:00,2015,Hydrological,0.147105,DesInventar
2015-02-17 00:00:00,2015,Hydrological,0.737,DesInventar
2015-05-15 00:00:00,2015,Hydrological,0.033016,DesInventar
2015-05-25 00:00:00,2015,Hydrological,0.17688,DesInventar
2015-07-13 00:00:00,2015,Hydrological,0.047168,DesInventar
2015-07-24 00:00:00,2015,Hydrological,4.00686,DesInventar
2015-07-30 00:00:00,2015,Hydrological,0.005896,DesInventar
2015-08-22 00:00:00,2015,Hydrological,0.041272,DesInventar
2015-10-10 00:00:00,2015,Hydrological,0.188672,DesInventar
2015-10-27 00:00:00,2015,Hydrological,0.82347,DesInventar
2015-11-04 00:00:00,2015,Hydrological,0.023584,DesInventar
2015-11-10 00:00:00,2015,Hydrological,0.226011,DesInventar
2015-01-08 00:00:00,2015,Meteorological,0.038912,DesInventar
2015-02-14 00:00:00,2015,Meteorological,0.005896,DesInventar
2015-04-28 00:00:00,2015,Meteorological,0.053064,DesInventar
2015-06-21 00:00:00,2015,Meteorological,0.08844,DesInventar
2015-08-29 00:00:00,2015,Meteorological,0.023584,DesInventar
2016-03-18 00:00:00,2016,Climatological,0.179232,DesInventar
2016-01-01 00:00:00,2016,Geophysical,0.017688,DesInventar
2016-05-18 00:00:00,2016,Geophysical,0.440216,DesInventar
2016-11-30 00:00:00,2016,Geophysical,0.194568,DesInventar
2016-03-14 00:00:00,2016,Hydrological,0.011792,DesInventar
2016-04-20 00:00:00,2016,Hydrological,0.023584,DesInventar
2016-04-28 00:00:00,2016,Hydrological,0.033016,DesInventar
2016-05-03 00:00:00,2016,Hydrological,0.02948,DesInventar
2016-05-07 00:00:00,2016,Hydrological,0.017688,DesInventar
2016-06-01 00:00:00,2016,Hydrological,0.244088,DesInventar
2016-06-05 00:00:00,2016,Hydrological,0.02948,DesInventar
2016-06-10 00:00:00,2016,Hydrological,0.448096,DesInventar
2016-06-13 00:00:00,2016,Hydrological,0.023584,DesInventar
2016-06-18 00:00:00,2016,Hydrological,0.173177,DesInventar
2016-07-17 00:00:00,2016,Hydrological,0.068233,DesInventar
2016-07-21 00:00:00,2016,Hydrological,0.033016,DesInventar
2016-07-25 00:00:00,2016,Hydrological,0.229944,DesInventar
2016-08-26 00:00:00,2016,Hydrological,0.041272,DesInventar
2016-09-13 00:00:00,2016,Hydrological,0.577808,DesInventar
2016-09-23 00:00:00,2016,Hydrological,0.066819,DesInventar
2016-10-07 00:00:00,2016,Hydrological,0.23584,DesInventar
2016-10-17 00:00:00,2016,Hydrological,0.076648,DesInventar
2016-11-24 00:00:00,2016,Hydrological,161.31426970489912,DesInventar
2016-02-09 00:00:00,2016,Meteorological,0.028791701621581723,DesInventar
2016-02-22 00:00:00,2016,Meteorological,0.14395850810790858,DesInventar
2016-07-13 00:00:00,2016,Meteorological,0.044808,DesInventar
2016-08-02 00:00:00,2016,Meteorological,0.011792,DesInventar
2016-11-24 00:00:00,2016,Meteorological,26.920215,DesInventar
2017-05-18 00:00:00,2017,Hydrological,0.035217,DesInventar
2017-05-26 00:00:00,2017,Hydrological,0.833164,DesInventar
2017-05-30 00:00:00,2017,Hydrological,0.055027,DesInventar
2017-06-05 00:00:00,2017,Hydrological,0.271057,DesInventar
2017-06-09 00:00:00,2017,Hydrological,0.11792,DesInventar
2017-06-15 00:00:00,2017,Hydrological,0.274744,DesInventar
2017-06-19 00:00:00,2017,Hydrological,0.011792,DesInventar
2017-07-30 00:00:00,2017,Hydrological,0.053064,DesInventar
2017-08-21 00:00:00,2017,Hydrological,1.332496,DesInventar
2017-08-24 00:00:00,2017,Hydrological,0.099048,DesInventar
2017-08-30 00:00:00,2017,Hydrological,1.431504,DesInventar
2017-09-09 00:00:00,2017,Hydrological,0.053064,DesInventar
2017-09-14 00:00:00,2017,Hydrological,0.02948,DesInventar
2017-09-17 00:00:00,2017,Hydrological,0.023584,DesInventar
2017-09-22 00:00:00,2017,Hydrological,2.418472,DesInventar
2017-09-26 00:00:00,2017,Hydrological,0.060923,DesInventar
2017-09-29 00:00:00,2017,Hydrological,0.286226,DesInventar
2017-10-05 00:00:00,2017,Hydrological,610.54647678,DesInventar
2017-10-25 00:00:00,2017,Hydrological,0.038912,DesInventar
2017-11-13 00:00:00,2017,Hydrological,0.005896,DesInventar
2017-11-24 00:00:00,2017,Hydrological,10.6476,DesInventar
2017-01-10 00:00:00,2017,Meteorological,0.02948,DesInventar
2017-06-19 00:00:00,2017,Meteorological,0.110054,DesInventar
2017-08-23 00:00:00,2017,Meteorological,0.2948,DesInventar
2017-09-09 00:00:00,2017,Meteorological,0.005896,DesInventar
2017-10-05 00:00:00,2017,Meteorological,0.195156,DesInventar
2017-12-10 00:00:00,2017,Meteorological,0.066819,DesInventar
2018-05-31 00:00:00,2018,Climatological,0.033016,DesInventar
2018-01-14 00:00:00,2018,Hydrological,0.1474,DesInventar
2018-03-19 00:00:00,2018,Hydrological,0.035376,DesInventar
2018-04-07 00:00:00,2018,Hydrological,0.011792,DesInventar
2018-05-17 00:00:00,2018,Hydrological,0.011792,DesInventar
2018-05-27 00:00:00,2018,Hydrological,0.514915,DesInventar
2018-05-30 00:00:00,2018,Hydrological,0.236619,DesInventar
2018-06-12 00:00:00,2018,Hydrological,0.053064,DesInventar
2018-06-19 00:00:00,2018,Hydrological,0.966937,DesInventar
2018-06-28 00:00:00,2018,Hydrological,0.33016,DesInventar
2018-07-02 00:00:00,2018,Hydrological,0.035376,DesInventar
2018-07-13 00:00:00,2018,Hydrological,1.491707,DesInventar
2018-07-16 00:00:00,2018,Hydrological,4.618554,DesInventar
2018-07-19 00:00:00,2018,Hydrological,1.84107,DesInventar
2018-07-23 00:00:00,2018,Hydrological,1.336032,DesInventar
2018-07-26 00:00:00,2018,Hydrological,0.831336,DesInventar
2018-07-29 00:00:00,2018,Hydrological,0.182776,DesInventar
2018-08-01 00:00:00,2018,Hydrological,0.035217,DesInventar
2018-08-04 00:00:00,2018,Hydrological,0.2948,DesInventar
2018-08-11 00:00:00,2018,Hydrological,0.055027,DesInventar
2018-08-15 00:00:00,2018,Hydrological,0.135608,DesInventar
2018-09-01 00:00:00,2018,Hydrological,0.6495411464450331,DesInventar
2018-09-10 00:00:00,2018,Hydrological,0.123816,DesInventar
2018-09-28 00:00:00,2018,Hydrological,0.005896,DesInventar
2018-10-04 00:00:00,2018,Hydrological,3.279846,DesInventar
2018-10-12 00:00:00,2018,Hydrological,0.517444,DesInventar
2018-01-04 00:00:00,2018,Meteorological,0.005896,DesInventar
2018-05-29 00:00:00,2018,Meteorological,0.094177,DesInventar
2018-07-16 00:00:00,2018,Meteorological,0.10825685774083886,DesInventar
2019-06-27 00:00:00,2019,Geophysical,0.011792,DesInventar
2019-01-29 00:00:00,2019,Hydrological,0.1401,DesInventar
2019-04-11 00:00:00,2019,Hydrological,0.047168,DesInventar
2019-05-17 00:00:00,2019,Hydrological,0.011792,DesInventar
2019-05-20 00:00:00,2019,Hydrological,0.038912,DesInventar
2019-07-08 00:00:00,2019,Hydrological,2.44684,DesInventar
2019-07-15 00:00:00,2019,Hydrological,9.286752,DesInventar
2019-09-09 00:00:00,2019,Hydrological,1.931496,DesInventar
2019-09-21 00:00:00,2019,Hydrological,0.047168,DesInventar
2019-09-25 00:00:00,2019,Hydrological,0.106128,DesInventar
2019-09-28 00:00:00,2019,Hydrological,0.16508,DesInventar
2019-10-01 00:00:00,2019,Hydrological,0.023584,DesInventar
2019-10-15 00:00:00,2019,Hydrological,0.076648,DesInventar
2019-11-24 00:00:00,2019,Hydrological,1.1208,DesInventar
2019-03-07 00:00:00,2019,Meteorological,0.033016,DesInventar
2019-03-26 00:00:00,2019,Meteorological,0.005896,DesInventar
2019-05-17 00:00:00,2019,Meteorological,0.17688,DesInventar
2019-08-30 00:00:00,2019,Meteorological,0.035376,DesInventar
2019-09-05,2019,Climatological,61.069826,CNE
2020-10-31,2020,Meteorological,230.199971,CNE
2021-07-22,2021,Meteorological,365.500242,CNE
2022-07-01,2022,Meteorological,86.990805,CNE
